Name,Education Qualification,Gender,Community,Religion,Exservice-men,Disability,Sports,Annual-Percentage,Income,India,Outcome
Scholarship Scheme 1,Doctorate,Male,OBC,Sikh,No,Yes,No,61.83,Low,Yes,0
Scholarship Scheme 2,High School,Male,General,Hindu,No,No,Yes,84.55,High,Yes,0
Scholarship Scheme 3,Undergraduate,Male,OBC,Muslim,No,Yes,No,88.91,Medium,Yes,1
Scholarship Scheme 4,Doctorate,Male,OBC,Christian,Yes,Yes,No,61.93,Low,Yes,0
Scholarship Scheme 5,Doctorate,Male,ST,Christian,No,Yes,No,62.82,Medium,Yes,0
Scholarship Scheme 6,High School,All,OBC,Hindu,No,No,No,65.33,High,Yes,1
Scholarship Scheme 7,Undergraduate,Male,ST,Muslim,No,Yes,No,79.84,Low,Yes,1
Scholarship Scheme 8,Undergraduate,Male,ST,Hindu,Yes,No,Yes,58.57,Medium,Yes,1
Scholarship Scheme 9,Doctorate,All,SC,Muslim,No,No,Yes,55.2,Low,Yes,1
Scholarship Scheme 10,Postgraduate,All,SC,Hindu,No,No,No,83.88,High,Yes,0
Scholarship Scheme 11,Doctorate,All,General,Sikh,No,Yes,Yes,88.88,High,Yes,1
Scholarship Scheme 12,Doctorate,All,OBC,Hindu,Yes,No,No,75.0,High,Yes,0
Scholarship Scheme 13,Doctorate,All,General,Christian,No,Yes,No,68.16,High,Yes,1
Scholarship Scheme 14,Doctorate,All,OBC,Christian,Yes,Yes,No,71.56,Low,Yes,1
Scholarship Scheme 15,High School,Male,SC,Christian,Yes,Yes,No,69.38,Low,Yes,1
Scholarship Scheme 16,Undergraduate,Male,SC,Hindu,Yes,Yes,Yes,97.9,Medium,Yes,1
Scholarship Scheme 17,High School,Female,OBC,Christian,Yes,No,Yes,88.33,Medium,Yes,0
Scholarship Scheme 18,High School,Male,OBC,Christian,No,No,No,60.38,Low,Yes,0
Scholarship Scheme 19,High School,Male,SC,Sikh,Yes,No,Yes,69.17,Low,Yes,1
Scholarship Scheme 20,Doctorate,All,SC,Sikh,Yes,No,No,77.15,Medium,Yes,0
Scholarship Scheme 21,Postgraduate,All,General,Muslim,No,Yes,Yes,80.59,Low,Yes,0
Scholarship Scheme 22,Undergraduate,Male,SC,Muslim,Yes,Yes,No,73.36,High,Yes,1
Scholarship Scheme 23,Postgraduate,Female,OBC,Muslim,Yes,Yes,No,90.43,High,Yes,0
Scholarship Scheme 24,High School,All,General,Hindu,Yes,Yes,No,88.3,High,Yes,1
Scholarship Scheme 25,High School,Male,OBC,Muslim,Yes,No,Yes,75.21,Medium,Yes,1
Scholarship Scheme 26,Postgraduate,Male,ST,Hindu,Yes,No,Yes,92.64,Low,Yes,0
Scholarship Scheme 27,Postgraduate,Female,General,Hindu,Yes,Yes,No,87.48,Medium,Yes,0
Scholarship Scheme 28,Postgraduate,Female,OBC,Muslim,No,Yes,Yes,88.85,Medium,Yes,0
Scholarship Scheme 29,High School,All,SC,Muslim,No,Yes,Yes,97.72,Low,Yes,1
Scholarship Scheme 30,High School,Female,ST,Hindu,No,Yes,Yes,63.3,Medium,Yes,0
Scholarship Scheme 31,Undergraduate,Male,OBC,Sikh,No,No,Yes,63.36,High,Yes,0
Scholarship Scheme 32,Undergraduate,Male,General,Christian,Yes,Yes,Yes,94.36,Low,Yes,1
Scholarship Scheme 33,High School,Female,OBC,Christian,Yes,No,Yes,88.53,High,Yes,0
Scholarship Scheme 34,Postgraduate,Female,ST,Christian,Yes,No,Yes,96.23,High,Yes,0
Scholarship Scheme 35,Postgraduate,Female,General,Sikh,No,Yes,Yes,53.15,Low,Yes,1
Scholarship Scheme 36,Undergraduate,Female,ST,Hindu,No,Yes,Yes,81.33,High,Yes,1
Scholarship Scheme 37,High School,All,OBC,Muslim,Yes,No,Yes,57.22,High,Yes,0
Scholarship Scheme 38,Undergraduate,Female,SC,Hindu,Yes,No,Yes,75.14,High,Yes,0
Scholarship Scheme 39,Undergraduate,All,SC,Hindu,No,Yes,Yes,57.77,Low,Yes,0
Scholarship Scheme 40,Doctorate,Male,OBC,Muslim,No,No,Yes,56.39,Low,Yes,1
Scholarship Scheme 41,Doctorate,Female,OBC,Sikh,No,Yes,No,50.61,Low,Yes,0
Scholarship Scheme 42,Doctorate,All,OBC,Christian,No,Yes,No,81.45,Medium,Yes,1
Scholarship Scheme 43,Postgraduate,Female,General,Christian,Yes,No,Yes,67.92,High,Yes,0
Scholarship Scheme 44,High School,Male,ST,Hindu,No,No,Yes,55.25,Medium,Yes,0
Scholarship Scheme 45,High School,Male,ST,Sikh,No,Yes,Yes,66.11,Medium,Yes,0
Scholarship Scheme 46,High School,Male,ST,Christian,Yes,Yes,No,58.43,High,Yes,1
Scholarship Scheme 47,High School,Female,OBC,Sikh,Yes,No,No,96.99,Low,Yes,0
Scholarship Scheme 48,Doctorate,Female,ST,Muslim,Yes,No,Yes,65.97,Medium,Yes,0
Scholarship Scheme 49,Postgraduate,All,OBC,Hindu,No,No,Yes,66.66,Low,Yes,0
Scholarship Scheme 50,Postgraduate,Male,General,Hindu,No,No,Yes,91.91,Low,Yes,1
Scholarship Scheme 51,Doctorate,Female,SC,Sikh,No,Yes,Yes,82.32,High,Yes,0
Scholarship Scheme 52,Postgraduate,Male,OBC,Christian,No,Yes,Yes,85.44,Medium,Yes,1
Scholarship Scheme 53,Doctorate,Male,OBC,Sikh,Yes,Yes,No,81.74,Medium,Yes,0
Scholarship Scheme 54,High School,All,SC,Muslim,Yes,No,Yes,97.22,Low,Yes,1
Scholarship Scheme 55,Doctorate,All,SC,Christian,No,No,No,60.33,High,Yes,1
Scholarship Scheme 56,High School,All,General,Christian,No,Yes,Yes,99.35,Medium,Yes,0
Scholarship Scheme 57,High School,All,ST,Sikh,No,No,Yes,91.46,Low,Yes,1
Scholarship Scheme 58,Undergraduate,Male,OBC,Muslim,Yes,No,No,79.39,Low,Yes,0
Scholarship Scheme 59,Doctorate,All,ST,Christian,No,No,No,83.05,Low,Yes,1
Scholarship Scheme 60,Undergraduate,All,OBC,Hindu,Yes,No,Yes,82.38,High,Yes,0
Scholarship Scheme 61,Doctorate,All,General,Muslim,No,No,No,52.91,High,Yes,0
Scholarship Scheme 62,Doctorate,All,SC,Christian,Yes,No,Yes,60.88,Low,Yes,0
Scholarship Scheme 63,Undergraduate,Male,General,Sikh,Yes,Yes,No,97.98,Low,Yes,0
Scholarship Scheme 64,Undergraduate,All,SC,Christian,No,Yes,No,76.66,High,Yes,0
Scholarship Scheme 65,Doctorate,Male,ST,Hindu,Yes,Yes,Yes,68.88,Low,Yes,1
Scholarship Scheme 66,Postgraduate,Female,ST,Muslim,Yes,Yes,Yes,88.03,Low,Yes,0
Scholarship Scheme 67,High School,Male,General,Christian,No,No,No,76.17,High,Yes,1
Scholarship Scheme 68,Undergraduate,Male,SC,Hindu,Yes,Yes,Yes,50.66,Low,Yes,1
Scholarship Scheme 69,High School,All,General,Christian,No,Yes,No,86.74,Low,Yes,1
Scholarship Scheme 70,Postgraduate,Female,SC,Christian,Yes,Yes,No,86.54,Low,Yes,1
Scholarship Scheme 71,Postgraduate,Female,SC,Muslim,Yes,Yes,Yes,58.24,High,Yes,0
Scholarship Scheme 72,Postgraduate,Female,ST,Sikh,Yes,No,No,97.74,High,Yes,0
Scholarship Scheme 73,Undergraduate,Female,ST,Sikh,Yes,No,Yes,61.17,High,Yes,0
Scholarship Scheme 74,Postgraduate,Male,SC,Hindu,No,Yes,Yes,72.84,Medium,Yes,1
Scholarship Scheme 75,Undergraduate,Female,SC,Hindu,No,Yes,No,55.73,Medium,Yes,0
Scholarship Scheme 76,Postgraduate,Male,SC,Hindu,No,No,Yes,80.1,Medium,Yes,1
Scholarship Scheme 77,High School,Male,ST,Muslim,Yes,No,No,68.74,Medium,Yes,1
Scholarship Scheme 78,High School,Male,ST,Sikh,Yes,Yes,No,67.62,High,Yes,1
Scholarship Scheme 79,Doctorate,Female,OBC,Hindu,No,No,Yes,91.27,Low,Yes,0
Scholarship Scheme 80,High School,All,SC,Hindu,No,No,Yes,50.48,High,Yes,0
Scholarship Scheme 81,Doctorate,All,OBC,Christian,No,Yes,No,89.82,Medium,Yes,1
Scholarship Scheme 82,High School,Female,SC,Christian,No,No,Yes,78.52,High,Yes,1
Scholarship Scheme 83,Undergraduate,All,ST,Hindu,Yes,Yes,No,99.21,Low,Yes,1
Scholarship Scheme 84,High School,All,OBC,Christian,No,Yes,No,79.41,Medium,Yes,1
Scholarship Scheme 85,Doctorate,Male,OBC,Christian,Yes,No,No,52.76,Low,Yes,1
Scholarship Scheme 86,Doctorate,Male,General,Christian,No,No,No,52.53,Low,Yes,0
Scholarship Scheme 87,Postgraduate,Female,SC,Muslim,Yes,No,No,94.07,Low,Yes,1
Scholarship Scheme 88,Undergraduate,Female,ST,Hindu,No,No,Yes,91.98,Medium,Yes,1
Scholarship Scheme 89,High School,All,General,Hindu,No,No,No,67.26,High,Yes,0
Scholarship Scheme 90,Postgraduate,Male,General,Christian,Yes,No,No,80.84,Medium,Yes,0
Scholarship Scheme 91,High School,Female,SC,Muslim,Yes,Yes,No,74.43,Medium,Yes,1
Scholarship Scheme 92,High School,Female,General,Christian,No,No,No,98.26,High,Yes,1
Scholarship Scheme 93,Postgraduate,Female,SC,Muslim,Yes,Yes,No,97.4,High,Yes,0
Scholarship Scheme 94,Postgraduate,Female,General,Hindu,No,No,No,99.09,High,Yes,0
Scholarship Scheme 95,Postgraduate,Female,SC,Christian,Yes,No,Yes,93.24,High,Yes,1
Scholarship Scheme 96,Postgraduate,Female,ST,Hindu,No,No,Yes,95.39,Low,Yes,0
Scholarship Scheme 97,Postgraduate,All,SC,Muslim,No,No,No,60.84,Medium,Yes,0
Scholarship Scheme 98,High School,Male,SC,Sikh,No,No,No,91.47,Medium,Yes,1
Scholarship Scheme 99,Postgraduate,Male,OBC,Muslim,No,Yes,No,85.37,Medium,Yes,0
Scholarship Scheme 100,Undergraduate,Female,ST,Sikh,No,Yes,Yes,98.04,High,Yes,1
Scholarship Scheme 101,Doctorate,Male,ST,Hindu,No,Yes,No,78.51,Medium,Yes,0
Scholarship Scheme 102,Postgraduate,Male,ST,Hindu,No,No,No,54.25,Low,Yes,0
Scholarship Scheme 103,Postgraduate,Male,General,Christian,No,No,No,79.81,Medium,Yes,0
Scholarship Scheme 104,High School,Female,OBC,Sikh,Yes,No,No,84.26,Medium,Yes,0
Scholarship Scheme 105,Postgraduate,Female,ST,Muslim,Yes,Yes,No,60.99,Low,Yes,0
Scholarship Scheme 106,Postgraduate,Male,General,Hindu,Yes,Yes,No,69.67,Low,Yes,1
Scholarship Scheme 107,Postgraduate,Male,General,Sikh,No,No,Yes,79.87,Medium,Yes,0
Scholarship Scheme 108,High School,Female,General,Muslim,No,Yes,No,68.67,High,Yes,1
Scholarship Scheme 109,Postgraduate,All,OBC,Sikh,No,No,No,68.71,High,Yes,0
Scholarship Scheme 110,Doctorate,Male,General,Muslim,Yes,No,No,56.64,Medium,Yes,1
Scholarship Scheme 111,High School,All,OBC,Muslim,Yes,Yes,No,96.94,Medium,Yes,1
Scholarship Scheme 112,Doctorate,Male,SC,Muslim,Yes,Yes,No,87.45,Medium,Yes,0
Scholarship Scheme 113,High School,All,General,Muslim,Yes,Yes,No,50.06,Medium,Yes,0
Scholarship Scheme 114,Postgraduate,All,ST,Sikh,Yes,Yes,No,88.2,High,Yes,1
Scholarship Scheme 115,Doctorate,All,General,Sikh,No,No,No,86.92,Medium,Yes,1
Scholarship Scheme 116,High School,Female,SC,Christian,Yes,No,No,50.49,Low,Yes,0
Scholarship Scheme 117,Undergraduate,All,SC,Sikh,No,Yes,Yes,68.44,High,Yes,0
Scholarship Scheme 118,Postgraduate,All,General,Sikh,No,Yes,Yes,80.28,High,Yes,1
Scholarship Scheme 119,High School,All,SC,Christian,No,Yes,Yes,72.59,Low,Yes,1
Scholarship Scheme 120,Undergraduate,Male,OBC,Sikh,Yes,Yes,No,88.82,Medium,Yes,0
Scholarship Scheme 121,High School,All,OBC,Muslim,Yes,No,Yes,71.23,Medium,Yes,1
Scholarship Scheme 122,Undergraduate,Male,General,Hindu,No,No,Yes,57.68,Medium,Yes,0
Scholarship Scheme 123,Postgraduate,All,OBC,Hindu,Yes,No,Yes,98.72,Medium,Yes,0
Scholarship Scheme 124,Doctorate,All,OBC,Christian,Yes,No,Yes,62.08,Medium,Yes,1
Scholarship Scheme 125,Undergraduate,Female,ST,Sikh,No,No,No,85.81,Low,Yes,1
Scholarship Scheme 126,High School,Male,General,Sikh,No,No,Yes,57.14,Medium,Yes,0
Scholarship Scheme 127,Postgraduate,All,SC,Christian,No,No,Yes,66.42,Low,Yes,0
Scholarship Scheme 128,Undergraduate,Male,General,Hindu,No,Yes,No,72.06,Low,Yes,1
Scholarship Scheme 129,High School,Male,OBC,Muslim,No,No,Yes,59.59,Low,Yes,1
Scholarship Scheme 130,High School,Female,ST,Sikh,Yes,Yes,No,72.45,Medium,Yes,1
Scholarship Scheme 131,High School,Female,General,Christian,No,Yes,Yes,57.84,Medium,Yes,0
Scholarship Scheme 132,Undergraduate,Female,General,Muslim,Yes,Yes,Yes,77.89,High,Yes,0
Scholarship Scheme 133,Undergraduate,Female,OBC,Christian,Yes,No,Yes,83.12,High,Yes,0
Scholarship Scheme 134,Undergraduate,Female,OBC,Christian,No,No,No,53.12,Low,Yes,1
Scholarship Scheme 135,Doctorate,Female,General,Christian,No,No,Yes,93.47,High,Yes,0
Scholarship Scheme 136,Undergraduate,Female,OBC,Hindu,Yes,No,Yes,59.24,Low,Yes,1
Scholarship Scheme 137,Undergraduate,Female,OBC,Hindu,No,Yes,No,61.25,High,Yes,0
Scholarship Scheme 138,Undergraduate,All,OBC,Christian,Yes,No,Yes,83.0,Medium,Yes,0
Scholarship Scheme 139,Doctorate,Male,OBC,Sikh,No,Yes,Yes,73.39,Medium,Yes,1
Scholarship Scheme 140,Undergraduate,Female,OBC,Muslim,No,No,Yes,74.92,Low,Yes,0
Scholarship Scheme 141,High School,Female,ST,Sikh,Yes,No,Yes,56.39,Low,Yes,1
Scholarship Scheme 142,Undergraduate,Male,OBC,Hindu,Yes,Yes,Yes,90.21,Medium,Yes,0
Scholarship Scheme 143,High School,All,SC,Muslim,No,Yes,No,80.79,Medium,Yes,0
Scholarship Scheme 144,High School,Male,General,Christian,No,Yes,No,56.76,Medium,Yes,1
Scholarship Scheme 145,High School,Male,ST,Sikh,No,No,No,68.66,High,Yes,1
Scholarship Scheme 146,Doctorate,Female,ST,Sikh,Yes,No,Yes,90.44,High,Yes,0
Scholarship Scheme 147,Doctorate,Male,OBC,Christian,No,Yes,Yes,78.36,High,Yes,0
Scholarship Scheme 148,Doctorate,Male,General,Sikh,No,No,Yes,55.42,High,Yes,1
Scholarship Scheme 149,Undergraduate,Female,SC,Hindu,No,Yes,Yes,68.6,Low,Yes,0
Scholarship Scheme 150,High School,Female,OBC,Christian,No,No,Yes,62.11,Low,Yes,1
Scholarship Scheme 151,Doctorate,Female,General,Sikh,Yes,Yes,No,75.82,High,Yes,0
Scholarship Scheme 152,Doctorate,Female,OBC,Christian,Yes,Yes,No,92.08,Low,Yes,1
Scholarship Scheme 153,Undergraduate,Male,OBC,Muslim,Yes,No,No,71.77,High,Yes,0
Scholarship Scheme 154,Doctorate,Male,OBC,Christian,No,Yes,Yes,71.62,High,Yes,0
Scholarship Scheme 155,Undergraduate,All,OBC,Sikh,No,No,No,95.18,Medium,Yes,1
Scholarship Scheme 156,Postgraduate,All,OBC,Hindu,No,No,No,78.75,High,Yes,0
Scholarship Scheme 157,Doctorate,Male,OBC,Christian,Yes,Yes,No,78.25,Low,Yes,1
Scholarship Scheme 158,Postgraduate,All,OBC,Christian,Yes,Yes,No,63.07,High,Yes,0
Scholarship Scheme 159,Undergraduate,Male,SC,Sikh,Yes,No,Yes,80.33,Medium,Yes,0
Scholarship Scheme 160,High School,All,ST,Hindu,Yes,No,Yes,78.74,Low,Yes,0
Scholarship Scheme 161,Doctorate,Female,SC,Hindu,No,Yes,No,69.8,Medium,Yes,1
Scholarship Scheme 162,Undergraduate,All,OBC,Muslim,Yes,Yes,No,99.44,High,Yes,0
Scholarship Scheme 163,High School,Female,OBC,Muslim,Yes,Yes,No,94.01,High,Yes,0
Scholarship Scheme 164,High School,Female,SC,Sikh,No,No,No,87.4,High,Yes,1
Scholarship Scheme 165,Postgraduate,Female,SC,Hindu,Yes,No,No,76.81,High,Yes,0
Scholarship Scheme 166,Undergraduate,Female,ST,Hindu,No,No,No,73.06,Low,Yes,0
Scholarship Scheme 167,High School,All,SC,Muslim,No,Yes,No,59.23,High,Yes,0
Scholarship Scheme 168,Doctorate,Male,ST,Muslim,No,Yes,No,65.26,Medium,Yes,0
Scholarship Scheme 169,Doctorate,Female,OBC,Sikh,No,No,No,88.62,Low,Yes,0
Scholarship Scheme 170,Postgraduate,All,General,Hindu,No,No,Yes,72.64,Low,Yes,1
Scholarship Scheme 171,High School,Female,General,Christian,Yes,Yes,No,94.03,Low,Yes,1
Scholarship Scheme 172,Undergraduate,All,General,Muslim,Yes,No,Yes,57.38,Medium,Yes,0
Scholarship Scheme 173,Doctorate,All,General,Sikh,No,Yes,Yes,75.37,Medium,Yes,1
Scholarship Scheme 174,High School,All,OBC,Hindu,Yes,Yes,No,82.28,Medium,Yes,0
Scholarship Scheme 175,High School,Male,General,Hindu,No,Yes,No,75.79,Medium,Yes,0
Scholarship Scheme 176,Postgraduate,All,SC,Muslim,Yes,No,Yes,94.37,High,Yes,1
Scholarship Scheme 177,Doctorate,All,SC,Sikh,Yes,No,Yes,99.38,High,Yes,0
Scholarship Scheme 178,Doctorate,Male,General,Christian,Yes,Yes,No,55.78,Medium,Yes,0
Scholarship Scheme 179,Undergraduate,Male,SC,Muslim,Yes,Yes,Yes,56.48,Medium,Yes,1
Scholarship Scheme 180,Doctorate,All,ST,Sikh,Yes,No,No,56.5,High,Yes,1
Scholarship Scheme 181,Undergraduate,Male,OBC,Hindu,Yes,Yes,No,83.99,High,Yes,0
Scholarship Scheme 182,Doctorate,Female,General,Christian,Yes,No,Yes,68.6,Medium,Yes,0
Scholarship Scheme 183,Postgraduate,Female,General,Sikh,No,No,No,86.59,Low,Yes,0
Scholarship Scheme 184,Doctorate,Male,OBC,Christian,No,No,Yes,70.23,Low,Yes,0
Scholarship Scheme 185,Undergraduate,Male,SC,Sikh,No,Yes,No,81.32,Medium,Yes,1
Scholarship Scheme 186,Undergraduate,All,OBC,Sikh,Yes,Yes,No,88.42,Low,Yes,0
Scholarship Scheme 187,Postgraduate,Male,OBC,Sikh,Yes,Yes,Yes,77.36,High,Yes,1
Scholarship Scheme 188,Doctorate,All,SC,Sikh,No,Yes,Yes,76.92,Low,Yes,0
Scholarship Scheme 189,Doctorate,Female,OBC,Christian,No,No,No,54.4,Medium,Yes,0
Scholarship Scheme 190,Postgraduate,Male,SC,Muslim,Yes,Yes,No,70.5,Low,Yes,0
Scholarship Scheme 191,Doctorate,All,SC,Christian,No,No,Yes,77.23,Low,Yes,0
Scholarship Scheme 192,Doctorate,All,OBC,Sikh,No,Yes,No,73.05,Low,Yes,0
Scholarship Scheme 193,Undergraduate,Female,ST,Christian,No,Yes,Yes,94.95,High,Yes,0
Scholarship Scheme 194,Doctorate,Male,SC,Christian,No,Yes,Yes,95.24,High,Yes,0
Scholarship Scheme 195,Doctorate,Female,OBC,Christian,Yes,Yes,Yes,91.01,High,Yes,0
Scholarship Scheme 196,Postgraduate,All,SC,Sikh,No,Yes,No,68.73,Medium,Yes,0
Scholarship Scheme 197,Postgraduate,All,ST,Christian,No,No,Yes,85.79,Low,Yes,1
Scholarship Scheme 198,High School,Male,ST,Hindu,No,Yes,No,69.72,High,Yes,0
Scholarship Scheme 199,Undergraduate,All,General,Sikh,No,Yes,Yes,61.61,High,Yes,1
Scholarship Scheme 200,Doctorate,Male,SC,Christian,Yes,Yes,No,67.11,Low,Yes,0
Scholarship Scheme 201,Doctorate,Female,SC,Hindu,No,Yes,No,53.54,Medium,Yes,0
Scholarship Scheme 202,High School,Male,OBC,Christian,No,Yes,Yes,66.56,Low,Yes,0
Scholarship Scheme 203,Doctorate,Male,SC,Muslim,No,No,Yes,72.99,Medium,Yes,1
Scholarship Scheme 204,Undergraduate,All,General,Christian,No,Yes,Yes,97.68,Low,Yes,1
Scholarship Scheme 205,High School,All,ST,Christian,No,No,No,65.64,High,Yes,1
Scholarship Scheme 206,Undergraduate,Male,ST,Muslim,Yes,Yes,No,95.03,High,Yes,1
Scholarship Scheme 207,High School,All,General,Sikh,No,No,No,61.42,High,Yes,0
Scholarship Scheme 208,High School,All,SC,Muslim,No,Yes,Yes,59.53,Medium,Yes,1
Scholarship Scheme 209,Postgraduate,All,SC,Sikh,Yes,Yes,Yes,75.9,Low,Yes,1
Scholarship Scheme 210,Undergraduate,Male,General,Muslim,No,No,Yes,83.56,Medium,Yes,0
Scholarship Scheme 211,Doctorate,All,OBC,Christian,Yes,Yes,Yes,52.21,High,Yes,1
Scholarship Scheme 212,Doctorate,Male,ST,Christian,No,No,Yes,61.03,Medium,Yes,1
Scholarship Scheme 213,Undergraduate,All,General,Sikh,Yes,Yes,No,72.74,Medium,Yes,1
Scholarship Scheme 214,Doctorate,Female,General,Sikh,Yes,No,Yes,66.52,Medium,Yes,1
Scholarship Scheme 215,Doctorate,All,SC,Hindu,No,No,No,85.56,Low,Yes,1
Scholarship Scheme 216,Undergraduate,All,ST,Hindu,Yes,No,Yes,75.51,Medium,Yes,1
Scholarship Scheme 217,High School,Male,SC,Christian,No,Yes,Yes,58.0,Medium,Yes,0
Scholarship Scheme 218,Undergraduate,Male,General,Christian,Yes,No,Yes,94.63,Medium,Yes,0
Scholarship Scheme 219,High School,All,OBC,Hindu,Yes,Yes,Yes,64.62,High,Yes,0
Scholarship Scheme 220,Doctorate,Female,ST,Hindu,No,No,Yes,86.48,High,Yes,0
Scholarship Scheme 221,Doctorate,All,General,Sikh,Yes,No,No,88.92,Low,Yes,0
Scholarship Scheme 222,Doctorate,All,General,Muslim,No,No,Yes,98.06,High,Yes,1
Scholarship Scheme 223,Postgraduate,Female,OBC,Sikh,Yes,Yes,No,74.88,Low,Yes,0
Scholarship Scheme 224,High School,Male,General,Hindu,Yes,Yes,No,80.73,High,Yes,1
Scholarship Scheme 225,Postgraduate,All,General,Christian,No,Yes,No,66.71,Low,Yes,1
Scholarship Scheme 226,Postgraduate,Male,ST,Hindu,No,No,No,83.84,Low,Yes,1
Scholarship Scheme 227,Undergraduate,Male,ST,Christian,Yes,Yes,Yes,73.12,Low,Yes,0
Scholarship Scheme 228,Postgraduate,Female,ST,Christian,No,Yes,Yes,71.84,High,Yes,0
Scholarship Scheme 229,Undergraduate,Female,SC,Christian,No,No,Yes,92.69,Medium,Yes,0
Scholarship Scheme 230,Undergraduate,Male,OBC,Christian,Yes,No,Yes,52.5,High,Yes,0
Scholarship Scheme 231,Postgraduate,All,ST,Muslim,Yes,Yes,Yes,94.01,Medium,Yes,1
Scholarship Scheme 232,High School,Male,SC,Hindu,No,Yes,No,92.52,High,Yes,0
Scholarship Scheme 233,High School,All,SC,Sikh,Yes,Yes,Yes,75.27,Medium,Yes,1
Scholarship Scheme 234,High School,All,OBC,Christian,No,No,Yes,74.46,High,Yes,0
Scholarship Scheme 235,High School,Female,OBC,Christian,No,No,No,68.05,Low,Yes,0
Scholarship Scheme 236,High School,All,General,Sikh,No,No,Yes,99.61,Low,Yes,1
Scholarship Scheme 237,Postgraduate,All,SC,Sikh,No,No,Yes,55.55,Low,Yes,0
Scholarship Scheme 238,Postgraduate,Male,ST,Christian,No,No,No,79.45,Medium,Yes,1
Scholarship Scheme 239,Doctorate,Female,OBC,Sikh,No,Yes,Yes,84.02,Medium,Yes,1
Scholarship Scheme 240,High School,All,SC,Sikh,Yes,Yes,No,96.62,Low,Yes,0
Scholarship Scheme 241,Postgraduate,All,ST,Muslim,No,Yes,No,88.93,Medium,Yes,0
Scholarship Scheme 242,Doctorate,Female,SC,Sikh,Yes,No,Yes,82.13,Low,Yes,1
Scholarship Scheme 243,High School,Male,OBC,Hindu,No,No,No,55.83,High,Yes,1
Scholarship Scheme 244,Undergraduate,Female,General,Hindu,Yes,Yes,Yes,68.65,Medium,Yes,0
Scholarship Scheme 245,Doctorate,Female,SC,Hindu,Yes,Yes,Yes,56.93,Medium,Yes,1
Scholarship Scheme 246,Postgraduate,All,ST,Christian,Yes,Yes,Yes,93.97,High,Yes,0
Scholarship Scheme 247,Undergraduate,All,OBC,Hindu,No,No,No,87.41,Medium,Yes,0
Scholarship Scheme 248,Undergraduate,Male,General,Muslim,Yes,No,No,87.8,Medium,Yes,0
Scholarship Scheme 249,Undergraduate,All,ST,Hindu,Yes,No,No,82.55,Medium,Yes,0
Scholarship Scheme 250,Doctorate,All,ST,Christian,No,No,No,75.3,High,Yes,0
Scholarship Scheme 251,Postgraduate,Female,ST,Muslim,Yes,No,No,57.48,Low,Yes,0
Scholarship Scheme 252,Undergraduate,All,SC,Hindu,Yes,Yes,No,66.45,Low,Yes,0
Scholarship Scheme 253,High School,Male,OBC,Muslim,No,Yes,No,56.83,High,Yes,0
Scholarship Scheme 254,Undergraduate,Female,ST,Muslim,Yes,No,No,86.17,High,Yes,1
Scholarship Scheme 255,Undergraduate,Male,SC,Christian,Yes,No,No,58.0,High,Yes,0
Scholarship Scheme 256,Doctorate,Female,OBC,Christian,No,Yes,No,85.04,Low,Yes,1
Scholarship Scheme 257,Doctorate,All,OBC,Muslim,Yes,No,No,84.54,High,Yes,1
Scholarship Scheme 258,Postgraduate,Female,SC,Hindu,Yes,No,Yes,72.92,Low,Yes,0
Scholarship Scheme 259,High School,Female,SC,Christian,Yes,Yes,No,56.75,High,Yes,0
Scholarship Scheme 260,Doctorate,All,ST,Muslim,Yes,No,Yes,65.71,Medium,Yes,0
Scholarship Scheme 261,Undergraduate,All,OBC,Sikh,No,No,Yes,65.97,Low,Yes,1
Scholarship Scheme 262,Postgraduate,Male,General,Sikh,No,Yes,Yes,84.95,Low,Yes,1
Scholarship Scheme 263,Undergraduate,Male,SC,Christian,No,No,Yes,55.68,High,Yes,1
Scholarship Scheme 264,Undergraduate,All,OBC,Hindu,No,No,No,91.37,Medium,Yes,0
Scholarship Scheme 265,Doctorate,All,OBC,Sikh,Yes,Yes,Yes,87.97,Low,Yes,1
Scholarship Scheme 266,Postgraduate,All,ST,Sikh,No,Yes,Yes,59.3,High,Yes,0
Scholarship Scheme 267,High School,Female,General,Sikh,No,No,Yes,85.89,Medium,Yes,1
Scholarship Scheme 268,High School,Female,ST,Hindu,Yes,Yes,No,83.36,Low,Yes,0
Scholarship Scheme 269,Doctorate,Female,General,Hindu,Yes,Yes,Yes,87.33,High,Yes,1
Scholarship Scheme 270,Doctorate,All,General,Christian,Yes,No,Yes,59.43,Medium,Yes,1
Scholarship Scheme 271,Postgraduate,Male,SC,Christian,No,Yes,No,57.86,Low,Yes,1
Scholarship Scheme 272,High School,All,OBC,Sikh,Yes,No,No,61.8,Low,Yes,0
Scholarship Scheme 273,High School,Female,OBC,Hindu,Yes,Yes,No,68.26,Medium,Yes,1
Scholarship Scheme 274,High School,Female,OBC,Muslim,Yes,Yes,No,89.6,High,Yes,0
Scholarship Scheme 275,Undergraduate,All,General,Sikh,No,No,No,86.82,High,Yes,0
Scholarship Scheme 276,High School,All,OBC,Christian,No,No,No,96.18,Medium,Yes,0
Scholarship Scheme 277,Undergraduate,Female,SC,Hindu,No,No,No,52.93,Low,Yes,0
Scholarship Scheme 278,Postgraduate,Female,General,Christian,No,Yes,No,50.58,Medium,Yes,1
Scholarship Scheme 279,Undergraduate,Female,General,Christian,No,No,No,84.89,Medium,Yes,0
Scholarship Scheme 280,Postgraduate,All,General,Hindu,No,No,Yes,63.94,Medium,Yes,0
Scholarship Scheme 281,High School,Female,General,Sikh,No,Yes,No,66.67,Low,Yes,0
Scholarship Scheme 282,High School,Female,SC,Hindu,Yes,Yes,Yes,77.29,Medium,Yes,1
Scholarship Scheme 283,Postgraduate,Male,OBC,Sikh,Yes,Yes,Yes,55.11,Medium,Yes,0
Scholarship Scheme 284,Doctorate,All,SC,Christian,Yes,No,No,82.07,Low,Yes,1
Scholarship Scheme 285,Postgraduate,Male,OBC,Hindu,No,Yes,No,66.22,Low,Yes,0
Scholarship Scheme 286,Doctorate,Male,SC,Muslim,No,Yes,No,81.57,Medium,Yes,1
Scholarship Scheme 287,Undergraduate,Female,ST,Sikh,Yes,No,No,91.62,High,Yes,0
Scholarship Scheme 288,Undergraduate,All,ST,Muslim,Yes,Yes,Yes,58.54,Medium,Yes,1
Scholarship Scheme 289,Undergraduate,Female,ST,Sikh,No,Yes,Yes,96.45,Low,Yes,0
Scholarship Scheme 290,High School,All,ST,Hindu,No,No,No,76.48,Low,Yes,0
Scholarship Scheme 291,Undergraduate,Male,General,Muslim,No,Yes,Yes,96.05,Low,Yes,0
Scholarship Scheme 292,Doctorate,All,General,Hindu,No,No,No,60.37,High,Yes,1
Scholarship Scheme 293,Undergraduate,Female,SC,Sikh,No,No,Yes,80.17,Low,Yes,1
Scholarship Scheme 294,Postgraduate,Female,SC,Sikh,No,No,Yes,70.15,High,Yes,1
Scholarship Scheme 295,Postgraduate,Female,ST,Sikh,No,No,No,88.63,Low,Yes,0
Scholarship Scheme 296,High School,All,OBC,Sikh,No,No,No,80.23,Low,Yes,0
Scholarship Scheme 297,Postgraduate,Male,ST,Christian,Yes,Yes,Yes,74.68,Medium,Yes,0
Scholarship Scheme 298,Doctorate,Male,SC,Sikh,No,No,No,95.56,High,Yes,0
Scholarship Scheme 299,Undergraduate,All,ST,Muslim,No,No,Yes,68.82,Medium,Yes,1
Scholarship Scheme 300,High School,Female,SC,Sikh,No,No,No,60.98,High,Yes,0
Scholarship Scheme 301,Undergraduate,Male,ST,Hindu,Yes,No,No,80.34,Low,Yes,0
Scholarship Scheme 302,Undergraduate,Female,OBC,Christian,Yes,Yes,No,81.14,Low,Yes,0
Scholarship Scheme 303,Doctorate,All,ST,Muslim,No,Yes,No,71.91,High,Yes,1
Scholarship Scheme 304,Postgraduate,Female,OBC,Christian,Yes,Yes,No,74.28,Medium,Yes,0
Scholarship Scheme 305,Postgraduate,Male,OBC,Christian,Yes,No,No,97.88,High,Yes,1
Scholarship Scheme 306,Undergraduate,Male,SC,Christian,Yes,Yes,No,86.56,High,Yes,0
Scholarship Scheme 307,High School,Female,OBC,Hindu,No,Yes,Yes,55.52,High,Yes,1
Scholarship Scheme 308,Postgraduate,All,General,Christian,No,No,No,60.59,Low,Yes,0
Scholarship Scheme 309,High School,Female,General,Christian,No,No,Yes,98.68,High,Yes,0
Scholarship Scheme 310,Postgraduate,All,General,Sikh,No,Yes,No,86.25,Low,Yes,1
Scholarship Scheme 311,High School,Female,SC,Hindu,No,Yes,Yes,95.66,Medium,Yes,0
Scholarship Scheme 312,Doctorate,Male,General,Muslim,No,Yes,No,65.16,Low,Yes,1
Scholarship Scheme 313,High School,All,SC,Muslim,No,Yes,No,87.02,Medium,Yes,1
Scholarship Scheme 314,Doctorate,All,SC,Muslim,Yes,No,Yes,85.63,Medium,Yes,0
Scholarship Scheme 315,Doctorate,All,General,Hindu,No,No,No,64.71,Medium,Yes,1
Scholarship Scheme 316,High School,Male,OBC,Muslim,No,No,No,77.49,Low,Yes,1
Scholarship Scheme 317,Doctorate,Female,ST,Hindu,No,No,No,81.31,High,Yes,1
Scholarship Scheme 318,Undergraduate,Male,SC,Sikh,No,No,No,74.01,Low,Yes,0
Scholarship Scheme 319,Doctorate,All,General,Sikh,No,Yes,No,91.28,Medium,Yes,0
Scholarship Scheme 320,Postgraduate,Female,SC,Hindu,No,No,Yes,91.56,High,Yes,0
Scholarship Scheme 321,High School,Male,OBC,Muslim,No,No,No,92.44,Low,Yes,1
Scholarship Scheme 322,Undergraduate,All,OBC,Hindu,No,Yes,Yes,90.09,Medium,Yes,1
Scholarship Scheme 323,High School,All,General,Hindu,Yes,No,Yes,74.36,Medium,Yes,0
Scholarship Scheme 324,Postgraduate,Male,SC,Christian,Yes,Yes,Yes,69.03,High,Yes,0
Scholarship Scheme 325,Postgraduate,Male,ST,Hindu,No,No,Yes,91.49,Low,Yes,1
Scholarship Scheme 326,Postgraduate,Male,ST,Christian,No,No,Yes,74.46,High,Yes,1
Scholarship Scheme 327,Doctorate,All,SC,Sikh,Yes,No,Yes,62.29,High,Yes,1
Scholarship Scheme 328,Doctorate,Male,SC,Christian,No,Yes,Yes,75.32,High,Yes,0
Scholarship Scheme 329,High School,All,SC,Hindu,No,No,Yes,57.08,High,Yes,0
Scholarship Scheme 330,High School,Male,General,Sikh,Yes,Yes,No,84.51,Low,Yes,0
Scholarship Scheme 331,Undergraduate,All,OBC,Christian,No,No,Yes,66.76,High,Yes,0
Scholarship Scheme 332,Undergraduate,All,ST,Hindu,No,No,No,63.01,Medium,Yes,1
Scholarship Scheme 333,High School,Female,General,Sikh,No,Yes,Yes,97.73,Medium,Yes,0
Scholarship Scheme 334,Doctorate,Male,SC,Christian,Yes,Yes,Yes,88.77,Medium,Yes,1
Scholarship Scheme 335,Postgraduate,Male,SC,Hindu,Yes,No,No,89.27,High,Yes,0
Scholarship Scheme 336,High School,All,OBC,Hindu,No,Yes,Yes,81.12,Medium,Yes,1
Scholarship Scheme 337,Undergraduate,All,SC,Muslim,Yes,No,No,91.87,Low,Yes,0
Scholarship Scheme 338,Doctorate,All,General,Muslim,Yes,No,Yes,87.88,High,Yes,0
Scholarship Scheme 339,High School,Female,General,Christian,Yes,Yes,No,79.88,High,Yes,0
Scholarship Scheme 340,High School,Female,OBC,Christian,No,Yes,No,97.96,High,Yes,0
Scholarship Scheme 341,Doctorate,All,General,Christian,Yes,Yes,Yes,59.56,Low,Yes,1
Scholarship Scheme 342,High School,Male,ST,Hindu,Yes,No,Yes,97.07,High,Yes,0
Scholarship Scheme 343,Doctorate,Male,General,Christian,Yes,Yes,Yes,70.03,High,Yes,1
Scholarship Scheme 344,Postgraduate,Female,General,Hindu,No,No,Yes,76.37,Medium,Yes,1
Scholarship Scheme 345,Doctorate,Female,General,Christian,Yes,Yes,No,56.12,Medium,Yes,1
Scholarship Scheme 346,Doctorate,All,ST,Hindu,Yes,Yes,No,76.95,High,Yes,1
Scholarship Scheme 347,Doctorate,Male,SC,Hindu,No,Yes,No,80.5,Low,Yes,0
Scholarship Scheme 348,High School,All,General,Muslim,Yes,Yes,No,99.79,Medium,Yes,0
Scholarship Scheme 349,High School,Female,OBC,Sikh,Yes,Yes,No,98.66,High,Yes,1
Scholarship Scheme 350,Doctorate,Male,ST,Hindu,Yes,No,No,98.22,Medium,Yes,1
Scholarship Scheme 351,High School,Male,OBC,Christian,No,Yes,No,67.38,Medium,Yes,0
Scholarship Scheme 352,Undergraduate,Female,General,Muslim,No,Yes,Yes,99.46,Low,Yes,1
Scholarship Scheme 353,Undergraduate,All,OBC,Christian,Yes,No,Yes,72.73,High,Yes,0
Scholarship Scheme 354,High School,All,General,Christian,Yes,No,Yes,92.51,Medium,Yes,1
Scholarship Scheme 355,High School,Male,ST,Hindu,Yes,No,Yes,60.79,High,Yes,0
Scholarship Scheme 356,Doctorate,Female,OBC,Hindu,Yes,No,Yes,75.24,Low,Yes,1
Scholarship Scheme 357,Postgraduate,Male,OBC,Sikh,Yes,Yes,Yes,98.2,Low,Yes,1
Scholarship Scheme 358,High School,Female,General,Hindu,Yes,Yes,Yes,97.26,Medium,Yes,1
Scholarship Scheme 359,Undergraduate,All,General,Hindu,No,No,Yes,84.12,Low,Yes,0
Scholarship Scheme 360,Doctorate,Female,SC,Sikh,Yes,Yes,No,89.81,Medium,Yes,0
Scholarship Scheme 361,High School,All,General,Christian,Yes,No,Yes,58.8,High,Yes,0
Scholarship Scheme 362,Undergraduate,Female,General,Sikh,Yes,No,Yes,86.01,Medium,Yes,1
Scholarship Scheme 363,Undergraduate,Male,SC,Sikh,No,Yes,Yes,80.84,Medium,Yes,1
Scholarship Scheme 364,Postgraduate,All,General,Sikh,Yes,Yes,No,54.57,Low,Yes,0
Scholarship Scheme 365,Doctorate,Male,General,Muslim,No,No,Yes,55.65,High,Yes,0
Scholarship Scheme 366,Doctorate,Male,SC,Christian,Yes,Yes,No,55.41,High,Yes,1
Scholarship Scheme 367,Postgraduate,All,ST,Muslim,Yes,No,No,86.15,Medium,Yes,0
Scholarship Scheme 368,Postgraduate,All,ST,Muslim,Yes,No,Yes,57.07,High,Yes,1
Scholarship Scheme 369,Doctorate,Male,General,Hindu,Yes,No,No,73.34,High,Yes,0
Scholarship Scheme 370,Doctorate,Male,General,Sikh,Yes,No,Yes,67.81,Medium,Yes,0
Scholarship Scheme 371,High School,Male,SC,Sikh,Yes,Yes,Yes,77.47,Medium,Yes,0
Scholarship Scheme 372,High School,Male,SC,Muslim,No,No,Yes,85.25,High,Yes,1
Scholarship Scheme 373,Postgraduate,All,ST,Hindu,Yes,No,No,84.17,Medium,Yes,0
Scholarship Scheme 374,High School,All,OBC,Hindu,Yes,No,Yes,75.72,Low,Yes,0
Scholarship Scheme 375,Undergraduate,Male,General,Hindu,Yes,Yes,Yes,73.17,High,Yes,0
Scholarship Scheme 376,High School,Female,OBC,Christian,No,No,Yes,69.85,Medium,Yes,1
Scholarship Scheme 377,High School,Female,OBC,Muslim,Yes,No,No,93.01,High,Yes,0
Scholarship Scheme 378,Undergraduate,All,SC,Christian,No,Yes,No,66.51,High,Yes,0
Scholarship Scheme 379,Postgraduate,Male,General,Hindu,Yes,No,No,62.94,Low,Yes,0
Scholarship Scheme 380,Undergraduate,Male,General,Hindu,Yes,No,No,87.09,Low,Yes,1
Scholarship Scheme 381,High School,All,SC,Hindu,No,No,Yes,67.95,High,Yes,0
Scholarship Scheme 382,Postgraduate,Female,OBC,Sikh,No,No,Yes,92.27,Low,Yes,1
Scholarship Scheme 383,High School,Female,SC,Muslim,Yes,Yes,No,66.36,Medium,Yes,1
Scholarship Scheme 384,Undergraduate,Female,ST,Sikh,No,Yes,Yes,85.03,High,Yes,1
Scholarship Scheme 385,Undergraduate,All,General,Christian,No,Yes,No,52.25,Low,Yes,1
Scholarship Scheme 386,High School,Female,ST,Sikh,Yes,No,Yes,69.24,High,Yes,0
Scholarship Scheme 387,Doctorate,All,SC,Muslim,Yes,Yes,Yes,67.13,High,Yes,0
Scholarship Scheme 388,Doctorate,All,General,Sikh,Yes,Yes,No,90.75,Medium,Yes,0
Scholarship Scheme 389,Undergraduate,Male,ST,Hindu,No,No,No,98.26,Medium,Yes,0
Scholarship Scheme 390,Undergraduate,Female,ST,Christian,Yes,Yes,Yes,73.0,Medium,Yes,1
Scholarship Scheme 391,Doctorate,All,OBC,Christian,Yes,Yes,No,91.16,Low,Yes,1
Scholarship Scheme 392,Doctorate,Female,General,Hindu,No,Yes,Yes,84.91,Low,Yes,1
Scholarship Scheme 393,High School,Female,ST,Hindu,No,No,Yes,98.27,Low,Yes,1
Scholarship Scheme 394,High School,Male,ST,Hindu,Yes,No,Yes,90.47,Medium,Yes,1
Scholarship Scheme 395,Doctorate,Female,OBC,Muslim,No,Yes,Yes,53.87,High,Yes,1
Scholarship Scheme 396,High School,Male,ST,Sikh,No,Yes,No,85.59,Medium,Yes,0
Scholarship Scheme 397,High School,All,ST,Christian,No,No,Yes,76.72,Low,Yes,0
Scholarship Scheme 398,Postgraduate,Female,ST,Sikh,Yes,No,Yes,50.82,Low,Yes,1
Scholarship Scheme 399,High School,All,OBC,Hindu,Yes,No,Yes,62.54,Low,Yes,1
Scholarship Scheme 400,Undergraduate,Female,ST,Hindu,Yes,No,No,96.0,Medium,Yes,1
Scholarship Scheme 401,High School,All,ST,Sikh,No,Yes,Yes,96.21,Low,Yes,0
Scholarship Scheme 402,High School,Female,General,Christian,Yes,No,No,89.86,Medium,Yes,0
Scholarship Scheme 403,Doctorate,Female,General,Muslim,Yes,Yes,No,98.99,High,Yes,0
Scholarship Scheme 404,Undergraduate,Female,OBC,Sikh,No,No,No,90.25,Medium,Yes,0
Scholarship Scheme 405,High School,Female,SC,Hindu,No,No,No,50.51,Low,Yes,1
Scholarship Scheme 406,High School,Female,General,Hindu,Yes,No,No,64.36,High,Yes,0
Scholarship Scheme 407,Postgraduate,Female,OBC,Muslim,No,No,No,51.53,Low,Yes,0
Scholarship Scheme 408,High School,Female,ST,Sikh,Yes,Yes,No,54.7,High,Yes,0
Scholarship Scheme 409,High School,Female,ST,Muslim,Yes,Yes,Yes,60.92,Low,Yes,0
Scholarship Scheme 410,Postgraduate,Female,OBC,Muslim,Yes,Yes,Yes,75.13,Medium,Yes,0
Scholarship Scheme 411,Doctorate,All,ST,Christian,No,No,No,92.29,Low,Yes,1
Scholarship Scheme 412,High School,Male,ST,Christian,No,Yes,No,93.01,Medium,Yes,1
Scholarship Scheme 413,Postgraduate,Female,SC,Hindu,Yes,No,No,80.75,Medium,Yes,1
Scholarship Scheme 414,Undergraduate,Male,ST,Sikh,Yes,No,Yes,96.32,High,Yes,1
Scholarship Scheme 415,Doctorate,Female,General,Christian,Yes,Yes,No,74.95,Medium,Yes,1
Scholarship Scheme 416,Undergraduate,Female,ST,Hindu,Yes,No,Yes,94.36,Medium,Yes,0
Scholarship Scheme 417,Undergraduate,All,OBC,Sikh,No,No,Yes,72.66,Medium,Yes,0
Scholarship Scheme 418,Postgraduate,All,SC,Hindu,Yes,Yes,No,63.83,High,Yes,0
Scholarship Scheme 419,High School,Male,ST,Christian,Yes,No,Yes,95.73,Low,Yes,0
Scholarship Scheme 420,Postgraduate,All,OBC,Hindu,No,No,No,69.36,Low,Yes,0
Scholarship Scheme 421,Postgraduate,All,General,Sikh,Yes,Yes,No,75.12,Medium,Yes,0
Scholarship Scheme 422,Postgraduate,Male,ST,Sikh,Yes,Yes,No,66.41,Medium,Yes,0
Scholarship Scheme 423,Postgraduate,All,SC,Hindu,Yes,No,Yes,83.08,Low,Yes,1
Scholarship Scheme 424,Doctorate,Female,ST,Sikh,Yes,Yes,No,99.65,Medium,Yes,1
Scholarship Scheme 425,High School,Male,OBC,Hindu,Yes,No,Yes,51.27,Low,Yes,0
Scholarship Scheme 426,Undergraduate,Male,SC,Sikh,No,Yes,No,94.9,High,Yes,1
Scholarship Scheme 427,Undergraduate,Female,ST,Hindu,No,No,No,50.2,Medium,Yes,1
Scholarship Scheme 428,High School,All,General,Hindu,No,Yes,No,68.17,Medium,Yes,0
Scholarship Scheme 429,Undergraduate,Male,SC,Hindu,No,Yes,No,58.41,Low,Yes,1
Scholarship Scheme 430,High School,Male,General,Muslim,Yes,No,No,87.79,Low,Yes,0
Scholarship Scheme 431,Undergraduate,Female,OBC,Sikh,No,Yes,Yes,52.53,High,Yes,0
Scholarship Scheme 432,Postgraduate,Female,ST,Christian,No,Yes,No,77.62,Medium,Yes,0
Scholarship Scheme 433,Undergraduate,All,General,Hindu,No,No,No,64.72,Low,Yes,0
Scholarship Scheme 434,High School,Male,OBC,Muslim,No,Yes,No,56.67,High,Yes,0
Scholarship Scheme 435,High School,All,ST,Christian,No,Yes,Yes,88.51,Low,Yes,0
Scholarship Scheme 436,High School,All,OBC,Hindu,No,Yes,No,60.85,Low,Yes,1
Scholarship Scheme 437,High School,Female,General,Christian,No,No,No,61.16,High,Yes,1
Scholarship Scheme 438,High School,Male,OBC,Muslim,No,Yes,No,63.73,High,Yes,1
Scholarship Scheme 439,Doctorate,Male,SC,Christian,Yes,No,No,79.28,High,Yes,1
Scholarship Scheme 440,Doctorate,Male,ST,Hindu,No,No,Yes,82.92,High,Yes,1
Scholarship Scheme 441,Undergraduate,Female,OBC,Christian,Yes,Yes,No,50.88,High,Yes,0
Scholarship Scheme 442,High School,Female,General,Christian,No,No,Yes,62.07,High,Yes,1
Scholarship Scheme 443,Undergraduate,Female,ST,Hindu,No,No,Yes,71.51,Medium,Yes,1
Scholarship Scheme 444,High School,Female,SC,Muslim,No,No,Yes,66.57,High,Yes,0
Scholarship Scheme 445,High School,Female,ST,Muslim,Yes,No,Yes,94.12,Medium,Yes,0
Scholarship Scheme 446,Doctorate,Male,SC,Christian,Yes,Yes,No,89.31,Low,Yes,1
Scholarship Scheme 447,Doctorate,All,ST,Sikh,No,Yes,No,81.23,Low,Yes,0
Scholarship Scheme 448,Postgraduate,Male,OBC,Christian,Yes,Yes,Yes,66.87,High,Yes,0
Scholarship Scheme 449,Doctorate,All,OBC,Sikh,No,No,Yes,84.96,Low,Yes,0
Scholarship Scheme 450,Postgraduate,Female,General,Christian,Yes,No,Yes,92.1,High,Yes,1
Scholarship Scheme 451,Postgraduate,All,SC,Muslim,Yes,Yes,No,79.68,High,Yes,0
Scholarship Scheme 452,Postgraduate,Male,General,Christian,Yes,No,Yes,89.14,Medium,Yes,0
Scholarship Scheme 453,Postgraduate,Male,OBC,Christian,No,Yes,Yes,87.38,Low,Yes,0
Scholarship Scheme 454,Postgraduate,All,SC,Sikh,Yes,No,Yes,78.53,High,Yes,1
Scholarship Scheme 455,Undergraduate,Female,General,Muslim,Yes,Yes,Yes,65.58,Low,Yes,1
Scholarship Scheme 456,Doctorate,Female,General,Sikh,No,Yes,Yes,87.21,Medium,Yes,0
Scholarship Scheme 457,Postgraduate,Male,General,Christian,Yes,Yes,No,60.32,Low,Yes,0
Scholarship Scheme 458,High School,All,General,Hindu,No,No,Yes,88.9,Medium,Yes,0
Scholarship Scheme 459,Doctorate,Female,General,Christian,No,Yes,No,90.15,Medium,Yes,1
Scholarship Scheme 460,Doctorate,Female,SC,Christian,Yes,No,No,91.03,Medium,Yes,1
Scholarship Scheme 461,Postgraduate,Male,General,Sikh,No,No,No,73.6,High,Yes,1
Scholarship Scheme 462,Undergraduate,Female,SC,Hindu,Yes,Yes,No,59.6,High,Yes,0
Scholarship Scheme 463,Postgraduate,All,General,Hindu,Yes,Yes,No,54.98,Low,Yes,0
Scholarship Scheme 464,Undergraduate,Male,OBC,Sikh,No,No,Yes,87.09,High,Yes,0
Scholarship Scheme 465,High School,Male,OBC,Muslim,Yes,No,No,94.22,High,Yes,1
Scholarship Scheme 466,Doctorate,All,General,Hindu,Yes,Yes,No,82.48,Low,Yes,1
Scholarship Scheme 467,High School,Male,ST,Hindu,No,Yes,Yes,57.19,Medium,Yes,1
Scholarship Scheme 468,Undergraduate,Female,OBC,Sikh,No,No,No,96.65,Medium,Yes,1
Scholarship Scheme 469,Undergraduate,Female,SC,Muslim,Yes,Yes,Yes,99.36,Low,Yes,1
Scholarship Scheme 470,High School,All,General,Muslim,No,Yes,Yes,71.63,High,Yes,0
Scholarship Scheme 471,Undergraduate,Female,SC,Christian,No,Yes,Yes,79.68,Low,Yes,0
Scholarship Scheme 472,High School,All,ST,Christian,No,Yes,Yes,88.78,Low,Yes,1
Scholarship Scheme 473,Doctorate,All,General,Sikh,No,No,Yes,86.75,High,Yes,1
Scholarship Scheme 474,High School,Female,OBC,Muslim,Yes,No,No,98.29,Low,Yes,0
Scholarship Scheme 475,Doctorate,All,SC,Sikh,Yes,Yes,Yes,55.73,High,Yes,1
Scholarship Scheme 476,High School,Female,OBC,Christian,No,Yes,Yes,78.98,High,Yes,0
Scholarship Scheme 477,Undergraduate,Male,OBC,Sikh,Yes,No,No,84.53,Low,Yes,0
Scholarship Scheme 478,High School,Male,General,Sikh,No,No,No,94.42,Medium,Yes,0
Scholarship Scheme 479,Undergraduate,All,SC,Hindu,No,No,No,93.62,High,Yes,1
Scholarship Scheme 480,High School,Female,ST,Hindu,Yes,No,No,98.8,Medium,Yes,1
Scholarship Scheme 481,High School,Female,OBC,Hindu,Yes,No,Yes,75.55,High,Yes,1
Scholarship Scheme 482,Postgraduate,Male,General,Christian,Yes,Yes,No,91.45,Medium,Yes,0
Scholarship Scheme 483,Undergraduate,Male,General,Sikh,Yes,Yes,Yes,71.32,Low,Yes,0
Scholarship Scheme 484,Postgraduate,Female,ST,Hindu,No,No,No,71.07,High,Yes,1
Scholarship Scheme 485,Undergraduate,All,General,Hindu,No,No,No,62.64,Low,Yes,0
Scholarship Scheme 486,Postgraduate,Male,OBC,Hindu,Yes,Yes,No,90.83,Low,Yes,1
Scholarship Scheme 487,Doctorate,All,General,Christian,No,No,No,99.19,Low,Yes,1
Scholarship Scheme 488,High School,All,SC,Christian,Yes,No,No,62.79,High,Yes,1
Scholarship Scheme 489,Undergraduate,Male,SC,Sikh,Yes,Yes,Yes,52.8,Low,Yes,1
Scholarship Scheme 490,Undergraduate,All,OBC,Sikh,Yes,Yes,Yes,90.7,Low,Yes,0
Scholarship Scheme 491,High School,All,SC,Sikh,No,Yes,Yes,80.95,High,Yes,1
Scholarship Scheme 492,Undergraduate,Female,ST,Hindu,No,Yes,No,97.89,Low,Yes,0
Scholarship Scheme 493,Undergraduate,All,General,Muslim,Yes,No,Yes,62.59,High,Yes,0
Scholarship Scheme 494,Postgraduate,Female,OBC,Christian,Yes,Yes,No,53.54,Low,Yes,0
Scholarship Scheme 495,Undergraduate,Male,ST,Hindu,Yes,No,No,74.57,Medium,Yes,0
Scholarship Scheme 496,Doctorate,Male,General,Hindu,Yes,No,Yes,54.26,Low,Yes,1
Scholarship Scheme 497,Doctorate,Female,ST,Sikh,No,No,Yes,63.06,Medium,Yes,1
Scholarship Scheme 498,High School,Male,OBC,Sikh,No,No,No,56.29,High,Yes,0
Scholarship Scheme 499,Undergraduate,All,OBC,Hindu,Yes,Yes,No,61.18,Medium,Yes,0
Scholarship Scheme 500,High School,All,ST,Christian,Yes,No,Yes,55.3,High,Yes,0
Scholarship Scheme 501,Doctorate,All,General,Christian,No,No,No,97.6,Low,Yes,1
Scholarship Scheme 502,Undergraduate,Male,SC,Hindu,Yes,No,Yes,63.9,Medium,Yes,1
Scholarship Scheme 503,Undergraduate,All,SC,Muslim,No,Yes,Yes,72.15,Low,Yes,0
Scholarship Scheme 504,High School,Male,ST,Muslim,No,Yes,No,94.84,Medium,Yes,0
Scholarship Scheme 505,Doctorate,All,OBC,Christian,Yes,Yes,No,83.8,High,Yes,0
Scholarship Scheme 506,Undergraduate,Female,General,Sikh,No,Yes,No,80.84,High,Yes,0
Scholarship Scheme 507,High School,Male,General,Muslim,No,Yes,No,85.21,High,Yes,1
Scholarship Scheme 508,Doctorate,Male,OBC,Muslim,No,No,Yes,91.36,High,Yes,0
Scholarship Scheme 509,High School,All,SC,Sikh,No,Yes,No,93.8,Low,Yes,0
Scholarship Scheme 510,Postgraduate,Male,General,Muslim,Yes,No,Yes,82.07,Low,Yes,0
Scholarship Scheme 511,Undergraduate,Male,ST,Hindu,No,Yes,Yes,94.41,Low,Yes,0
Scholarship Scheme 512,Postgraduate,Female,SC,Muslim,No,No,No,76.72,Low,Yes,0
Scholarship Scheme 513,Doctorate,Female,ST,Sikh,No,Yes,Yes,63.84,Low,Yes,1
Scholarship Scheme 514,Postgraduate,All,SC,Hindu,Yes,No,No,93.92,High,Yes,1
Scholarship Scheme 515,Postgraduate,Female,OBC,Muslim,Yes,Yes,No,77.02,Low,Yes,1
Scholarship Scheme 516,Doctorate,All,ST,Christian,Yes,No,Yes,95.22,Low,Yes,0
Scholarship Scheme 517,High School,All,ST,Hindu,No,No,Yes,52.0,Low,Yes,0
Scholarship Scheme 518,Postgraduate,All,OBC,Hindu,Yes,No,Yes,69.84,High,Yes,0
Scholarship Scheme 519,High School,Male,ST,Christian,Yes,No,No,97.3,High,Yes,0
Scholarship Scheme 520,Postgraduate,Female,SC,Christian,Yes,No,No,62.46,High,Yes,0
Scholarship Scheme 521,High School,All,General,Muslim,No,No,Yes,96.98,High,Yes,0
Scholarship Scheme 522,Doctorate,Female,General,Muslim,Yes,Yes,No,97.6,Low,Yes,0
Scholarship Scheme 523,Postgraduate,All,OBC,Sikh,Yes,Yes,No,94.02,Low,Yes,0
Scholarship Scheme 524,Doctorate,Female,SC,Sikh,Yes,No,Yes,78.13,Medium,Yes,1
Scholarship Scheme 525,Postgraduate,Female,ST,Hindu,No,No,No,82.28,Low,Yes,0
Scholarship Scheme 526,Doctorate,All,ST,Christian,No,No,Yes,93.39,High,Yes,0
Scholarship Scheme 527,Doctorate,Male,General,Christian,Yes,No,Yes,88.72,High,Yes,0
Scholarship Scheme 528,Postgraduate,Female,ST,Sikh,Yes,No,Yes,81.44,Low,Yes,1
Scholarship Scheme 529,Postgraduate,Male,General,Hindu,Yes,No,No,99.01,Medium,Yes,1
Scholarship Scheme 530,Postgraduate,Male,OBC,Hindu,No,No,Yes,84.22,High,Yes,0
Scholarship Scheme 531,Undergraduate,All,ST,Sikh,No,Yes,Yes,98.68,Medium,Yes,1
Scholarship Scheme 532,High School,All,SC,Sikh,Yes,No,Yes,52.86,High,Yes,0
Scholarship Scheme 533,Undergraduate,All,ST,Sikh,No,No,Yes,56.93,High,Yes,1
Scholarship Scheme 534,Undergraduate,Female,General,Muslim,Yes,Yes,No,72.53,Low,Yes,1
Scholarship Scheme 535,Doctorate,All,OBC,Hindu,No,Yes,Yes,69.21,High,Yes,1
Scholarship Scheme 536,Postgraduate,All,General,Hindu,Yes,No,No,89.06,Medium,Yes,1
Scholarship Scheme 537,High School,Female,ST,Hindu,No,Yes,Yes,58.01,Medium,Yes,0
Scholarship Scheme 538,Doctorate,Female,General,Sikh,Yes,Yes,No,98.71,Low,Yes,0
Scholarship Scheme 539,Undergraduate,All,General,Sikh,No,Yes,No,65.72,High,Yes,0
Scholarship Scheme 540,Postgraduate,All,OBC,Sikh,Yes,No,No,71.4,Medium,Yes,1
Scholarship Scheme 541,Doctorate,All,SC,Sikh,Yes,No,No,63.71,Low,Yes,0
Scholarship Scheme 542,Postgraduate,All,ST,Christian,Yes,Yes,Yes,78.91,Medium,Yes,0
Scholarship Scheme 543,Doctorate,Male,OBC,Sikh,Yes,No,Yes,52.93,Low,Yes,0
Scholarship Scheme 544,Postgraduate,Male,SC,Muslim,No,No,No,57.47,Medium,Yes,0
Scholarship Scheme 545,Undergraduate,All,General,Christian,Yes,No,No,87.22,High,Yes,1
Scholarship Scheme 546,High School,Male,SC,Christian,No,Yes,No,59.31,Medium,Yes,0
Scholarship Scheme 547,Undergraduate,Female,General,Sikh,No,Yes,Yes,61.75,Medium,Yes,0
Scholarship Scheme 548,High School,Male,General,Hindu,Yes,Yes,No,89.57,Low,Yes,0
Scholarship Scheme 549,Postgraduate,Male,OBC,Sikh,Yes,Yes,No,54.66,Low,Yes,1
Scholarship Scheme 550,Doctorate,All,General,Hindu,Yes,No,Yes,71.83,Low,Yes,0
Scholarship Scheme 551,Undergraduate,Male,OBC,Sikh,Yes,No,Yes,51.15,Medium,Yes,0
Scholarship Scheme 552,High School,Male,SC,Sikh,No,No,Yes,67.31,Low,Yes,1
Scholarship Scheme 553,Undergraduate,Male,SC,Hindu,No,Yes,Yes,84.88,High,Yes,0
Scholarship Scheme 554,High School,Male,General,Hindu,No,Yes,Yes,54.5,Low,Yes,0
Scholarship Scheme 555,Undergraduate,Female,OBC,Hindu,No,No,Yes,94.33,Low,Yes,1
Scholarship Scheme 556,High School,All,General,Hindu,Yes,Yes,No,95.38,High,Yes,0
Scholarship Scheme 557,High School,All,OBC,Muslim,No,Yes,No,55.24,Low,Yes,0
Scholarship Scheme 558,Postgraduate,Female,OBC,Hindu,Yes,No,Yes,99.44,Low,Yes,0
Scholarship Scheme 559,High School,Male,OBC,Sikh,Yes,Yes,No,64.85,Medium,Yes,0
Scholarship Scheme 560,Postgraduate,Female,SC,Sikh,No,Yes,Yes,54.2,Medium,Yes,0
Scholarship Scheme 561,High School,Male,OBC,Muslim,No,No,No,50.25,Low,Yes,1
Scholarship Scheme 562,Doctorate,Female,SC,Hindu,No,Yes,Yes,70.39,High,Yes,1
Scholarship Scheme 563,Doctorate,All,OBC,Sikh,No,No,Yes,81.43,Low,Yes,0
Scholarship Scheme 564,Doctorate,All,SC,Muslim,No,No,No,66.58,Low,Yes,0
Scholarship Scheme 565,High School,All,ST,Sikh,No,Yes,No,91.75,Low,Yes,0
Scholarship Scheme 566,Postgraduate,Male,SC,Muslim,Yes,No,Yes,85.76,Medium,Yes,1
Scholarship Scheme 567,Postgraduate,Male,SC,Muslim,Yes,Yes,Yes,67.47,High,Yes,0
Scholarship Scheme 568,High School,Female,General,Christian,Yes,Yes,Yes,86.64,High,Yes,0
Scholarship Scheme 569,Doctorate,Female,OBC,Christian,No,Yes,Yes,96.93,High,Yes,1
Scholarship Scheme 570,Doctorate,All,ST,Hindu,Yes,Yes,Yes,54.65,Medium,Yes,0
Scholarship Scheme 571,Postgraduate,Male,General,Christian,Yes,Yes,Yes,65.27,Medium,Yes,0
Scholarship Scheme 572,Doctorate,Female,OBC,Muslim,Yes,Yes,No,73.12,Low,Yes,0
Scholarship Scheme 573,Undergraduate,Male,ST,Sikh,Yes,Yes,No,74.85,Medium,Yes,1
Scholarship Scheme 574,Postgraduate,Male,ST,Sikh,Yes,Yes,No,77.06,Low,Yes,0
Scholarship Scheme 575,Doctorate,All,ST,Hindu,Yes,Yes,No,65.0,Medium,Yes,0
Scholarship Scheme 576,Postgraduate,All,OBC,Christian,No,No,No,83.3,Low,Yes,0
Scholarship Scheme 577,Undergraduate,Male,ST,Hindu,No,No,Yes,82.19,Medium,Yes,1
Scholarship Scheme 578,Postgraduate,Male,ST,Muslim,No,Yes,Yes,78.83,High,Yes,0
Scholarship Scheme 579,Postgraduate,Male,General,Christian,Yes,Yes,No,55.68,Low,Yes,0
Scholarship Scheme 580,Postgraduate,Male,SC,Hindu,No,Yes,Yes,73.8,Medium,Yes,1
Scholarship Scheme 581,Postgraduate,All,OBC,Sikh,No,No,No,67.78,Medium,Yes,0
Scholarship Scheme 582,Undergraduate,Female,SC,Sikh,Yes,No,No,74.5,Low,Yes,0
Scholarship Scheme 583,High School,All,General,Hindu,No,Yes,Yes,96.0,Medium,Yes,0
Scholarship Scheme 584,Postgraduate,Female,SC,Hindu,Yes,Yes,Yes,73.98,High,Yes,0
Scholarship Scheme 585,Postgraduate,Male,ST,Hindu,No,Yes,No,50.7,Low,Yes,0
Scholarship Scheme 586,Doctorate,Female,ST,Muslim,Yes,No,No,71.9,Low,Yes,1
Scholarship Scheme 587,Postgraduate,All,OBC,Muslim,Yes,Yes,No,90.95,Low,Yes,0
Scholarship Scheme 588,Doctorate,All,OBC,Sikh,No,No,No,88.93,Low,Yes,1
Scholarship Scheme 589,High School,Male,OBC,Muslim,Yes,No,Yes,75.62,Low,Yes,1
Scholarship Scheme 590,Undergraduate,All,General,Muslim,No,Yes,No,62.46,High,Yes,1
Scholarship Scheme 591,Undergraduate,Male,OBC,Christian,Yes,No,Yes,73.21,Low,Yes,0
Scholarship Scheme 592,High School,All,General,Muslim,No,Yes,No,78.13,High,Yes,0
Scholarship Scheme 593,Undergraduate,All,ST,Christian,No,No,No,99.89,High,Yes,1
Scholarship Scheme 594,High School,Male,SC,Muslim,Yes,No,Yes,82.14,High,Yes,1
Scholarship Scheme 595,High School,Female,ST,Sikh,No,Yes,Yes,84.64,Low,Yes,1
Scholarship Scheme 596,High School,All,ST,Hindu,No,Yes,Yes,74.52,High,Yes,0
Scholarship Scheme 597,Undergraduate,Female,ST,Sikh,No,No,Yes,67.69,Low,Yes,0
Scholarship Scheme 598,Doctorate,All,OBC,Muslim,Yes,No,Yes,90.57,High,Yes,1
Scholarship Scheme 599,High School,All,OBC,Hindu,Yes,No,No,74.7,Low,Yes,1
Scholarship Scheme 600,Postgraduate,All,OBC,Hindu,No,Yes,No,99.64,Medium,Yes,0
Scholarship Scheme 601,Undergraduate,All,SC,Hindu,No,Yes,No,72.81,Medium,Yes,1
Scholarship Scheme 602,High School,Female,OBC,Christian,Yes,Yes,Yes,53.39,High,Yes,1
Scholarship Scheme 603,High School,Female,General,Sikh,Yes,Yes,Yes,84.06,Medium,Yes,0
Scholarship Scheme 604,Postgraduate,All,ST,Christian,No,No,Yes,52.33,High,Yes,1
Scholarship Scheme 605,Doctorate,All,SC,Hindu,Yes,No,No,62.5,High,Yes,0
Scholarship Scheme 606,Doctorate,Female,SC,Sikh,Yes,No,Yes,67.65,High,Yes,1
Scholarship Scheme 607,Doctorate,Male,SC,Sikh,No,No,No,86.9,Medium,Yes,1
Scholarship Scheme 608,High School,Male,SC,Muslim,Yes,No,No,74.66,High,Yes,0
Scholarship Scheme 609,High School,Female,SC,Christian,Yes,Yes,No,51.43,Medium,Yes,1
Scholarship Scheme 610,High School,All,General,Christian,Yes,Yes,Yes,80.78,Medium,Yes,1
Scholarship Scheme 611,Undergraduate,All,ST,Muslim,No,No,No,70.53,Low,Yes,1
Scholarship Scheme 612,Postgraduate,Male,SC,Christian,Yes,No,No,96.0,Medium,Yes,0
Scholarship Scheme 613,High School,Male,ST,Hindu,No,No,No,74.93,Low,Yes,0
Scholarship Scheme 614,Postgraduate,Female,OBC,Hindu,Yes,No,Yes,85.38,High,Yes,1
Scholarship Scheme 615,Postgraduate,Male,SC,Christian,Yes,No,No,60.92,High,Yes,0
Scholarship Scheme 616,Doctorate,Female,SC,Muslim,No,No,Yes,87.97,Low,Yes,0
Scholarship Scheme 617,Undergraduate,Male,ST,Sikh,No,No,Yes,85.98,High,Yes,0
Scholarship Scheme 618,High School,Male,SC,Christian,No,No,No,95.11,Low,Yes,0
Scholarship Scheme 619,Doctorate,Male,SC,Sikh,No,Yes,No,51.69,Low,Yes,1
Scholarship Scheme 620,Doctorate,All,SC,Muslim,Yes,No,Yes,72.33,High,Yes,1
Scholarship Scheme 621,High School,All,General,Sikh,No,No,No,83.89,Low,Yes,1
Scholarship Scheme 622,Postgraduate,All,General,Muslim,No,Yes,Yes,54.75,Low,Yes,1
Scholarship Scheme 623,Doctorate,Male,SC,Muslim,No,Yes,Yes,70.49,Low,Yes,1
Scholarship Scheme 624,Postgraduate,Female,General,Hindu,Yes,No,Yes,97.01,High,Yes,0
Scholarship Scheme 625,Undergraduate,Female,OBC,Hindu,Yes,Yes,No,71.75,High,Yes,1
Scholarship Scheme 626,Postgraduate,Female,SC,Muslim,No,Yes,Yes,99.17,High,Yes,0
Scholarship Scheme 627,Undergraduate,Female,OBC,Christian,No,No,Yes,52.84,High,Yes,0
Scholarship Scheme 628,Postgraduate,All,ST,Hindu,No,Yes,No,85.82,High,Yes,0
Scholarship Scheme 629,Doctorate,All,OBC,Muslim,No,No,No,78.99,Medium,Yes,0
Scholarship Scheme 630,Doctorate,Male,ST,Sikh,Yes,No,Yes,74.98,Medium,Yes,0
Scholarship Scheme 631,Undergraduate,Male,SC,Sikh,No,No,Yes,98.45,Low,Yes,0
Scholarship Scheme 632,High School,Female,ST,Christian,Yes,Yes,Yes,56.47,Medium,Yes,0
Scholarship Scheme 633,Undergraduate,All,ST,Sikh,No,Yes,No,94.71,High,Yes,0
Scholarship Scheme 634,Undergraduate,Female,OBC,Sikh,No,No,Yes,84.49,High,Yes,0
Scholarship Scheme 635,Postgraduate,Male,OBC,Muslim,Yes,No,Yes,62.92,High,Yes,0
Scholarship Scheme 636,Postgraduate,Male,OBC,Sikh,No,Yes,No,94.99,Low,Yes,0
Scholarship Scheme 637,Undergraduate,Female,SC,Sikh,No,No,No,71.42,Low,Yes,0
Scholarship Scheme 638,Doctorate,Male,SC,Sikh,No,Yes,Yes,90.63,Low,Yes,1
Scholarship Scheme 639,Postgraduate,Female,OBC,Sikh,No,Yes,No,69.4,Low,Yes,1
Scholarship Scheme 640,High School,All,SC,Muslim,Yes,Yes,Yes,92.46,Low,Yes,1
Scholarship Scheme 641,Postgraduate,Female,SC,Sikh,No,Yes,Yes,81.77,Low,Yes,1
Scholarship Scheme 642,Postgraduate,All,ST,Christian,No,Yes,No,57.04,Medium,Yes,1
Scholarship Scheme 643,High School,All,ST,Hindu,Yes,Yes,Yes,82.42,High,Yes,0
Scholarship Scheme 644,Undergraduate,Male,OBC,Christian,No,No,Yes,59.55,Medium,Yes,0
Scholarship Scheme 645,High School,Male,SC,Hindu,Yes,No,No,70.55,Low,Yes,0
Scholarship Scheme 646,Undergraduate,Male,ST,Christian,No,Yes,Yes,58.5,High,Yes,0
Scholarship Scheme 647,Undergraduate,Female,General,Hindu,No,Yes,No,51.1,High,Yes,1
Scholarship Scheme 648,Undergraduate,Female,SC,Hindu,No,No,Yes,60.57,High,Yes,1
Scholarship Scheme 649,High School,Male,General,Hindu,Yes,No,No,76.76,Medium,Yes,1
Scholarship Scheme 650,Undergraduate,Female,OBC,Hindu,Yes,No,No,74.03,High,Yes,0
Scholarship Scheme 651,Doctorate,Male,SC,Muslim,No,No,No,75.02,Low,Yes,1
Scholarship Scheme 652,High School,Female,OBC,Christian,Yes,No,No,62.36,Low,Yes,1
Scholarship Scheme 653,Doctorate,All,OBC,Hindu,No,No,No,84.19,Medium,Yes,0
Scholarship Scheme 654,Undergraduate,All,OBC,Christian,Yes,No,No,85.14,Medium,Yes,1
Scholarship Scheme 655,Postgraduate,Male,OBC,Sikh,No,No,Yes,67.86,Low,Yes,0
Scholarship Scheme 656,Undergraduate,Female,OBC,Hindu,Yes,Yes,Yes,93.97,Medium,Yes,0
Scholarship Scheme 657,Doctorate,Female,SC,Christian,No,No,No,82.14,High,Yes,0
Scholarship Scheme 658,Doctorate,All,General,Muslim,Yes,Yes,Yes,85.58,Medium,Yes,1
Scholarship Scheme 659,High School,All,SC,Christian,Yes,No,No,63.84,High,Yes,0
Scholarship Scheme 660,Postgraduate,Male,SC,Hindu,Yes,No,No,50.03,High,Yes,0
Scholarship Scheme 661,High School,All,SC,Sikh,Yes,No,Yes,93.18,High,Yes,0
Scholarship Scheme 662,Doctorate,Male,ST,Christian,No,No,No,91.04,High,Yes,0
Scholarship Scheme 663,Undergraduate,All,ST,Sikh,No,No,Yes,56.15,High,Yes,0
Scholarship Scheme 664,Postgraduate,All,SC,Muslim,Yes,Yes,No,68.67,Low,Yes,0
Scholarship Scheme 665,Undergraduate,Female,General,Christian,No,No,No,83.0,Low,Yes,0
Scholarship Scheme 666,Undergraduate,All,SC,Christian,Yes,Yes,Yes,82.54,Low,Yes,0
Scholarship Scheme 667,Postgraduate,All,OBC,Muslim,No,Yes,No,92.93,High,Yes,0
Scholarship Scheme 668,High School,Male,ST,Muslim,Yes,No,No,57.0,Medium,Yes,1
Scholarship Scheme 669,Undergraduate,All,ST,Muslim,No,Yes,No,71.45,Medium,Yes,1
Scholarship Scheme 670,Doctorate,Male,SC,Hindu,No,No,Yes,54.85,High,Yes,0
Scholarship Scheme 671,Undergraduate,All,SC,Hindu,Yes,No,Yes,69.44,Medium,Yes,0
Scholarship Scheme 672,Postgraduate,All,General,Christian,Yes,No,Yes,50.75,High,Yes,1
Scholarship Scheme 673,Postgraduate,Male,General,Christian,Yes,Yes,Yes,94.82,Medium,Yes,0
Scholarship Scheme 674,Postgraduate,Female,OBC,Christian,Yes,No,Yes,76.3,High,Yes,1
Scholarship Scheme 675,High School,Male,SC,Sikh,Yes,Yes,No,92.41,Medium,Yes,0
Scholarship Scheme 676,Undergraduate,Male,SC,Muslim,No,No,Yes,52.99,Medium,Yes,0
Scholarship Scheme 677,High School,Male,SC,Christian,Yes,No,Yes,61.35,Low,Yes,1
Scholarship Scheme 678,High School,Female,ST,Muslim,No,Yes,No,62.94,Medium,Yes,1
Scholarship Scheme 679,Postgraduate,All,OBC,Hindu,Yes,Yes,No,69.3,Medium,Yes,0
Scholarship Scheme 680,Postgraduate,Male,General,Muslim,No,Yes,Yes,90.06,High,Yes,0
Scholarship Scheme 681,High School,Male,ST,Sikh,No,Yes,No,69.29,Medium,Yes,1
Scholarship Scheme 682,Undergraduate,Female,ST,Sikh,Yes,Yes,No,60.21,Medium,Yes,0
Scholarship Scheme 683,Doctorate,Male,ST,Muslim,Yes,Yes,No,53.24,Medium,Yes,1
Scholarship Scheme 684,High School,All,ST,Sikh,No,No,Yes,53.97,Medium,Yes,0
Scholarship Scheme 685,Undergraduate,Female,OBC,Sikh,No,Yes,No,87.93,Medium,Yes,0
Scholarship Scheme 686,Postgraduate,All,SC,Hindu,Yes,No,No,72.2,Low,Yes,0
Scholarship Scheme 687,Postgraduate,All,General,Christian,No,No,Yes,86.24,Medium,Yes,1
Scholarship Scheme 688,Undergraduate,Female,General,Sikh,No,No,No,84.05,High,Yes,0
Scholarship Scheme 689,Doctorate,Male,ST,Christian,No,No,No,56.75,High,Yes,0
Scholarship Scheme 690,Postgraduate,All,ST,Muslim,No,No,Yes,57.13,Medium,Yes,0
Scholarship Scheme 691,Postgraduate,All,OBC,Muslim,No,Yes,Yes,87.69,Medium,Yes,1
Scholarship Scheme 692,Postgraduate,All,ST,Sikh,No,No,Yes,85.99,Medium,Yes,1
Scholarship Scheme 693,Undergraduate,All,General,Muslim,Yes,No,No,68.86,Low,Yes,1
Scholarship Scheme 694,High School,Female,General,Hindu,Yes,No,Yes,53.86,High,Yes,1
Scholarship Scheme 695,Postgraduate,Female,SC,Sikh,Yes,Yes,Yes,50.6,Low,Yes,0
Scholarship Scheme 696,High School,All,SC,Sikh,Yes,Yes,No,64.38,Low,Yes,1
Scholarship Scheme 697,Doctorate,Male,General,Sikh,No,Yes,No,50.46,Medium,Yes,0
Scholarship Scheme 698,Postgraduate,All,General,Muslim,Yes,Yes,No,61.48,Medium,Yes,0
Scholarship Scheme 699,Postgraduate,Male,OBC,Muslim,No,No,No,70.93,High,Yes,0
Scholarship Scheme 700,Doctorate,All,OBC,Sikh,No,Yes,No,56.06,Medium,Yes,1
Scholarship Scheme 701,Postgraduate,Male,General,Christian,Yes,No,Yes,55.2,High,Yes,1
Scholarship Scheme 702,High School,All,ST,Muslim,Yes,Yes,Yes,94.73,Low,Yes,0
Scholarship Scheme 703,Undergraduate,Male,SC,Muslim,No,Yes,Yes,79.21,High,Yes,1
Scholarship Scheme 704,High School,All,General,Sikh,Yes,Yes,No,96.63,High,Yes,1
Scholarship Scheme 705,Undergraduate,All,ST,Christian,Yes,Yes,Yes,67.26,High,Yes,1
Scholarship Scheme 706,Undergraduate,Male,General,Sikh,No,No,No,83.79,Low,Yes,0
Scholarship Scheme 707,High School,Female,SC,Muslim,No,Yes,No,60.21,Low,Yes,1
Scholarship Scheme 708,High School,Male,SC,Sikh,No,No,Yes,80.86,Medium,Yes,1
Scholarship Scheme 709,High School,Female,OBC,Sikh,No,No,Yes,56.47,Medium,Yes,1
Scholarship Scheme 710,High School,All,OBC,Sikh,No,No,No,50.1,High,Yes,0
Scholarship Scheme 711,Doctorate,Male,OBC,Christian,No,No,No,96.48,High,Yes,0
Scholarship Scheme 712,Postgraduate,Male,OBC,Sikh,Yes,No,Yes,77.69,Low,Yes,0
Scholarship Scheme 713,Undergraduate,Male,SC,Muslim,Yes,No,Yes,96.25,Low,Yes,0
Scholarship Scheme 714,High School,Female,ST,Sikh,Yes,No,No,66.66,Low,Yes,0
Scholarship Scheme 715,High School,Female,ST,Christian,No,Yes,No,66.36,High,Yes,1
Scholarship Scheme 716,High School,All,ST,Hindu,No,No,No,69.99,High,Yes,1
Scholarship Scheme 717,Doctorate,Female,General,Christian,Yes,Yes,No,85.23,Low,Yes,1
Scholarship Scheme 718,High School,Female,OBC,Sikh,Yes,Yes,Yes,78.23,High,Yes,0
Scholarship Scheme 719,High School,All,OBC,Hindu,Yes,No,Yes,96.18,Low,Yes,0
Scholarship Scheme 720,High School,Male,SC,Sikh,No,No,No,51.27,Medium,Yes,0
Scholarship Scheme 721,Postgraduate,Male,SC,Christian,Yes,Yes,No,85.34,Low,Yes,0
Scholarship Scheme 722,Doctorate,All,General,Hindu,Yes,Yes,Yes,66.48,High,Yes,0
Scholarship Scheme 723,High School,Male,General,Hindu,Yes,No,No,58.99,High,Yes,0
Scholarship Scheme 724,Undergraduate,Female,ST,Sikh,No,No,No,75.47,High,Yes,1
Scholarship Scheme 725,Undergraduate,All,SC,Sikh,Yes,Yes,No,75.2,High,Yes,0
Scholarship Scheme 726,Undergraduate,All,OBC,Christian,Yes,Yes,No,56.84,Low,Yes,0
Scholarship Scheme 727,Doctorate,All,ST,Sikh,No,No,No,60.07,Low,Yes,1
Scholarship Scheme 728,Doctorate,Male,OBC,Hindu,No,Yes,No,70.37,Medium,Yes,1
Scholarship Scheme 729,Undergraduate,All,ST,Muslim,No,Yes,Yes,70.4,Low,Yes,0
Scholarship Scheme 730,High School,All,OBC,Muslim,No,No,No,65.85,Medium,Yes,1
Scholarship Scheme 731,Doctorate,All,General,Christian,No,Yes,Yes,57.41,Low,Yes,1
Scholarship Scheme 732,Undergraduate,Male,ST,Sikh,Yes,No,Yes,50.22,Low,Yes,1
Scholarship Scheme 733,Undergraduate,Female,OBC,Christian,Yes,No,Yes,98.41,High,Yes,0
Scholarship Scheme 734,High School,All,OBC,Muslim,No,No,No,97.08,Medium,Yes,0
Scholarship Scheme 735,Postgraduate,Female,SC,Muslim,No,Yes,No,74.13,High,Yes,1
Scholarship Scheme 736,Doctorate,Male,ST,Sikh,No,No,No,99.65,High,Yes,0
Scholarship Scheme 737,High School,Male,OBC,Hindu,No,Yes,Yes,83.62,Low,Yes,1
Scholarship Scheme 738,Undergraduate,Male,SC,Sikh,Yes,No,Yes,53.44,Low,Yes,1
Scholarship Scheme 739,Undergraduate,Male,OBC,Muslim,Yes,No,No,55.87,Medium,Yes,0
Scholarship Scheme 740,High School,Female,ST,Hindu,No,Yes,No,95.71,Medium,Yes,0
Scholarship Scheme 741,Doctorate,All,General,Christian,No,Yes,Yes,81.44,Low,Yes,1
Scholarship Scheme 742,Postgraduate,Male,ST,Muslim,No,Yes,Yes,92.07,Medium,Yes,1
Scholarship Scheme 743,Postgraduate,Male,ST,Christian,No,No,Yes,94.82,Low,Yes,1
Scholarship Scheme 744,Undergraduate,Female,OBC,Hindu,Yes,Yes,No,72.35,Low,Yes,1
Scholarship Scheme 745,Doctorate,Female,OBC,Christian,No,No,Yes,52.42,Low,Yes,1
Scholarship Scheme 746,Postgraduate,Male,ST,Muslim,No,Yes,Yes,59.4,Medium,Yes,1
Scholarship Scheme 747,Doctorate,All,SC,Sikh,Yes,No,Yes,53.32,High,Yes,0
Scholarship Scheme 748,Doctorate,All,SC,Christian,No,No,No,59.42,Medium,Yes,0
Scholarship Scheme 749,Undergraduate,Male,SC,Muslim,Yes,No,No,70.49,High,Yes,0
Scholarship Scheme 750,Postgraduate,Female,OBC,Muslim,No,No,No,55.9,Medium,Yes,0
Scholarship Scheme 751,High School,Male,OBC,Hindu,No,Yes,Yes,58.32,High,Yes,0
Scholarship Scheme 752,Undergraduate,Male,ST,Muslim,Yes,Yes,Yes,72.25,High,Yes,1
Scholarship Scheme 753,Postgraduate,Female,General,Sikh,No,No,Yes,66.97,Medium,Yes,1
Scholarship Scheme 754,Postgraduate,Male,OBC,Sikh,Yes,No,Yes,73.34,Medium,Yes,1
Scholarship Scheme 755,Postgraduate,Male,ST,Christian,Yes,Yes,No,71.42,High,Yes,1
Scholarship Scheme 756,Postgraduate,Male,ST,Christian,Yes,Yes,Yes,82.16,Low,Yes,0
Scholarship Scheme 757,Postgraduate,Female,General,Christian,No,Yes,Yes,96.77,High,Yes,0
Scholarship Scheme 758,Doctorate,All,SC,Christian,No,Yes,No,55.38,High,Yes,1
Scholarship Scheme 759,Undergraduate,All,ST,Sikh,Yes,Yes,Yes,54.95,Low,Yes,0
Scholarship Scheme 760,Doctorate,Female,ST,Hindu,No,Yes,Yes,92.56,High,Yes,1
Scholarship Scheme 761,High School,All,ST,Christian,No,No,Yes,75.27,Low,Yes,0
Scholarship Scheme 762,Postgraduate,Male,SC,Hindu,No,Yes,No,88.24,Low,Yes,0
Scholarship Scheme 763,Undergraduate,All,SC,Muslim,Yes,Yes,Yes,60.75,Medium,Yes,0
Scholarship Scheme 764,Postgraduate,Male,General,Muslim,Yes,No,No,91.36,High,Yes,0
Scholarship Scheme 765,Undergraduate,All,OBC,Christian,No,Yes,Yes,96.1,High,Yes,1
Scholarship Scheme 766,Doctorate,Female,SC,Muslim,Yes,Yes,No,81.71,Low,Yes,1
Scholarship Scheme 767,Undergraduate,All,OBC,Hindu,No,Yes,No,55.28,High,Yes,1
Scholarship Scheme 768,High School,All,OBC,Hindu,No,No,No,94.68,Low,Yes,1
Scholarship Scheme 769,High School,All,SC,Muslim,No,Yes,Yes,89.55,High,Yes,1
Scholarship Scheme 770,Undergraduate,Female,ST,Christian,Yes,No,Yes,87.47,High,Yes,1
Scholarship Scheme 771,Undergraduate,All,General,Hindu,Yes,Yes,No,51.83,Low,Yes,0
Scholarship Scheme 772,Undergraduate,Female,OBC,Hindu,No,No,No,89.87,Low,Yes,1
Scholarship Scheme 773,Undergraduate,Male,ST,Sikh,Yes,Yes,Yes,56.88,High,Yes,1
Scholarship Scheme 774,High School,All,SC,Christian,No,Yes,No,61.1,High,Yes,0
Scholarship Scheme 775,Postgraduate,Female,OBC,Sikh,Yes,Yes,Yes,78.8,Low,Yes,0
Scholarship Scheme 776,Undergraduate,Female,OBC,Muslim,Yes,No,Yes,63.22,Medium,Yes,0
Scholarship Scheme 777,Undergraduate,All,OBC,Muslim,Yes,Yes,No,83.0,Medium,Yes,0
Scholarship Scheme 778,High School,Male,ST,Sikh,No,Yes,No,80.34,High,Yes,1
Scholarship Scheme 779,High School,Female,ST,Christian,No,No,Yes,55.4,High,Yes,1
Scholarship Scheme 780,Doctorate,All,ST,Hindu,No,No,Yes,82.74,High,Yes,1
Scholarship Scheme 781,Undergraduate,Male,OBC,Muslim,Yes,No,Yes,96.11,Low,Yes,0
Scholarship Scheme 782,Doctorate,Female,OBC,Christian,No,Yes,No,58.04,High,Yes,1
Scholarship Scheme 783,High School,Female,General,Christian,No,No,Yes,79.79,High,Yes,0
Scholarship Scheme 784,High School,Male,General,Muslim,No,Yes,No,67.06,High,Yes,1
Scholarship Scheme 785,Postgraduate,Male,ST,Muslim,No,No,No,72.93,Medium,Yes,1
Scholarship Scheme 786,Undergraduate,All,ST,Christian,Yes,No,Yes,64.32,High,Yes,1
Scholarship Scheme 787,Doctorate,All,SC,Hindu,Yes,Yes,No,67.67,High,Yes,0
Scholarship Scheme 788,High School,Female,ST,Sikh,No,Yes,No,51.44,Low,Yes,1
Scholarship Scheme 789,High School,Male,General,Muslim,Yes,Yes,No,98.98,Medium,Yes,0
Scholarship Scheme 790,Doctorate,Male,General,Sikh,Yes,Yes,No,81.18,Low,Yes,1
Scholarship Scheme 791,Postgraduate,Male,General,Christian,Yes,No,Yes,74.99,High,Yes,1
Scholarship Scheme 792,High School,Female,OBC,Sikh,Yes,No,Yes,69.15,High,Yes,0
Scholarship Scheme 793,Undergraduate,Male,OBC,Hindu,Yes,No,No,76.91,High,Yes,0
Scholarship Scheme 794,High School,Male,ST,Christian,No,Yes,No,68.97,High,Yes,0
Scholarship Scheme 795,Undergraduate,Female,SC,Hindu,Yes,Yes,No,67.96,High,Yes,0
Scholarship Scheme 796,Doctorate,All,SC,Christian,No,No,No,73.15,Low,Yes,1
Scholarship Scheme 797,Undergraduate,All,SC,Hindu,No,No,No,63.77,High,Yes,0
Scholarship Scheme 798,Doctorate,Female,OBC,Christian,No,Yes,Yes,58.98,High,Yes,1
Scholarship Scheme 799,Undergraduate,Male,General,Hindu,Yes,No,Yes,77.77,Medium,Yes,0
Scholarship Scheme 800,Doctorate,Female,General,Christian,Yes,No,Yes,92.05,Medium,Yes,0
Scholarship Scheme 801,Undergraduate,All,OBC,Hindu,Yes,No,Yes,57.63,High,Yes,1
Scholarship Scheme 802,Postgraduate,All,SC,Christian,Yes,Yes,No,51.63,High,Yes,1
Scholarship Scheme 803,Undergraduate,Female,SC,Hindu,No,No,No,62.32,High,Yes,1
Scholarship Scheme 804,Undergraduate,Female,ST,Muslim,No,Yes,Yes,98.89,High,Yes,0
Scholarship Scheme 805,Postgraduate,All,ST,Sikh,No,No,Yes,91.36,High,Yes,0
Scholarship Scheme 806,High School,Female,SC,Christian,Yes,Yes,Yes,79.73,High,Yes,0
Scholarship Scheme 807,High School,All,OBC,Hindu,No,No,No,96.37,Low,Yes,0
Scholarship Scheme 808,Undergraduate,Female,SC,Muslim,No,No,No,72.22,Low,Yes,1
Scholarship Scheme 809,Postgraduate,Female,ST,Christian,No,No,No,99.07,Low,Yes,0
Scholarship Scheme 810,Undergraduate,Female,SC,Christian,Yes,Yes,Yes,64.79,Medium,Yes,1
Scholarship Scheme 811,Doctorate,All,OBC,Christian,No,No,Yes,61.99,High,Yes,1
Scholarship Scheme 812,Doctorate,Female,General,Sikh,No,No,No,81.84,Medium,Yes,1
Scholarship Scheme 813,Undergraduate,All,OBC,Hindu,Yes,Yes,No,68.87,Medium,Yes,1
Scholarship Scheme 814,High School,All,OBC,Hindu,No,Yes,No,81.26,Medium,Yes,0
Scholarship Scheme 815,High School,Female,ST,Christian,Yes,No,Yes,65.22,Low,Yes,0
Scholarship Scheme 816,Undergraduate,Female,OBC,Christian,No,No,No,80.83,High,Yes,1
Scholarship Scheme 817,Undergraduate,All,OBC,Christian,Yes,No,No,63.76,High,Yes,0
Scholarship Scheme 818,Doctorate,All,ST,Muslim,Yes,No,Yes,52.54,Medium,Yes,1
Scholarship Scheme 819,High School,Male,ST,Christian,Yes,No,No,95.52,Low,Yes,1
Scholarship Scheme 820,Undergraduate,All,General,Sikh,No,Yes,No,94.07,Medium,Yes,1
Scholarship Scheme 821,Doctorate,Male,SC,Hindu,No,No,No,98.44,Medium,Yes,1
Scholarship Scheme 822,High School,Male,OBC,Sikh,Yes,Yes,No,85.75,High,Yes,1
Scholarship Scheme 823,Postgraduate,Male,ST,Christian,Yes,Yes,Yes,84.07,Low,Yes,1
Scholarship Scheme 824,Doctorate,Female,General,Muslim,Yes,No,No,77.89,High,Yes,0
Scholarship Scheme 825,High School,Female,SC,Christian,Yes,Yes,Yes,56.28,Medium,Yes,1
Scholarship Scheme 826,High School,All,ST,Christian,Yes,No,No,59.44,High,Yes,0
Scholarship Scheme 827,Doctorate,Male,SC,Christian,Yes,Yes,Yes,64.44,Medium,Yes,1
Scholarship Scheme 828,Postgraduate,Female,SC,Christian,Yes,Yes,No,94.42,Low,Yes,1
Scholarship Scheme 829,Doctorate,Female,OBC,Christian,Yes,No,No,58.63,High,Yes,0
Scholarship Scheme 830,High School,Female,OBC,Hindu,Yes,No,Yes,96.05,High,Yes,0
Scholarship Scheme 831,Undergraduate,Female,ST,Sikh,Yes,Yes,No,76.09,High,Yes,0
Scholarship Scheme 832,Undergraduate,Female,SC,Muslim,Yes,No,No,85.71,High,Yes,1
Scholarship Scheme 833,Doctorate,Male,ST,Christian,Yes,No,Yes,55.5,High,Yes,1
Scholarship Scheme 834,High School,Male,ST,Muslim,No,Yes,No,63.42,Low,Yes,1
Scholarship Scheme 835,Undergraduate,Male,SC,Hindu,Yes,Yes,No,97.83,Low,Yes,1
Scholarship Scheme 836,High School,Male,ST,Sikh,No,Yes,No,63.28,High,Yes,0
Scholarship Scheme 837,Doctorate,All,SC,Christian,No,No,No,64.8,Medium,Yes,1
Scholarship Scheme 838,Undergraduate,Male,SC,Hindu,No,No,No,59.86,Medium,Yes,1
Scholarship Scheme 839,High School,Female,SC,Hindu,Yes,No,Yes,56.44,High,Yes,0
Scholarship Scheme 840,Undergraduate,Male,SC,Sikh,No,Yes,Yes,61.64,High,Yes,0
Scholarship Scheme 841,Doctorate,All,General,Christian,Yes,No,No,82.05,Low,Yes,1
Scholarship Scheme 842,High School,Female,SC,Sikh,No,Yes,No,72.72,Low,Yes,1
Scholarship Scheme 843,Undergraduate,Male,OBC,Sikh,Yes,Yes,Yes,77.63,High,Yes,1
Scholarship Scheme 844,Doctorate,Male,OBC,Muslim,Yes,Yes,Yes,56.11,High,Yes,1
Scholarship Scheme 845,Undergraduate,Male,OBC,Muslim,No,Yes,Yes,90.03,Medium,Yes,0
Scholarship Scheme 846,Undergraduate,Female,SC,Sikh,No,Yes,Yes,89.13,Low,Yes,1
Scholarship Scheme 847,Postgraduate,Female,OBC,Muslim,Yes,Yes,Yes,51.08,High,Yes,0
Scholarship Scheme 848,Postgraduate,All,General,Hindu,No,Yes,Yes,69.14,Low,Yes,0
Scholarship Scheme 849,Doctorate,Female,ST,Sikh,Yes,No,No,53.43,High,Yes,0
Scholarship Scheme 850,Postgraduate,Female,SC,Christian,Yes,Yes,No,89.53,High,Yes,1
Scholarship Scheme 851,Doctorate,Male,OBC,Christian,Yes,No,No,86.79,High,Yes,0
Scholarship Scheme 852,Postgraduate,Female,General,Hindu,No,No,No,95.01,High,Yes,0
Scholarship Scheme 853,Undergraduate,Male,ST,Christian,Yes,No,No,61.8,Medium,Yes,0
Scholarship Scheme 854,Doctorate,Male,General,Christian,Yes,No,Yes,72.77,High,Yes,0
Scholarship Scheme 855,Doctorate,Female,OBC,Sikh,Yes,No,Yes,59.21,Medium,Yes,0
Scholarship Scheme 856,Undergraduate,All,General,Hindu,Yes,Yes,Yes,68.52,Medium,Yes,1
Scholarship Scheme 857,Doctorate,All,ST,Sikh,No,No,Yes,76.06,High,Yes,0
Scholarship Scheme 858,Doctorate,Female,OBC,Hindu,No,No,Yes,52.66,Low,Yes,0
Scholarship Scheme 859,Postgraduate,All,ST,Sikh,No,No,Yes,85.67,Low,Yes,0
Scholarship Scheme 860,Doctorate,Male,General,Sikh,No,Yes,No,77.11,High,Yes,0
Scholarship Scheme 861,High School,Male,SC,Muslim,Yes,No,No,91.37,High,Yes,0
Scholarship Scheme 862,Undergraduate,Female,SC,Christian,Yes,No,Yes,63.56,High,Yes,1
Scholarship Scheme 863,Postgraduate,All,SC,Hindu,Yes,No,No,95.08,Low,Yes,0
Scholarship Scheme 864,Postgraduate,All,SC,Christian,Yes,No,Yes,99.83,Low,Yes,0
Scholarship Scheme 865,High School,Male,ST,Muslim,Yes,Yes,No,95.87,High,Yes,1
Scholarship Scheme 866,Undergraduate,Female,SC,Hindu,Yes,No,Yes,88.82,Low,Yes,0
Scholarship Scheme 867,Undergraduate,All,ST,Muslim,No,Yes,Yes,90.54,Medium,Yes,0
Scholarship Scheme 868,Postgraduate,Female,OBC,Christian,Yes,Yes,No,78.63,Low,Yes,0
Scholarship Scheme 869,Doctorate,All,SC,Sikh,Yes,No,Yes,59.49,Low,Yes,0
Scholarship Scheme 870,Postgraduate,Male,ST,Muslim,Yes,No,No,83.78,High,Yes,0
Scholarship Scheme 871,Undergraduate,Male,SC,Muslim,No,Yes,No,85.57,Medium,Yes,0
Scholarship Scheme 872,High School,Female,SC,Sikh,Yes,No,Yes,99.17,High,Yes,0
Scholarship Scheme 873,Postgraduate,Male,SC,Christian,Yes,No,Yes,77.01,Low,Yes,0
Scholarship Scheme 874,Undergraduate,All,ST,Muslim,Yes,No,Yes,63.54,Medium,Yes,1
Scholarship Scheme 875,Postgraduate,Male,General,Christian,No,Yes,No,84.12,High,Yes,1
Scholarship Scheme 876,Doctorate,Female,SC,Sikh,Yes,Yes,No,98.87,Low,Yes,1
Scholarship Scheme 877,Postgraduate,Female,SC,Hindu,Yes,No,Yes,58.84,Medium,Yes,1
Scholarship Scheme 878,Postgraduate,Female,OBC,Muslim,No,No,Yes,66.27,High,Yes,0
Scholarship Scheme 879,Undergraduate,All,General,Christian,Yes,Yes,Yes,77.04,Medium,Yes,0
Scholarship Scheme 880,Undergraduate,All,ST,Sikh,No,Yes,Yes,58.49,Low,Yes,0
Scholarship Scheme 881,Undergraduate,All,OBC,Sikh,Yes,Yes,Yes,51.11,High,Yes,0
Scholarship Scheme 882,Postgraduate,All,SC,Muslim,No,Yes,Yes,66.82,Low,Yes,1
Scholarship Scheme 883,Doctorate,All,OBC,Hindu,Yes,Yes,Yes,93.18,Medium,Yes,1
Scholarship Scheme 884,High School,Male,OBC,Muslim,Yes,Yes,No,52.17,Low,Yes,0
Scholarship Scheme 885,High School,All,SC,Christian,No,Yes,No,71.4,Medium,Yes,0
Scholarship Scheme 886,Undergraduate,All,General,Sikh,Yes,No,Yes,88.03,High,Yes,0
Scholarship Scheme 887,Undergraduate,Male,General,Hindu,Yes,Yes,Yes,97.56,Low,Yes,0
Scholarship Scheme 888,Postgraduate,All,OBC,Christian,No,Yes,No,99.18,High,Yes,0
Scholarship Scheme 889,High School,Female,SC,Muslim,Yes,No,Yes,71.06,High,Yes,0
Scholarship Scheme 890,Undergraduate,All,ST,Sikh,No,No,No,97.42,High,Yes,0
Scholarship Scheme 891,Doctorate,All,OBC,Muslim,Yes,No,No,51.77,High,Yes,1
Scholarship Scheme 892,Doctorate,Female,ST,Hindu,No,Yes,Yes,87.22,Low,Yes,0
Scholarship Scheme 893,Undergraduate,Female,OBC,Hindu,Yes,Yes,No,82.07,Low,Yes,0
Scholarship Scheme 894,Undergraduate,Female,OBC,Hindu,Yes,No,No,62.45,High,Yes,1
Scholarship Scheme 895,High School,Female,SC,Hindu,No,No,Yes,75.32,High,Yes,1
Scholarship Scheme 896,High School,All,SC,Hindu,Yes,No,Yes,56.46,Medium,Yes,1
Scholarship Scheme 897,Postgraduate,Female,ST,Muslim,No,Yes,No,93.49,High,Yes,0
Scholarship Scheme 898,High School,Female,ST,Hindu,No,No,Yes,67.86,Medium,Yes,0
Scholarship Scheme 899,Doctorate,Male,General,Hindu,No,Yes,No,81.24,Medium,Yes,0
Scholarship Scheme 900,Doctorate,Female,SC,Sikh,Yes,Yes,No,57.92,High,Yes,0
Scholarship Scheme 901,Undergraduate,Female,OBC,Hindu,Yes,Yes,No,60.29,Low,Yes,0
Scholarship Scheme 902,High School,Male,OBC,Sikh,Yes,Yes,No,99.5,Medium,Yes,0
Scholarship Scheme 903,Postgraduate,Male,General,Sikh,No,No,No,87.58,Low,Yes,1
Scholarship Scheme 904,Doctorate,All,SC,Sikh,No,No,No,98.0,High,Yes,0
Scholarship Scheme 905,Doctorate,Male,OBC,Muslim,No,No,Yes,64.76,High,Yes,0
Scholarship Scheme 906,Postgraduate,All,General,Muslim,Yes,Yes,Yes,58.21,High,Yes,1
Scholarship Scheme 907,Postgraduate,Male,General,Christian,No,No,Yes,75.1,High,Yes,1
Scholarship Scheme 908,Doctorate,Male,OBC,Christian,Yes,Yes,Yes,74.68,Medium,Yes,1
Scholarship Scheme 909,Doctorate,All,OBC,Sikh,Yes,Yes,No,58.73,Medium,Yes,0
Scholarship Scheme 910,Postgraduate,Male,ST,Muslim,Yes,Yes,No,86.59,Low,Yes,0
Scholarship Scheme 911,Doctorate,All,SC,Hindu,Yes,No,No,68.05,Low,Yes,0
Scholarship Scheme 912,Undergraduate,Male,ST,Christian,Yes,Yes,No,59.3,Medium,Yes,1
Scholarship Scheme 913,Undergraduate,Female,General,Muslim,Yes,Yes,No,66.57,High,Yes,0
Scholarship Scheme 914,Postgraduate,Male,OBC,Hindu,Yes,No,Yes,78.13,Low,Yes,0
Scholarship Scheme 915,High School,All,ST,Hindu,Yes,No,Yes,86.25,Medium,Yes,0
Scholarship Scheme 916,Postgraduate,Male,General,Muslim,No,No,Yes,74.05,Low,Yes,1
Scholarship Scheme 917,Postgraduate,All,SC,Christian,Yes,Yes,No,76.23,Medium,Yes,0
Scholarship Scheme 918,High School,All,OBC,Muslim,Yes,Yes,No,56.93,High,Yes,0
Scholarship Scheme 919,High School,Female,ST,Christian,No,No,Yes,95.64,Medium,Yes,0
Scholarship Scheme 920,High School,Female,SC,Sikh,No,Yes,No,96.34,Low,Yes,1
Scholarship Scheme 921,Undergraduate,All,ST,Muslim,No,Yes,No,84.1,Medium,Yes,1
Scholarship Scheme 922,Doctorate,Male,General,Muslim,No,No,Yes,50.88,Low,Yes,0
Scholarship Scheme 923,Undergraduate,All,SC,Christian,Yes,No,No,76.8,Low,Yes,0
Scholarship Scheme 924,Doctorate,All,ST,Christian,No,No,Yes,81.4,Low,Yes,0
Scholarship Scheme 925,Undergraduate,Male,SC,Muslim,No,No,Yes,99.63,High,Yes,0
Scholarship Scheme 926,Doctorate,Male,General,Hindu,No,No,Yes,99.7,High,Yes,0
Scholarship Scheme 927,Undergraduate,Male,SC,Hindu,No,No,Yes,92.79,Medium,Yes,1
Scholarship Scheme 928,High School,Male,ST,Hindu,Yes,No,No,53.19,Medium,Yes,0
Scholarship Scheme 929,Postgraduate,All,General,Sikh,No,No,No,97.57,Low,Yes,1
Scholarship Scheme 930,Undergraduate,All,OBC,Sikh,No,Yes,No,80.57,High,Yes,1
Scholarship Scheme 931,Doctorate,Female,ST,Christian,No,Yes,Yes,89.96,Medium,Yes,1
Scholarship Scheme 932,High School,All,ST,Sikh,No,Yes,No,70.32,Medium,Yes,0
Scholarship Scheme 933,Undergraduate,Male,General,Hindu,Yes,Yes,Yes,65.95,High,Yes,0
Scholarship Scheme 934,Undergraduate,Female,General,Muslim,No,Yes,No,73.12,Low,Yes,0
Scholarship Scheme 935,High School,Male,OBC,Sikh,No,Yes,No,57.33,Medium,Yes,0
Scholarship Scheme 936,Undergraduate,All,ST,Sikh,No,Yes,Yes,67.82,Low,Yes,1
Scholarship Scheme 937,Postgraduate,Female,General,Hindu,Yes,Yes,No,92.8,High,Yes,1
Scholarship Scheme 938,Undergraduate,Male,OBC,Sikh,No,Yes,Yes,51.89,High,Yes,0
Scholarship Scheme 939,Postgraduate,Female,OBC,Christian,No,Yes,Yes,57.53,Medium,Yes,0
Scholarship Scheme 940,Postgraduate,Female,General,Muslim,Yes,Yes,No,56.24,Medium,Yes,1
Scholarship Scheme 941,High School,All,ST,Hindu,No,No,No,70.11,High,Yes,0
Scholarship Scheme 942,Undergraduate,Male,SC,Christian,Yes,Yes,No,99.75,Low,Yes,0
Scholarship Scheme 943,High School,Female,SC,Hindu,Yes,No,No,58.65,Low,Yes,0
Scholarship Scheme 944,Undergraduate,Female,OBC,Christian,No,Yes,Yes,57.26,High,Yes,1
Scholarship Scheme 945,Undergraduate,Male,SC,Muslim,No,No,Yes,95.66,Medium,Yes,1
Scholarship Scheme 946,Doctorate,Female,SC,Muslim,Yes,Yes,No,94.01,High,Yes,1
Scholarship Scheme 947,Undergraduate,Female,General,Christian,Yes,No,No,51.61,Medium,Yes,0
Scholarship Scheme 948,High School,Female,OBC,Christian,No,Yes,No,87.51,Low,Yes,1
Scholarship Scheme 949,Postgraduate,Male,ST,Christian,Yes,No,Yes,82.71,Medium,Yes,0
Scholarship Scheme 950,Undergraduate,Male,OBC,Christian,Yes,Yes,No,88.31,Low,Yes,0
Scholarship Scheme 951,Doctorate,Male,General,Christian,No,No,Yes,74.68,High,Yes,0
Scholarship Scheme 952,High School,Male,SC,Christian,Yes,Yes,No,99.47,Medium,Yes,1
Scholarship Scheme 953,Undergraduate,All,ST,Muslim,Yes,No,No,52.19,Low,Yes,0
Scholarship Scheme 954,High School,Female,OBC,Christian,Yes,No,Yes,61.7,Medium,Yes,0
Scholarship Scheme 955,Doctorate,Male,SC,Sikh,Yes,No,Yes,69.79,Low,Yes,0
Scholarship Scheme 956,Doctorate,Female,OBC,Muslim,Yes,No,No,72.44,Low,Yes,1
Scholarship Scheme 957,High School,Female,ST,Hindu,Yes,No,Yes,95.98,High,Yes,1
Scholarship Scheme 958,Undergraduate,All,OBC,Muslim,No,No,Yes,77.94,High,Yes,1
Scholarship Scheme 959,Postgraduate,Male,OBC,Hindu,Yes,No,No,52.25,Medium,Yes,0
Scholarship Scheme 960,Doctorate,Male,OBC,Hindu,No,No,Yes,70.35,Low,Yes,1
Scholarship Scheme 961,Undergraduate,Female,SC,Sikh,No,Yes,Yes,70.78,High,Yes,1
Scholarship Scheme 962,Undergraduate,Male,ST,Christian,No,Yes,No,98.18,Medium,Yes,1
Scholarship Scheme 963,Postgraduate,Female,ST,Christian,No,Yes,No,79.9,High,Yes,0
Scholarship Scheme 964,Doctorate,Female,SC,Muslim,No,No,Yes,81.72,Medium,Yes,0
Scholarship Scheme 965,Doctorate,All,SC,Christian,No,No,No,85.59,High,Yes,1
Scholarship Scheme 966,Undergraduate,All,SC,Sikh,No,Yes,Yes,88.42,High,Yes,1
Scholarship Scheme 967,Undergraduate,All,General,Muslim,No,Yes,Yes,81.69,Low,Yes,0
Scholarship Scheme 968,Postgraduate,Female,OBC,Muslim,Yes,No,Yes,61.84,Low,Yes,0
Scholarship Scheme 969,Postgraduate,Male,OBC,Muslim,No,No,No,93.61,High,Yes,1
Scholarship Scheme 970,Doctorate,All,ST,Christian,No,Yes,Yes,86.53,Low,Yes,0
Scholarship Scheme 971,High School,Male,OBC,Christian,No,No,Yes,87.02,High,Yes,0
Scholarship Scheme 972,Doctorate,All,General,Christian,Yes,Yes,Yes,99.73,Medium,Yes,0
Scholarship Scheme 973,Undergraduate,All,SC,Muslim,No,No,No,90.05,High,Yes,0
Scholarship Scheme 974,Doctorate,Female,ST,Muslim,Yes,Yes,No,91.37,High,Yes,1
Scholarship Scheme 975,High School,All,ST,Hindu,No,Yes,No,97.48,Medium,Yes,0
Scholarship Scheme 976,Postgraduate,All,OBC,Hindu,No,No,Yes,57.54,Medium,Yes,0
Scholarship Scheme 977,High School,Female,ST,Christian,Yes,Yes,Yes,74.84,Low,Yes,0
Scholarship Scheme 978,High School,Male,SC,Muslim,No,No,No,78.97,Medium,Yes,1
Scholarship Scheme 979,High School,All,ST,Christian,Yes,No,Yes,66.43,Low,Yes,1
Scholarship Scheme 980,Postgraduate,Female,SC,Christian,Yes,No,Yes,91.89,High,Yes,1
Scholarship Scheme 981,High School,All,General,Hindu,No,No,Yes,88.04,Medium,Yes,1
Scholarship Scheme 982,High School,Female,General,Sikh,No,No,Yes,85.97,High,Yes,0
Scholarship Scheme 983,High School,Male,SC,Christian,Yes,Yes,No,99.76,Low,Yes,1
Scholarship Scheme 984,Undergraduate,Male,OBC,Sikh,Yes,No,No,62.94,Medium,Yes,1
Scholarship Scheme 985,High School,Female,ST,Sikh,No,No,No,86.7,Low,Yes,1
Scholarship Scheme 986,Postgraduate,Female,OBC,Muslim,No,Yes,Yes,77.52,Low,Yes,0
Scholarship Scheme 987,High School,Female,ST,Muslim,No,No,Yes,65.62,Medium,Yes,0
Scholarship Scheme 988,High School,Male,General,Christian,Yes,Yes,No,58.01,Medium,Yes,1
Scholarship Scheme 989,Postgraduate,All,General,Hindu,No,No,No,94.7,Low,Yes,0
Scholarship Scheme 990,High School,Male,General,Hindu,Yes,Yes,No,79.71,Medium,Yes,0
Scholarship Scheme 991,Postgraduate,Female,ST,Christian,No,No,Yes,91.16,Low,Yes,1
Scholarship Scheme 992,High School,Female,General,Christian,Yes,No,No,77.21,High,Yes,0
Scholarship Scheme 993,Postgraduate,Male,General,Hindu,Yes,No,Yes,60.98,High,Yes,1
Scholarship Scheme 994,High School,Female,General,Sikh,No,No,No,66.84,Medium,Yes,0
Scholarship Scheme 995,High School,Male,General,Christian,Yes,No,Yes,69.04,Medium,Yes,1
Scholarship Scheme 996,Undergraduate,Female,OBC,Sikh,Yes,Yes,Yes,98.55,High,Yes,0
Scholarship Scheme 997,Undergraduate,All,General,Christian,Yes,Yes,No,50.28,Low,Yes,1
Scholarship Scheme 998,High School,All,General,Christian,Yes,No,Yes,99.18,Low,Yes,0
Scholarship Scheme 999,High School,Female,OBC,Sikh,Yes,Yes,Yes,98.93,Low,Yes,1
Scholarship Scheme 1000,Doctorate,Male,OBC,Sikh,No,No,No,99.71,Medium,Yes,0
Scholarship Scheme 1001,Postgraduate,All,ST,Hindu,No,No,No,73.78,Low,Yes,0
Scholarship Scheme 1002,Doctorate,Male,SC,Christian,Yes,No,No,98.09,Medium,Yes,0
Scholarship Scheme 1003,Undergraduate,Female,General,Muslim,No,Yes,Yes,69.74,Medium,Yes,1
Scholarship Scheme 1004,Undergraduate,Male,General,Muslim,Yes,No,Yes,51.31,Medium,Yes,0
Scholarship Scheme 1005,Undergraduate,All,General,Christian,Yes,Yes,No,61.19,High,Yes,0
Scholarship Scheme 1006,Undergraduate,Male,ST,Christian,No,No,No,97.17,Low,Yes,0
Scholarship Scheme 1007,High School,Male,General,Christian,Yes,No,Yes,50.69,Medium,Yes,0
Scholarship Scheme 1008,Undergraduate,Female,SC,Sikh,Yes,Yes,No,77.25,Low,Yes,1
Scholarship Scheme 1009,High School,Female,OBC,Muslim,Yes,No,No,53.77,High,Yes,0
Scholarship Scheme 1010,High School,Female,ST,Muslim,No,Yes,Yes,64.29,Low,Yes,1
Scholarship Scheme 1011,Undergraduate,All,OBC,Muslim,No,No,Yes,54.4,High,Yes,0
Scholarship Scheme 1012,Undergraduate,All,General,Christian,Yes,No,No,92.89,Medium,Yes,0
Scholarship Scheme 1013,Postgraduate,Female,General,Sikh,Yes,No,Yes,79.49,Medium,Yes,0
Scholarship Scheme 1014,Doctorate,Female,General,Christian,Yes,Yes,Yes,95.02,High,Yes,0
Scholarship Scheme 1015,Undergraduate,All,SC,Hindu,Yes,No,No,84.35,Medium,Yes,0
Scholarship Scheme 1016,Postgraduate,All,SC,Hindu,Yes,Yes,No,98.45,Low,Yes,0
Scholarship Scheme 1017,Postgraduate,All,ST,Muslim,No,No,No,75.44,Low,Yes,1
Scholarship Scheme 1018,Doctorate,All,OBC,Christian,No,No,Yes,81.87,High,Yes,0
Scholarship Scheme 1019,High School,Female,General,Hindu,No,Yes,No,78.76,Low,Yes,0
Scholarship Scheme 1020,Undergraduate,All,General,Hindu,No,No,Yes,74.16,Medium,Yes,0
Scholarship Scheme 1021,Doctorate,Female,General,Christian,Yes,No,No,92.21,Medium,Yes,0
Scholarship Scheme 1022,Undergraduate,Male,General,Sikh,Yes,Yes,Yes,82.16,Medium,Yes,0
Scholarship Scheme 1023,Postgraduate,Male,SC,Christian,No,Yes,Yes,89.99,Low,Yes,0
Scholarship Scheme 1024,Postgraduate,All,OBC,Christian,No,Yes,No,89.24,Medium,Yes,1
Scholarship Scheme 1025,High School,Male,OBC,Sikh,Yes,No,Yes,59.53,Low,Yes,1
Scholarship Scheme 1026,Postgraduate,Male,ST,Muslim,No,Yes,No,82.44,High,Yes,1
Scholarship Scheme 1027,Postgraduate,Male,SC,Muslim,Yes,Yes,No,59.96,Medium,Yes,0
Scholarship Scheme 1028,Doctorate,All,General,Muslim,Yes,No,Yes,79.11,High,Yes,0
Scholarship Scheme 1029,Undergraduate,All,OBC,Sikh,Yes,Yes,Yes,83.8,Low,Yes,1
Scholarship Scheme 1030,Undergraduate,Male,OBC,Hindu,No,Yes,Yes,99.76,Low,Yes,1
Scholarship Scheme 1031,Doctorate,Female,SC,Sikh,No,No,No,51.52,High,Yes,0
Scholarship Scheme 1032,High School,Male,ST,Christian,No,Yes,No,54.55,Medium,Yes,0
Scholarship Scheme 1033,Undergraduate,All,ST,Sikh,No,No,No,53.84,Medium,Yes,0
Scholarship Scheme 1034,Postgraduate,All,General,Hindu,No,Yes,No,69.88,Medium,Yes,1
Scholarship Scheme 1035,Undergraduate,All,ST,Hindu,Yes,Yes,No,91.0,High,Yes,1
Scholarship Scheme 1036,Postgraduate,Male,OBC,Christian,No,No,No,92.12,Low,Yes,0
Scholarship Scheme 1037,High School,Female,ST,Muslim,Yes,Yes,Yes,86.78,High,Yes,0
Scholarship Scheme 1038,Doctorate,All,General,Hindu,Yes,No,No,94.75,Low,Yes,0
Scholarship Scheme 1039,Undergraduate,All,OBC,Hindu,Yes,Yes,No,66.11,Medium,Yes,0
Scholarship Scheme 1040,Doctorate,Male,ST,Hindu,No,Yes,No,54.4,Medium,Yes,0
Scholarship Scheme 1041,Undergraduate,Female,ST,Christian,No,No,No,52.9,Low,Yes,1
Scholarship Scheme 1042,Postgraduate,Male,SC,Hindu,No,No,Yes,92.52,Medium,Yes,0
Scholarship Scheme 1043,Doctorate,All,General,Muslim,No,Yes,Yes,86.45,High,Yes,1
Scholarship Scheme 1044,Undergraduate,Female,ST,Christian,No,Yes,Yes,84.86,Low,Yes,0
Scholarship Scheme 1045,Postgraduate,Female,SC,Muslim,No,Yes,No,66.95,Medium,Yes,1
Scholarship Scheme 1046,Doctorate,All,OBC,Hindu,No,No,No,68.96,Medium,Yes,1
Scholarship Scheme 1047,Doctorate,Female,SC,Hindu,No,No,No,97.81,Medium,Yes,0
Scholarship Scheme 1048,Undergraduate,Female,SC,Muslim,Yes,Yes,Yes,53.18,Medium,Yes,1
Scholarship Scheme 1049,Undergraduate,Male,ST,Christian,No,Yes,No,88.61,Low,Yes,0
Scholarship Scheme 1050,Undergraduate,All,ST,Christian,Yes,Yes,No,65.45,Low,Yes,0
Scholarship Scheme 1051,Postgraduate,All,ST,Muslim,Yes,No,Yes,51.95,Medium,Yes,0
Scholarship Scheme 1052,Undergraduate,All,SC,Hindu,Yes,Yes,Yes,87.05,High,Yes,0
Scholarship Scheme 1053,Doctorate,All,OBC,Sikh,Yes,No,No,66.51,High,Yes,1
Scholarship Scheme 1054,Doctorate,All,General,Muslim,No,No,Yes,86.04,High,Yes,0
Scholarship Scheme 1055,Undergraduate,Female,SC,Muslim,No,Yes,No,85.31,High,Yes,1
Scholarship Scheme 1056,Undergraduate,Male,ST,Muslim,Yes,No,No,76.69,Low,Yes,1
Scholarship Scheme 1057,High School,All,General,Hindu,Yes,No,Yes,88.79,Low,Yes,0
Scholarship Scheme 1058,Doctorate,Male,OBC,Christian,Yes,Yes,No,78.99,High,Yes,0
Scholarship Scheme 1059,Postgraduate,Male,General,Hindu,No,Yes,Yes,64.3,Low,Yes,0
Scholarship Scheme 1060,High School,Female,ST,Muslim,Yes,Yes,Yes,86.63,High,Yes,0
Scholarship Scheme 1061,Undergraduate,All,SC,Hindu,Yes,Yes,No,79.4,Medium,Yes,0
Scholarship Scheme 1062,Undergraduate,Female,SC,Hindu,No,Yes,Yes,50.64,Medium,Yes,1
Scholarship Scheme 1063,Doctorate,All,ST,Muslim,Yes,Yes,No,94.99,High,Yes,0
Scholarship Scheme 1064,Undergraduate,Female,SC,Hindu,No,Yes,No,77.23,Low,Yes,1
Scholarship Scheme 1065,Postgraduate,Male,ST,Sikh,No,No,Yes,93.34,High,Yes,0
Scholarship Scheme 1066,Doctorate,All,SC,Hindu,Yes,Yes,Yes,94.05,Low,Yes,0
Scholarship Scheme 1067,Undergraduate,Male,SC,Hindu,Yes,Yes,Yes,72.2,Medium,Yes,0
Scholarship Scheme 1068,Doctorate,Male,SC,Christian,Yes,Yes,No,75.33,Low,Yes,0
Scholarship Scheme 1069,Undergraduate,Female,OBC,Christian,No,Yes,No,70.75,High,Yes,0
Scholarship Scheme 1070,Undergraduate,All,OBC,Muslim,No,Yes,No,72.43,Medium,Yes,1
Scholarship Scheme 1071,Undergraduate,Male,ST,Muslim,No,Yes,No,94.67,Medium,Yes,1
Scholarship Scheme 1072,Postgraduate,Female,OBC,Christian,Yes,No,No,89.33,Low,Yes,0
Scholarship Scheme 1073,Postgraduate,All,ST,Sikh,Yes,Yes,No,56.31,Medium,Yes,1
Scholarship Scheme 1074,Doctorate,All,General,Hindu,Yes,No,No,80.45,Medium,Yes,0
Scholarship Scheme 1075,Undergraduate,Male,General,Sikh,Yes,Yes,Yes,99.7,Low,Yes,0
Scholarship Scheme 1076,Undergraduate,All,OBC,Sikh,Yes,No,No,79.72,Medium,Yes,1
Scholarship Scheme 1077,Postgraduate,Male,General,Christian,Yes,No,No,89.21,High,Yes,1
Scholarship Scheme 1078,Undergraduate,All,General,Muslim,No,No,Yes,88.38,Low,Yes,1
Scholarship Scheme 1079,Postgraduate,Female,SC,Hindu,No,Yes,No,67.48,Low,Yes,0
Scholarship Scheme 1080,Undergraduate,Male,SC,Muslim,No,Yes,No,68.56,Low,Yes,1
Scholarship Scheme 1081,Doctorate,Male,ST,Sikh,Yes,Yes,Yes,86.13,Low,Yes,1
Scholarship Scheme 1082,Undergraduate,All,General,Sikh,No,Yes,No,74.95,High,Yes,0
Scholarship Scheme 1083,Undergraduate,All,ST,Muslim,No,Yes,Yes,78.47,Low,Yes,1
Scholarship Scheme 1084,High School,Male,ST,Muslim,No,Yes,No,85.57,High,Yes,1
Scholarship Scheme 1085,Postgraduate,All,General,Christian,Yes,No,No,88.8,Low,Yes,1
Scholarship Scheme 1086,Undergraduate,Female,OBC,Muslim,Yes,No,Yes,63.55,Low,Yes,1
Scholarship Scheme 1087,Undergraduate,All,General,Muslim,No,No,Yes,57.33,Medium,Yes,0
Scholarship Scheme 1088,High School,Female,SC,Christian,Yes,Yes,No,64.56,Medium,Yes,1
Scholarship Scheme 1089,High School,Female,General,Muslim,Yes,Yes,No,75.33,High,Yes,0
Scholarship Scheme 1090,Postgraduate,Female,OBC,Sikh,Yes,No,Yes,67.07,Medium,Yes,1
Scholarship Scheme 1091,High School,Female,ST,Muslim,Yes,Yes,No,78.36,Low,Yes,0
Scholarship Scheme 1092,Doctorate,Female,ST,Hindu,No,Yes,Yes,52.67,High,Yes,1
Scholarship Scheme 1093,High School,All,SC,Sikh,Yes,Yes,Yes,75.44,Medium,Yes,0
Scholarship Scheme 1094,Doctorate,Female,SC,Christian,No,No,Yes,68.36,Low,Yes,1
Scholarship Scheme 1095,Postgraduate,All,SC,Sikh,No,No,No,76.68,Medium,Yes,0
Scholarship Scheme 1096,Postgraduate,Female,ST,Christian,Yes,Yes,No,71.08,Medium,Yes,0
Scholarship Scheme 1097,Postgraduate,Male,SC,Hindu,Yes,No,No,64.18,Medium,Yes,1
Scholarship Scheme 1098,Postgraduate,Female,General,Hindu,Yes,No,Yes,95.11,Medium,Yes,0
Scholarship Scheme 1099,Postgraduate,Male,ST,Sikh,No,Yes,No,59.22,Low,Yes,0
Scholarship Scheme 1100,Doctorate,Female,OBC,Muslim,No,Yes,Yes,84.0,Medium,Yes,0
Scholarship Scheme 1101,Doctorate,Female,ST,Sikh,No,No,Yes,96.14,High,Yes,0
Scholarship Scheme 1102,Postgraduate,Female,General,Sikh,No,No,No,76.88,High,Yes,0
Scholarship Scheme 1103,High School,Male,General,Hindu,No,Yes,No,93.73,Medium,Yes,0
Scholarship Scheme 1104,Undergraduate,Male,SC,Christian,No,Yes,Yes,56.23,High,Yes,0
Scholarship Scheme 1105,Postgraduate,Female,ST,Sikh,No,Yes,No,74.64,Medium,Yes,1
Scholarship Scheme 1106,High School,All,ST,Muslim,Yes,No,Yes,72.81,Low,Yes,1
Scholarship Scheme 1107,Undergraduate,Female,ST,Hindu,No,No,No,50.41,Low,Yes,1
Scholarship Scheme 1108,Postgraduate,Male,OBC,Sikh,No,Yes,Yes,72.12,High,Yes,0
Scholarship Scheme 1109,Postgraduate,Female,SC,Sikh,No,Yes,No,68.41,High,Yes,1
Scholarship Scheme 1110,Doctorate,Male,General,Muslim,No,Yes,Yes,83.42,Medium,Yes,0
Scholarship Scheme 1111,Undergraduate,Male,General,Sikh,Yes,Yes,No,96.82,Medium,Yes,1
Scholarship Scheme 1112,Undergraduate,Male,SC,Sikh,No,No,Yes,54.28,Medium,Yes,0
Scholarship Scheme 1113,High School,Female,General,Sikh,No,Yes,Yes,66.34,Low,Yes,0
Scholarship Scheme 1114,Doctorate,Male,General,Sikh,Yes,Yes,Yes,72.16,Medium,Yes,1
Scholarship Scheme 1115,Doctorate,Male,SC,Muslim,Yes,No,Yes,72.71,Low,Yes,0
Scholarship Scheme 1116,Doctorate,Female,General,Sikh,No,Yes,Yes,88.66,High,Yes,1
Scholarship Scheme 1117,Doctorate,Male,ST,Sikh,No,No,Yes,72.13,Low,Yes,1
Scholarship Scheme 1118,Undergraduate,Female,OBC,Sikh,No,No,No,51.36,High,Yes,0
Scholarship Scheme 1119,Undergraduate,Male,SC,Hindu,No,No,Yes,85.43,Low,Yes,1
Scholarship Scheme 1120,Postgraduate,All,OBC,Muslim,No,Yes,Yes,94.15,Low,Yes,0
Scholarship Scheme 1121,Postgraduate,All,General,Hindu,No,No,No,75.64,Medium,Yes,0
Scholarship Scheme 1122,Doctorate,Male,General,Hindu,Yes,Yes,No,79.0,High,Yes,0
Scholarship Scheme 1123,Doctorate,All,ST,Muslim,Yes,No,Yes,58.13,Low,Yes,0
Scholarship Scheme 1124,Doctorate,Female,SC,Hindu,No,No,No,61.01,Low,Yes,0
Scholarship Scheme 1125,Postgraduate,All,General,Hindu,No,No,No,61.73,High,Yes,0
Scholarship Scheme 1126,High School,Male,SC,Hindu,No,Yes,Yes,71.49,Low,Yes,0
Scholarship Scheme 1127,High School,Male,SC,Muslim,Yes,Yes,Yes,96.31,High,Yes,0
Scholarship Scheme 1128,Postgraduate,Female,SC,Sikh,No,No,No,76.04,High,Yes,1
Scholarship Scheme 1129,Postgraduate,Male,SC,Christian,Yes,Yes,No,59.59,High,Yes,0
Scholarship Scheme 1130,Postgraduate,Female,SC,Christian,Yes,No,No,63.28,Low,Yes,0
Scholarship Scheme 1131,Postgraduate,All,OBC,Muslim,No,No,No,69.16,Low,Yes,0
Scholarship Scheme 1132,Postgraduate,All,ST,Christian,Yes,No,No,81.1,Medium,Yes,0
Scholarship Scheme 1133,Postgraduate,Female,SC,Muslim,No,No,No,71.96,High,Yes,1
Scholarship Scheme 1134,Doctorate,Female,OBC,Muslim,Yes,Yes,Yes,69.58,Low,Yes,1
Scholarship Scheme 1135,Doctorate,Male,General,Christian,No,No,No,78.18,Low,Yes,1
Scholarship Scheme 1136,Doctorate,All,SC,Hindu,No,Yes,Yes,62.07,High,Yes,0
Scholarship Scheme 1137,Doctorate,Female,General,Sikh,Yes,No,Yes,53.94,High,Yes,1
Scholarship Scheme 1138,Postgraduate,All,SC,Christian,Yes,No,No,51.22,High,Yes,1
Scholarship Scheme 1139,High School,Female,OBC,Christian,Yes,No,Yes,62.54,Medium,Yes,0
Scholarship Scheme 1140,Undergraduate,All,OBC,Christian,No,No,No,54.57,Medium,Yes,0
Scholarship Scheme 1141,Postgraduate,Male,OBC,Christian,Yes,No,Yes,66.78,Medium,Yes,0
Scholarship Scheme 1142,Undergraduate,All,ST,Muslim,Yes,Yes,No,88.57,High,Yes,1
Scholarship Scheme 1143,High School,All,General,Muslim,No,Yes,Yes,85.74,Low,Yes,0
Scholarship Scheme 1144,Doctorate,All,ST,Sikh,No,No,No,80.49,High,Yes,1
Scholarship Scheme 1145,High School,All,SC,Sikh,Yes,Yes,Yes,92.54,Low,Yes,0
Scholarship Scheme 1146,Postgraduate,All,General,Christian,Yes,Yes,No,64.08,Medium,Yes,1
Scholarship Scheme 1147,Doctorate,Male,OBC,Christian,Yes,No,Yes,94.16,Medium,Yes,0
Scholarship Scheme 1148,Postgraduate,Female,General,Christian,No,No,Yes,69.92,Medium,Yes,1
Scholarship Scheme 1149,Doctorate,All,OBC,Sikh,No,No,Yes,70.0,Low,Yes,1
Scholarship Scheme 1150,Undergraduate,Male,ST,Christian,Yes,No,No,70.23,Low,Yes,0
Scholarship Scheme 1151,Undergraduate,All,ST,Hindu,No,Yes,No,54.89,High,Yes,1
Scholarship Scheme 1152,Undergraduate,All,OBC,Sikh,Yes,Yes,No,98.68,High,Yes,1
Scholarship Scheme 1153,High School,Female,OBC,Hindu,Yes,Yes,No,56.91,High,Yes,0
Scholarship Scheme 1154,Postgraduate,All,SC,Christian,No,Yes,No,67.01,Medium,Yes,0
Scholarship Scheme 1155,High School,Male,ST,Muslim,Yes,No,Yes,65.93,High,Yes,0
Scholarship Scheme 1156,Undergraduate,Male,ST,Hindu,Yes,No,No,53.73,Medium,Yes,0
Scholarship Scheme 1157,Postgraduate,Female,SC,Sikh,No,No,No,57.6,Low,Yes,1
Scholarship Scheme 1158,Undergraduate,All,ST,Hindu,Yes,No,Yes,52.24,Medium,Yes,0
Scholarship Scheme 1159,High School,Male,OBC,Sikh,Yes,Yes,No,64.59,Medium,Yes,1
Scholarship Scheme 1160,High School,All,General,Christian,No,Yes,No,93.25,Medium,Yes,0
Scholarship Scheme 1161,High School,All,General,Hindu,Yes,No,No,66.94,Low,Yes,0
Scholarship Scheme 1162,Undergraduate,All,ST,Muslim,Yes,Yes,No,56.17,Low,Yes,0
Scholarship Scheme 1163,Postgraduate,Female,SC,Hindu,No,Yes,No,82.22,High,Yes,0
Scholarship Scheme 1164,Postgraduate,All,OBC,Muslim,No,No,No,99.73,High,Yes,0
Scholarship Scheme 1165,Undergraduate,Male,General,Sikh,No,Yes,Yes,61.59,High,Yes,1
Scholarship Scheme 1166,Postgraduate,All,OBC,Christian,Yes,No,No,63.95,Low,Yes,0
Scholarship Scheme 1167,Undergraduate,Male,ST,Christian,No,Yes,No,98.5,Low,Yes,1
Scholarship Scheme 1168,Postgraduate,All,ST,Muslim,Yes,Yes,No,58.92,Low,Yes,0
Scholarship Scheme 1169,Doctorate,Male,General,Sikh,No,No,Yes,75.51,Low,Yes,1
Scholarship Scheme 1170,Doctorate,Male,ST,Christian,Yes,No,Yes,61.96,Low,Yes,1
Scholarship Scheme 1171,High School,All,SC,Sikh,Yes,No,Yes,96.52,Medium,Yes,0
Scholarship Scheme 1172,Doctorate,All,ST,Muslim,No,Yes,Yes,98.98,High,Yes,0
Scholarship Scheme 1173,Doctorate,Male,ST,Muslim,Yes,No,No,90.65,Medium,Yes,0
Scholarship Scheme 1174,Doctorate,Female,ST,Hindu,Yes,Yes,Yes,65.71,High,Yes,0
Scholarship Scheme 1175,Undergraduate,All,OBC,Christian,No,No,No,70.13,Medium,Yes,0
Scholarship Scheme 1176,Doctorate,Female,OBC,Christian,Yes,Yes,No,62.09,Low,Yes,1
Scholarship Scheme 1177,Doctorate,All,General,Hindu,Yes,No,No,94.45,High,Yes,0
Scholarship Scheme 1178,High School,All,General,Muslim,Yes,No,Yes,95.64,Medium,Yes,1
Scholarship Scheme 1179,Doctorate,All,General,Muslim,No,Yes,No,70.9,High,Yes,0
Scholarship Scheme 1180,Doctorate,All,ST,Muslim,No,Yes,Yes,82.76,Low,Yes,0
Scholarship Scheme 1181,Postgraduate,Female,OBC,Muslim,No,No,No,58.26,Low,Yes,1
Scholarship Scheme 1182,High School,All,SC,Sikh,No,Yes,Yes,71.7,High,Yes,0
Scholarship Scheme 1183,High School,Male,ST,Christian,No,No,Yes,81.51,High,Yes,1
Scholarship Scheme 1184,High School,Male,ST,Christian,No,Yes,No,69.23,Low,Yes,0
Scholarship Scheme 1185,High School,Female,ST,Muslim,No,Yes,No,67.84,Low,Yes,1
Scholarship Scheme 1186,High School,All,SC,Muslim,No,No,No,50.05,Low,Yes,1
Scholarship Scheme 1187,High School,Male,General,Muslim,Yes,No,Yes,90.13,Medium,Yes,1
Scholarship Scheme 1188,Undergraduate,Female,SC,Christian,Yes,Yes,Yes,94.38,High,Yes,1
Scholarship Scheme 1189,Doctorate,All,General,Christian,Yes,Yes,Yes,98.38,Low,Yes,0
Scholarship Scheme 1190,High School,Male,SC,Muslim,Yes,Yes,No,85.89,High,Yes,0
Scholarship Scheme 1191,Doctorate,Male,OBC,Sikh,No,Yes,Yes,77.38,Medium,Yes,0
Scholarship Scheme 1192,Doctorate,Female,ST,Hindu,Yes,No,No,63.44,Medium,Yes,0
Scholarship Scheme 1193,Undergraduate,All,ST,Hindu,Yes,No,Yes,99.87,Low,Yes,0
Scholarship Scheme 1194,High School,All,ST,Hindu,Yes,Yes,Yes,79.43,High,Yes,1
Scholarship Scheme 1195,Postgraduate,Male,General,Christian,Yes,No,Yes,83.99,Medium,Yes,0
Scholarship Scheme 1196,Undergraduate,Male,SC,Christian,Yes,Yes,No,84.05,High,Yes,1
Scholarship Scheme 1197,Postgraduate,Male,OBC,Hindu,No,Yes,No,92.18,High,Yes,1
Scholarship Scheme 1198,Doctorate,All,SC,Hindu,No,Yes,No,50.48,Low,Yes,1
Scholarship Scheme 1199,Doctorate,Female,ST,Sikh,Yes,No,Yes,60.99,Medium,Yes,1
Scholarship Scheme 1200,Undergraduate,Female,OBC,Christian,Yes,Yes,Yes,83.21,Medium,Yes,1
Scholarship Scheme 1201,Undergraduate,All,OBC,Christian,Yes,No,Yes,94.67,Medium,Yes,0
Scholarship Scheme 1202,Postgraduate,Female,ST,Hindu,Yes,No,Yes,84.2,High,Yes,1
Scholarship Scheme 1203,High School,Male,SC,Sikh,No,Yes,No,70.63,Medium,Yes,1
Scholarship Scheme 1204,Postgraduate,Female,ST,Sikh,Yes,No,Yes,68.04,Medium,Yes,0
Scholarship Scheme 1205,Undergraduate,Female,SC,Hindu,No,Yes,Yes,86.82,High,Yes,0
Scholarship Scheme 1206,Postgraduate,Female,OBC,Hindu,Yes,Yes,No,86.99,Medium,Yes,0
Scholarship Scheme 1207,Undergraduate,Male,OBC,Christian,No,No,No,80.29,Medium,Yes,0
Scholarship Scheme 1208,Postgraduate,All,ST,Hindu,No,Yes,No,64.54,High,Yes,1
Scholarship Scheme 1209,Undergraduate,Male,OBC,Muslim,No,No,Yes,96.17,Medium,Yes,0
Scholarship Scheme 1210,Undergraduate,All,General,Sikh,Yes,No,No,77.54,Low,Yes,0
Scholarship Scheme 1211,Undergraduate,All,OBC,Hindu,Yes,No,Yes,89.45,High,Yes,0
Scholarship Scheme 1212,High School,All,General,Muslim,No,Yes,No,60.69,Medium,Yes,0
Scholarship Scheme 1213,Postgraduate,Female,OBC,Sikh,Yes,No,Yes,67.17,Low,Yes,0
Scholarship Scheme 1214,Postgraduate,Female,ST,Muslim,Yes,Yes,Yes,93.64,High,Yes,0
Scholarship Scheme 1215,Postgraduate,All,ST,Muslim,No,Yes,Yes,52.5,Medium,Yes,1
Scholarship Scheme 1216,Undergraduate,All,General,Hindu,Yes,No,Yes,75.56,High,Yes,0
Scholarship Scheme 1217,Postgraduate,Female,ST,Sikh,No,No,Yes,74.04,Low,Yes,1
Scholarship Scheme 1218,Postgraduate,Male,OBC,Muslim,Yes,Yes,Yes,87.49,High,Yes,0
Scholarship Scheme 1219,Undergraduate,All,OBC,Christian,Yes,No,No,64.07,Medium,Yes,1
Scholarship Scheme 1220,Doctorate,Male,ST,Sikh,No,No,Yes,60.93,Low,Yes,0
Scholarship Scheme 1221,Undergraduate,Female,OBC,Christian,No,No,Yes,96.21,High,Yes,1
Scholarship Scheme 1222,Postgraduate,All,SC,Hindu,No,Yes,Yes,78.53,Medium,Yes,1
Scholarship Scheme 1223,Undergraduate,Male,SC,Christian,No,No,Yes,55.22,Medium,Yes,1
Scholarship Scheme 1224,Doctorate,Male,OBC,Sikh,Yes,Yes,No,59.63,Low,Yes,0
Scholarship Scheme 1225,Undergraduate,Male,ST,Muslim,Yes,Yes,Yes,99.84,Low,Yes,0
Scholarship Scheme 1226,Postgraduate,Female,General,Muslim,Yes,No,Yes,59.76,High,Yes,0
Scholarship Scheme 1227,Doctorate,Female,ST,Sikh,No,No,No,80.46,Medium,Yes,0
Scholarship Scheme 1228,High School,Male,General,Muslim,Yes,Yes,Yes,70.96,Low,Yes,0
Scholarship Scheme 1229,Postgraduate,Male,ST,Christian,Yes,Yes,No,94.19,Medium,Yes,1
Scholarship Scheme 1230,Doctorate,Female,OBC,Muslim,Yes,No,Yes,87.68,High,Yes,0
Scholarship Scheme 1231,Doctorate,Male,SC,Muslim,No,Yes,Yes,79.79,Low,Yes,0
Scholarship Scheme 1232,High School,Male,ST,Christian,No,No,No,50.54,High,Yes,1
Scholarship Scheme 1233,Undergraduate,Female,General,Christian,Yes,Yes,No,93.9,High,Yes,1
Scholarship Scheme 1234,Undergraduate,Male,SC,Christian,Yes,No,No,72.19,Low,Yes,1
Scholarship Scheme 1235,Postgraduate,Male,General,Hindu,No,Yes,Yes,96.49,High,Yes,0
Scholarship Scheme 1236,High School,Male,OBC,Christian,No,No,No,74.73,Medium,Yes,0
Scholarship Scheme 1237,Undergraduate,Female,SC,Christian,No,No,No,84.64,Low,Yes,1
Scholarship Scheme 1238,High School,Male,General,Hindu,No,Yes,Yes,53.46,Medium,Yes,0
Scholarship Scheme 1239,Undergraduate,Female,ST,Muslim,Yes,No,Yes,87.18,High,Yes,0
Scholarship Scheme 1240,Doctorate,Female,OBC,Christian,No,Yes,Yes,66.87,Low,Yes,0
Scholarship Scheme 1241,Undergraduate,All,OBC,Sikh,Yes,Yes,No,67.53,Medium,Yes,1
Scholarship Scheme 1242,High School,All,OBC,Christian,No,Yes,Yes,55.92,Medium,Yes,0
Scholarship Scheme 1243,Doctorate,Male,ST,Christian,Yes,Yes,No,57.33,Medium,Yes,1
Scholarship Scheme 1244,Doctorate,Female,ST,Hindu,Yes,No,No,59.27,Medium,Yes,0
Scholarship Scheme 1245,Doctorate,All,SC,Sikh,No,Yes,No,66.38,Medium,Yes,0
Scholarship Scheme 1246,High School,Male,ST,Muslim,Yes,Yes,No,94.51,High,Yes,0
Scholarship Scheme 1247,Postgraduate,All,SC,Muslim,Yes,Yes,Yes,68.38,High,Yes,0
Scholarship Scheme 1248,Postgraduate,All,OBC,Sikh,Yes,No,Yes,86.15,High,Yes,1
Scholarship Scheme 1249,Postgraduate,Female,SC,Christian,No,Yes,No,54.13,High,Yes,1
Scholarship Scheme 1250,High School,Female,General,Hindu,No,No,No,79.5,High,Yes,0
Scholarship Scheme 1251,Doctorate,All,OBC,Sikh,No,No,Yes,74.05,High,Yes,1
Scholarship Scheme 1252,Postgraduate,All,OBC,Sikh,Yes,Yes,Yes,98.8,High,Yes,1
Scholarship Scheme 1253,High School,Female,SC,Muslim,Yes,No,No,92.23,Medium,Yes,0
Scholarship Scheme 1254,Postgraduate,Male,OBC,Hindu,Yes,Yes,No,72.7,High,Yes,1
Scholarship Scheme 1255,Undergraduate,Female,ST,Sikh,Yes,No,No,88.68,Medium,Yes,1
Scholarship Scheme 1256,Postgraduate,All,General,Hindu,No,No,No,59.63,Low,Yes,0
Scholarship Scheme 1257,Postgraduate,Male,SC,Christian,Yes,Yes,No,78.06,High,Yes,0
Scholarship Scheme 1258,Doctorate,All,SC,Muslim,Yes,No,Yes,53.72,Medium,Yes,0
Scholarship Scheme 1259,High School,Male,OBC,Christian,Yes,Yes,No,67.37,Low,Yes,0
Scholarship Scheme 1260,Doctorate,All,ST,Hindu,No,No,Yes,61.27,Low,Yes,0
Scholarship Scheme 1261,Doctorate,Male,OBC,Christian,Yes,Yes,No,85.87,Medium,Yes,1
Scholarship Scheme 1262,Doctorate,Male,OBC,Muslim,No,Yes,Yes,74.46,Medium,Yes,1
Scholarship Scheme 1263,Doctorate,All,SC,Hindu,No,Yes,No,87.48,Medium,Yes,0
Scholarship Scheme 1264,Doctorate,Male,OBC,Sikh,Yes,Yes,Yes,75.71,High,Yes,0
Scholarship Scheme 1265,Postgraduate,Female,General,Christian,Yes,No,Yes,54.32,Low,Yes,1
Scholarship Scheme 1266,Doctorate,All,OBC,Muslim,Yes,Yes,No,86.69,High,Yes,0
Scholarship Scheme 1267,Doctorate,Female,OBC,Sikh,Yes,Yes,No,91.58,High,Yes,1
Scholarship Scheme 1268,High School,All,SC,Muslim,No,Yes,Yes,95.09,High,Yes,1
Scholarship Scheme 1269,Undergraduate,Male,OBC,Hindu,No,Yes,Yes,78.54,Low,Yes,1
Scholarship Scheme 1270,Postgraduate,Male,ST,Hindu,No,No,Yes,87.6,Low,Yes,1
Scholarship Scheme 1271,Postgraduate,Male,SC,Christian,No,Yes,No,87.53,Low,Yes,0
Scholarship Scheme 1272,Postgraduate,All,OBC,Muslim,No,No,Yes,57.77,Medium,Yes,0
Scholarship Scheme 1273,Doctorate,Female,General,Muslim,No,Yes,No,58.19,High,Yes,1
Scholarship Scheme 1274,Doctorate,Female,General,Muslim,No,Yes,No,53.54,Medium,Yes,1
Scholarship Scheme 1275,Doctorate,All,SC,Hindu,No,Yes,No,65.96,Medium,Yes,0
Scholarship Scheme 1276,High School,All,SC,Christian,No,Yes,No,73.63,High,Yes,0
Scholarship Scheme 1277,Undergraduate,Female,OBC,Muslim,No,Yes,No,99.8,Low,Yes,1
Scholarship Scheme 1278,Doctorate,Female,ST,Muslim,Yes,Yes,No,71.51,High,Yes,0
Scholarship Scheme 1279,Undergraduate,Female,OBC,Sikh,Yes,No,Yes,86.24,Medium,Yes,0
Scholarship Scheme 1280,High School,Female,General,Muslim,Yes,No,Yes,84.6,Low,Yes,1
Scholarship Scheme 1281,Postgraduate,All,ST,Christian,No,Yes,No,60.2,Low,Yes,0
Scholarship Scheme 1282,Doctorate,All,ST,Sikh,Yes,Yes,Yes,52.92,Medium,Yes,0
Scholarship Scheme 1283,Undergraduate,Male,ST,Sikh,No,Yes,Yes,77.25,Low,Yes,0
Scholarship Scheme 1284,Undergraduate,Female,OBC,Sikh,No,No,No,84.95,Low,Yes,1
Scholarship Scheme 1285,Doctorate,Male,General,Hindu,Yes,Yes,Yes,99.81,High,Yes,0
Scholarship Scheme 1286,Postgraduate,All,SC,Sikh,No,No,No,67.89,High,Yes,0
Scholarship Scheme 1287,Postgraduate,All,OBC,Muslim,Yes,No,No,94.73,Medium,Yes,1
Scholarship Scheme 1288,Postgraduate,Male,SC,Hindu,No,No,No,69.06,Medium,Yes,0
Scholarship Scheme 1289,High School,Female,ST,Hindu,No,No,No,84.4,Medium,Yes,0
Scholarship Scheme 1290,Undergraduate,Female,ST,Hindu,Yes,No,Yes,79.85,Low,Yes,0
Scholarship Scheme 1291,Undergraduate,Female,OBC,Hindu,Yes,Yes,Yes,52.64,Medium,Yes,0
Scholarship Scheme 1292,Undergraduate,Female,General,Hindu,Yes,No,No,53.91,High,Yes,1
Scholarship Scheme 1293,High School,Male,ST,Hindu,Yes,No,Yes,51.04,Low,Yes,1
Scholarship Scheme 1294,Undergraduate,Male,SC,Hindu,Yes,Yes,No,68.5,Medium,Yes,1
Scholarship Scheme 1295,High School,All,SC,Sikh,Yes,Yes,No,87.22,Low,Yes,1
Scholarship Scheme 1296,Postgraduate,Female,OBC,Christian,No,No,Yes,58.62,Low,Yes,0
Scholarship Scheme 1297,Doctorate,Female,SC,Muslim,No,Yes,Yes,80.23,Low,Yes,1
Scholarship Scheme 1298,Undergraduate,Female,General,Muslim,No,Yes,No,64.41,Medium,Yes,1
Scholarship Scheme 1299,Undergraduate,Male,ST,Sikh,No,Yes,Yes,89.77,Low,Yes,0
Scholarship Scheme 1300,Postgraduate,Female,SC,Sikh,Yes,No,No,89.84,Low,Yes,0
Scholarship Scheme 1301,Doctorate,Male,SC,Hindu,No,No,No,88.69,Low,Yes,0
Scholarship Scheme 1302,High School,Female,ST,Christian,No,Yes,Yes,76.19,High,Yes,0
Scholarship Scheme 1303,Doctorate,Female,OBC,Hindu,Yes,Yes,No,64.2,Medium,Yes,0
Scholarship Scheme 1304,Postgraduate,All,SC,Sikh,No,No,Yes,90.39,High,Yes,1
Scholarship Scheme 1305,Postgraduate,Female,OBC,Hindu,Yes,No,No,59.29,Low,Yes,1
Scholarship Scheme 1306,Doctorate,Female,OBC,Muslim,Yes,Yes,No,64.46,Low,Yes,1
Scholarship Scheme 1307,High School,All,SC,Muslim,Yes,No,No,59.18,High,Yes,0
Scholarship Scheme 1308,High School,Male,General,Hindu,No,No,No,83.64,Low,Yes,0
Scholarship Scheme 1309,Undergraduate,Male,OBC,Christian,Yes,Yes,No,84.24,High,Yes,1
Scholarship Scheme 1310,High School,Female,SC,Hindu,No,Yes,Yes,82.56,Low,Yes,1
Scholarship Scheme 1311,Doctorate,Male,OBC,Hindu,No,No,No,70.74,Low,Yes,0
Scholarship Scheme 1312,Postgraduate,Female,ST,Christian,No,No,Yes,55.0,Low,Yes,1
Scholarship Scheme 1313,Undergraduate,All,General,Christian,Yes,No,Yes,95.47,Low,Yes,0
Scholarship Scheme 1314,Undergraduate,All,General,Christian,Yes,Yes,Yes,75.34,Medium,Yes,1
Scholarship Scheme 1315,Postgraduate,Female,ST,Muslim,Yes,Yes,No,70.31,Medium,Yes,1
Scholarship Scheme 1316,High School,All,ST,Hindu,No,Yes,Yes,79.38,Medium,Yes,1
Scholarship Scheme 1317,Postgraduate,All,OBC,Sikh,No,Yes,Yes,59.62,High,Yes,1
Scholarship Scheme 1318,High School,Female,ST,Christian,Yes,No,Yes,56.61,High,Yes,0
Scholarship Scheme 1319,Postgraduate,Female,General,Christian,No,Yes,No,70.24,High,Yes,1
Scholarship Scheme 1320,Doctorate,All,ST,Hindu,Yes,Yes,No,61.34,High,Yes,0
Scholarship Scheme 1321,High School,Male,SC,Sikh,Yes,No,No,62.19,Medium,Yes,0
Scholarship Scheme 1322,Doctorate,Male,SC,Hindu,No,Yes,No,94.54,High,Yes,0
Scholarship Scheme 1323,Undergraduate,Female,OBC,Hindu,No,No,Yes,76.48,High,Yes,0
Scholarship Scheme 1324,Postgraduate,Female,General,Christian,Yes,Yes,No,74.13,High,Yes,0
Scholarship Scheme 1325,Undergraduate,Male,SC,Christian,No,No,Yes,84.41,Low,Yes,1
Scholarship Scheme 1326,Undergraduate,All,ST,Muslim,Yes,No,No,97.48,High,Yes,1
Scholarship Scheme 1327,Undergraduate,Male,SC,Sikh,Yes,No,Yes,55.6,Low,Yes,1
Scholarship Scheme 1328,Undergraduate,Male,SC,Sikh,No,Yes,No,91.59,High,Yes,0
Scholarship Scheme 1329,Postgraduate,Male,OBC,Christian,Yes,No,No,79.14,High,Yes,1
Scholarship Scheme 1330,Undergraduate,Male,ST,Christian,No,Yes,No,57.29,Low,Yes,0
Scholarship Scheme 1331,Postgraduate,Female,ST,Christian,Yes,Yes,No,64.83,High,Yes,1
Scholarship Scheme 1332,Postgraduate,Female,ST,Sikh,No,Yes,Yes,74.07,Low,Yes,1
Scholarship Scheme 1333,Doctorate,All,OBC,Muslim,No,Yes,No,84.49,High,Yes,1
Scholarship Scheme 1334,High School,All,ST,Sikh,Yes,Yes,No,62.11,High,Yes,0
Scholarship Scheme 1335,High School,All,ST,Christian,No,Yes,No,76.69,Low,Yes,1
Scholarship Scheme 1336,Postgraduate,All,SC,Christian,No,No,Yes,84.17,Medium,Yes,0
Scholarship Scheme 1337,Doctorate,Male,SC,Muslim,Yes,No,No,72.39,Low,Yes,0
Scholarship Scheme 1338,Postgraduate,Female,ST,Hindu,No,Yes,No,93.06,Medium,Yes,0
Scholarship Scheme 1339,Postgraduate,Female,General,Hindu,Yes,Yes,Yes,93.39,Low,Yes,0
Scholarship Scheme 1340,Postgraduate,All,General,Sikh,No,Yes,Yes,73.49,Medium,Yes,0
Scholarship Scheme 1341,Doctorate,All,ST,Hindu,Yes,Yes,Yes,98.55,High,Yes,1
Scholarship Scheme 1342,High School,Male,General,Hindu,Yes,Yes,No,53.77,Medium,Yes,0
Scholarship Scheme 1343,Doctorate,Male,OBC,Sikh,Yes,No,Yes,50.17,High,Yes,1
Scholarship Scheme 1344,Undergraduate,All,SC,Christian,Yes,No,No,69.0,Low,Yes,1
Scholarship Scheme 1345,Doctorate,Female,OBC,Hindu,No,Yes,Yes,79.99,Medium,Yes,1
Scholarship Scheme 1346,Doctorate,Female,SC,Christian,Yes,Yes,No,81.4,High,Yes,0
Scholarship Scheme 1347,Doctorate,Female,General,Sikh,No,No,Yes,73.77,Low,Yes,1
Scholarship Scheme 1348,Doctorate,All,General,Christian,Yes,Yes,Yes,56.23,Medium,Yes,1
Scholarship Scheme 1349,High School,Female,ST,Christian,No,Yes,Yes,58.51,High,Yes,1
Scholarship Scheme 1350,Undergraduate,Male,General,Sikh,Yes,Yes,No,92.52,Medium,Yes,1
Scholarship Scheme 1351,High School,Male,General,Christian,No,No,Yes,93.31,Medium,Yes,0
Scholarship Scheme 1352,High School,All,ST,Hindu,No,No,No,83.63,High,Yes,1
Scholarship Scheme 1353,Doctorate,Male,ST,Hindu,Yes,Yes,Yes,83.14,High,Yes,1
Scholarship Scheme 1354,Postgraduate,All,SC,Hindu,Yes,No,Yes,79.82,Low,Yes,0
Scholarship Scheme 1355,Postgraduate,Female,General,Hindu,Yes,No,Yes,60.13,High,Yes,0
Scholarship Scheme 1356,High School,Female,SC,Christian,No,Yes,No,71.37,High,Yes,1
Scholarship Scheme 1357,High School,Female,SC,Hindu,No,No,No,84.73,Medium,Yes,0
Scholarship Scheme 1358,Doctorate,Male,OBC,Christian,No,No,No,76.81,High,Yes,1
Scholarship Scheme 1359,High School,All,General,Muslim,No,No,Yes,50.93,Medium,Yes,0
Scholarship Scheme 1360,Doctorate,Female,General,Christian,Yes,No,No,97.58,Medium,Yes,0
Scholarship Scheme 1361,Postgraduate,All,OBC,Hindu,Yes,No,No,92.16,High,Yes,1
Scholarship Scheme 1362,Postgraduate,Female,SC,Muslim,Yes,No,Yes,63.0,High,Yes,1
Scholarship Scheme 1363,Undergraduate,Male,General,Sikh,Yes,Yes,Yes,80.76,High,Yes,1
Scholarship Scheme 1364,Postgraduate,Male,SC,Christian,No,Yes,No,96.07,High,Yes,1
Scholarship Scheme 1365,High School,All,OBC,Hindu,No,Yes,No,54.79,Low,Yes,1
Scholarship Scheme 1366,Postgraduate,Male,ST,Hindu,Yes,No,Yes,75.1,Medium,Yes,0
Scholarship Scheme 1367,Doctorate,Male,SC,Hindu,No,Yes,No,72.77,Low,Yes,1
Scholarship Scheme 1368,Postgraduate,All,General,Sikh,Yes,No,Yes,70.47,Low,Yes,0
Scholarship Scheme 1369,Undergraduate,Female,ST,Muslim,No,No,Yes,91.7,Medium,Yes,1
Scholarship Scheme 1370,Postgraduate,Male,SC,Muslim,No,Yes,No,68.99,Low,Yes,0
Scholarship Scheme 1371,Doctorate,All,SC,Hindu,No,No,No,53.18,High,Yes,1
Scholarship Scheme 1372,Doctorate,Male,ST,Christian,No,Yes,Yes,53.29,High,Yes,0
Scholarship Scheme 1373,High School,Male,ST,Hindu,No,No,No,52.13,High,Yes,0
Scholarship Scheme 1374,Postgraduate,Male,ST,Hindu,No,Yes,Yes,70.42,High,Yes,0
Scholarship Scheme 1375,Doctorate,Male,General,Christian,Yes,Yes,No,85.85,Medium,Yes,0
Scholarship Scheme 1376,Undergraduate,All,General,Hindu,No,Yes,Yes,60.17,High,Yes,0
Scholarship Scheme 1377,High School,All,SC,Sikh,Yes,Yes,No,82.26,Medium,Yes,0
Scholarship Scheme 1378,Undergraduate,All,SC,Hindu,Yes,No,No,84.29,Medium,Yes,1
Scholarship Scheme 1379,Postgraduate,Male,OBC,Sikh,Yes,Yes,Yes,62.73,Medium,Yes,0
Scholarship Scheme 1380,Postgraduate,Male,General,Hindu,Yes,No,No,79.97,Medium,Yes,0
Scholarship Scheme 1381,Postgraduate,Male,SC,Muslim,Yes,Yes,Yes,84.17,Low,Yes,1
Scholarship Scheme 1382,High School,All,ST,Christian,Yes,Yes,No,73.28,Low,Yes,0
Scholarship Scheme 1383,Doctorate,Male,ST,Muslim,No,Yes,No,66.8,High,Yes,1
Scholarship Scheme 1384,High School,Female,General,Hindu,No,No,No,80.9,Medium,Yes,0
Scholarship Scheme 1385,Undergraduate,Male,ST,Hindu,No,Yes,No,98.79,High,Yes,1
Scholarship Scheme 1386,High School,Female,OBC,Sikh,Yes,Yes,Yes,71.3,High,Yes,0
Scholarship Scheme 1387,Undergraduate,Male,SC,Hindu,Yes,No,Yes,69.55,High,Yes,0
Scholarship Scheme 1388,High School,All,SC,Hindu,Yes,Yes,No,73.17,High,Yes,1
Scholarship Scheme 1389,Doctorate,Male,SC,Hindu,No,No,Yes,53.8,Medium,Yes,0
Scholarship Scheme 1390,Undergraduate,Female,General,Muslim,No,Yes,Yes,77.6,Medium,Yes,1
Scholarship Scheme 1391,Postgraduate,Female,ST,Sikh,No,Yes,No,66.4,Low,Yes,0
Scholarship Scheme 1392,Postgraduate,Male,OBC,Muslim,Yes,Yes,Yes,56.06,Medium,Yes,1
Scholarship Scheme 1393,High School,Female,General,Sikh,Yes,No,Yes,73.27,Medium,Yes,1
Scholarship Scheme 1394,Postgraduate,Female,SC,Muslim,Yes,Yes,No,50.17,High,Yes,0
Scholarship Scheme 1395,Undergraduate,All,OBC,Hindu,No,Yes,No,70.05,Medium,Yes,1
Scholarship Scheme 1396,Postgraduate,Male,SC,Muslim,Yes,Yes,No,55.28,High,Yes,0
Scholarship Scheme 1397,Doctorate,Male,SC,Muslim,Yes,No,No,51.21,Medium,Yes,1
Scholarship Scheme 1398,Doctorate,Male,General,Sikh,Yes,No,Yes,91.14,Low,Yes,1
Scholarship Scheme 1399,High School,Female,SC,Sikh,Yes,No,No,95.72,High,Yes,0
Scholarship Scheme 1400,Undergraduate,Male,OBC,Muslim,No,No,Yes,60.36,Medium,Yes,0
Scholarship Scheme 1401,Doctorate,Male,SC,Sikh,No,No,Yes,76.91,Medium,Yes,1
Scholarship Scheme 1402,Doctorate,All,ST,Sikh,Yes,No,No,63.87,High,Yes,1
Scholarship Scheme 1403,Undergraduate,All,SC,Sikh,Yes,Yes,Yes,74.63,Low,Yes,1
Scholarship Scheme 1404,Postgraduate,All,General,Christian,No,Yes,Yes,71.79,Low,Yes,1
Scholarship Scheme 1405,Postgraduate,Female,OBC,Sikh,No,Yes,Yes,63.43,Medium,Yes,0
Scholarship Scheme 1406,High School,Male,General,Christian,Yes,Yes,No,84.95,Medium,Yes,1
Scholarship Scheme 1407,Postgraduate,All,ST,Christian,No,Yes,Yes,56.31,Medium,Yes,1
Scholarship Scheme 1408,Undergraduate,All,SC,Sikh,No,No,No,52.65,High,Yes,0
Scholarship Scheme 1409,Doctorate,All,General,Muslim,Yes,No,No,88.31,High,Yes,0
Scholarship Scheme 1410,Postgraduate,Male,General,Sikh,No,No,Yes,83.23,High,Yes,1
Scholarship Scheme 1411,High School,Male,General,Hindu,No,Yes,Yes,74.88,Medium,Yes,1
Scholarship Scheme 1412,Postgraduate,Male,General,Muslim,No,No,No,73.34,Low,Yes,0
Scholarship Scheme 1413,Undergraduate,Female,ST,Christian,No,Yes,No,74.82,High,Yes,1
Scholarship Scheme 1414,High School,Female,ST,Christian,Yes,No,No,71.81,Low,Yes,0
Scholarship Scheme 1415,Postgraduate,All,SC,Muslim,No,Yes,No,69.61,Medium,Yes,1
Scholarship Scheme 1416,High School,Male,SC,Muslim,No,No,No,74.93,High,Yes,0
Scholarship Scheme 1417,Undergraduate,All,OBC,Sikh,Yes,Yes,Yes,76.37,High,Yes,0
Scholarship Scheme 1418,Doctorate,Male,ST,Christian,No,No,No,84.53,High,Yes,0
Scholarship Scheme 1419,Undergraduate,Male,General,Hindu,Yes,Yes,Yes,85.49,Medium,Yes,1
Scholarship Scheme 1420,Undergraduate,Male,General,Sikh,Yes,No,No,68.84,Medium,Yes,0
Scholarship Scheme 1421,Undergraduate,Female,OBC,Muslim,No,Yes,Yes,70.64,Medium,Yes,1
Scholarship Scheme 1422,Undergraduate,Female,General,Christian,No,Yes,No,68.65,Low,Yes,0
Scholarship Scheme 1423,Doctorate,Male,OBC,Muslim,No,Yes,Yes,76.77,Low,Yes,1
Scholarship Scheme 1424,Doctorate,All,SC,Muslim,No,Yes,Yes,72.62,High,Yes,0
Scholarship Scheme 1425,High School,Male,ST,Muslim,No,No,No,94.39,High,Yes,0
Scholarship Scheme 1426,Postgraduate,Male,OBC,Sikh,Yes,No,Yes,84.75,Medium,Yes,0
Scholarship Scheme 1427,Doctorate,All,General,Hindu,No,No,No,94.84,Medium,Yes,0
Scholarship Scheme 1428,Doctorate,Male,OBC,Hindu,Yes,Yes,No,85.39,Medium,Yes,1
Scholarship Scheme 1429,Postgraduate,All,SC,Christian,No,No,Yes,98.45,High,Yes,0
Scholarship Scheme 1430,Doctorate,Female,General,Muslim,Yes,Yes,Yes,81.72,Medium,Yes,0
Scholarship Scheme 1431,Undergraduate,Female,SC,Hindu,No,No,No,98.08,Low,Yes,0
Scholarship Scheme 1432,Undergraduate,All,SC,Muslim,No,Yes,No,57.89,Low,Yes,0
Scholarship Scheme 1433,Postgraduate,Female,OBC,Christian,No,No,No,52.62,High,Yes,0
Scholarship Scheme 1434,High School,Female,SC,Muslim,No,Yes,Yes,78.9,High,Yes,0
Scholarship Scheme 1435,High School,All,General,Hindu,No,Yes,Yes,99.08,Low,Yes,1
Scholarship Scheme 1436,Postgraduate,Female,SC,Muslim,Yes,No,No,70.84,Medium,Yes,0
Scholarship Scheme 1437,Postgraduate,Male,SC,Hindu,No,No,Yes,60.58,High,Yes,0
Scholarship Scheme 1438,Undergraduate,Male,OBC,Christian,No,No,Yes,76.02,High,Yes,0
Scholarship Scheme 1439,High School,All,SC,Muslim,No,Yes,Yes,82.38,High,Yes,0
Scholarship Scheme 1440,Doctorate,Female,ST,Hindu,Yes,Yes,No,65.73,Low,Yes,1
Scholarship Scheme 1441,Undergraduate,Male,OBC,Christian,No,Yes,No,85.67,High,Yes,1
Scholarship Scheme 1442,Postgraduate,Male,OBC,Muslim,Yes,No,Yes,98.66,Low,Yes,0
Scholarship Scheme 1443,High School,Female,General,Christian,No,Yes,Yes,94.76,Low,Yes,0
Scholarship Scheme 1444,Doctorate,Female,General,Hindu,Yes,No,No,64.55,Medium,Yes,0
Scholarship Scheme 1445,Doctorate,Male,General,Muslim,No,Yes,Yes,66.3,Medium,Yes,1
Scholarship Scheme 1446,Undergraduate,Male,General,Muslim,No,No,No,68.54,Medium,Yes,1
Scholarship Scheme 1447,High School,All,ST,Muslim,Yes,Yes,No,69.69,High,Yes,1
Scholarship Scheme 1448,High School,All,OBC,Christian,No,Yes,No,55.01,Low,Yes,0
Scholarship Scheme 1449,Postgraduate,Male,SC,Christian,Yes,No,No,88.02,High,Yes,1
Scholarship Scheme 1450,High School,All,General,Hindu,No,Yes,No,68.23,Low,Yes,1
Scholarship Scheme 1451,High School,Male,General,Sikh,No,Yes,No,93.9,High,Yes,0
Scholarship Scheme 1452,Undergraduate,Male,General,Muslim,Yes,No,No,96.25,Low,Yes,0
Scholarship Scheme 1453,High School,All,SC,Muslim,No,Yes,Yes,51.22,Medium,Yes,0
Scholarship Scheme 1454,Doctorate,All,General,Hindu,Yes,No,No,99.33,Medium,Yes,1
Scholarship Scheme 1455,Undergraduate,Female,SC,Muslim,Yes,No,Yes,85.43,High,Yes,1
Scholarship Scheme 1456,Undergraduate,Female,OBC,Christian,No,Yes,Yes,75.97,Low,Yes,0
Scholarship Scheme 1457,Postgraduate,Female,OBC,Christian,No,Yes,Yes,69.44,Medium,Yes,0
Scholarship Scheme 1458,High School,Male,OBC,Muslim,No,Yes,No,75.87,Low,Yes,1
Scholarship Scheme 1459,Postgraduate,All,ST,Muslim,Yes,No,Yes,66.2,High,Yes,0
Scholarship Scheme 1460,Doctorate,Male,SC,Christian,Yes,Yes,No,81.07,Medium,Yes,0
Scholarship Scheme 1461,Undergraduate,All,General,Muslim,No,No,No,54.64,High,Yes,0
Scholarship Scheme 1462,Undergraduate,Male,General,Christian,Yes,Yes,Yes,80.99,High,Yes,0
Scholarship Scheme 1463,Undergraduate,Female,General,Sikh,Yes,Yes,Yes,63.74,Low,Yes,1
Scholarship Scheme 1464,Doctorate,Female,General,Sikh,Yes,No,Yes,50.88,High,Yes,0
Scholarship Scheme 1465,Doctorate,Female,ST,Muslim,Yes,Yes,Yes,77.58,High,Yes,1
Scholarship Scheme 1466,Postgraduate,Male,General,Muslim,No,Yes,No,78.86,Low,Yes,0
Scholarship Scheme 1467,Postgraduate,All,ST,Muslim,No,Yes,Yes,71.29,Low,Yes,0
Scholarship Scheme 1468,Postgraduate,All,SC,Christian,No,Yes,Yes,53.61,High,Yes,1
Scholarship Scheme 1469,High School,Female,OBC,Sikh,Yes,Yes,Yes,94.58,Medium,Yes,0
Scholarship Scheme 1470,Undergraduate,Female,General,Sikh,Yes,No,Yes,80.51,Medium,Yes,0
Scholarship Scheme 1471,Undergraduate,Female,OBC,Hindu,Yes,Yes,Yes,55.77,Low,Yes,1
Scholarship Scheme 1472,Postgraduate,Female,SC,Hindu,Yes,No,No,75.5,High,Yes,0
Scholarship Scheme 1473,Undergraduate,All,SC,Muslim,No,Yes,No,74.81,Medium,Yes,0
Scholarship Scheme 1474,Postgraduate,Male,General,Christian,Yes,Yes,No,53.01,Low,Yes,1
Scholarship Scheme 1475,High School,Male,SC,Muslim,Yes,No,Yes,80.28,Low,Yes,0
Scholarship Scheme 1476,High School,Male,OBC,Sikh,No,Yes,Yes,90.34,Low,Yes,0
Scholarship Scheme 1477,Doctorate,Male,General,Muslim,No,Yes,No,87.38,High,Yes,1
Scholarship Scheme 1478,High School,Female,ST,Muslim,No,No,No,60.13,Low,Yes,0
Scholarship Scheme 1479,Postgraduate,Female,General,Sikh,Yes,No,No,93.03,Medium,Yes,1
Scholarship Scheme 1480,High School,Female,OBC,Sikh,Yes,Yes,No,67.09,High,Yes,0
Scholarship Scheme 1481,Doctorate,Male,General,Sikh,Yes,No,Yes,97.23,Medium,Yes,1
Scholarship Scheme 1482,Undergraduate,Female,General,Sikh,Yes,No,Yes,53.58,Medium,Yes,0
Scholarship Scheme 1483,Postgraduate,Female,OBC,Hindu,Yes,No,Yes,74.26,Medium,Yes,1
Scholarship Scheme 1484,Undergraduate,All,General,Christian,Yes,No,No,79.8,High,Yes,1
Scholarship Scheme 1485,Doctorate,All,General,Christian,No,Yes,No,62.36,Medium,Yes,0
Scholarship Scheme 1486,Doctorate,Female,OBC,Sikh,Yes,Yes,No,88.49,Low,Yes,1
Scholarship Scheme 1487,Doctorate,All,SC,Christian,No,No,Yes,81.28,Low,Yes,0
Scholarship Scheme 1488,Undergraduate,All,OBC,Christian,No,Yes,Yes,50.9,Medium,Yes,1
Scholarship Scheme 1489,Undergraduate,Female,General,Christian,No,No,No,80.36,Low,Yes,1
Scholarship Scheme 1490,Undergraduate,Female,ST,Christian,Yes,Yes,Yes,74.52,High,Yes,0
Scholarship Scheme 1491,Undergraduate,Female,ST,Sikh,Yes,Yes,No,59.78,High,Yes,0
Scholarship Scheme 1492,Doctorate,Female,OBC,Muslim,No,No,No,99.69,Low,Yes,0
Scholarship Scheme 1493,Doctorate,Male,ST,Muslim,Yes,No,No,94.77,Low,Yes,0
Scholarship Scheme 1494,Postgraduate,Male,General,Muslim,Yes,Yes,Yes,64.6,High,Yes,0
Scholarship Scheme 1495,Postgraduate,Female,General,Hindu,No,Yes,No,77.0,Medium,Yes,0
Scholarship Scheme 1496,Undergraduate,All,OBC,Christian,Yes,Yes,No,65.79,High,Yes,0
Scholarship Scheme 1497,High School,Female,General,Sikh,Yes,No,Yes,88.7,Medium,Yes,1
Scholarship Scheme 1498,High School,Female,SC,Sikh,Yes,Yes,No,96.42,Low,Yes,0
Scholarship Scheme 1499,Doctorate,All,General,Hindu,Yes,No,No,67.91,Low,Yes,0
Scholarship Scheme 1500,Doctorate,Male,OBC,Sikh,No,No,Yes,90.2,Medium,Yes,0
Scholarship Scheme 1501,Doctorate,Female,SC,Muslim,No,No,No,74.87,Medium,Yes,1
Scholarship Scheme 1502,Postgraduate,Female,SC,Hindu,Yes,Yes,No,69.79,High,Yes,1
Scholarship Scheme 1503,Postgraduate,Male,ST,Sikh,Yes,No,No,96.83,Medium,Yes,0
Scholarship Scheme 1504,Doctorate,Male,General,Hindu,Yes,Yes,Yes,75.47,Low,Yes,1
Scholarship Scheme 1505,Doctorate,All,OBC,Hindu,No,No,No,73.32,Low,Yes,1
Scholarship Scheme 1506,Doctorate,Male,ST,Sikh,Yes,Yes,No,83.55,Low,Yes,1
Scholarship Scheme 1507,High School,Male,ST,Muslim,Yes,Yes,No,63.04,Medium,Yes,0
Scholarship Scheme 1508,Postgraduate,Male,General,Sikh,No,No,Yes,66.21,Medium,Yes,0
Scholarship Scheme 1509,High School,All,General,Christian,Yes,No,Yes,96.51,Low,Yes,0
Scholarship Scheme 1510,High School,Male,OBC,Christian,No,Yes,Yes,83.86,Medium,Yes,0
Scholarship Scheme 1511,Doctorate,Male,ST,Sikh,Yes,Yes,No,91.25,High,Yes,1
Scholarship Scheme 1512,Doctorate,All,OBC,Muslim,No,No,Yes,63.53,High,Yes,0
Scholarship Scheme 1513,Undergraduate,Male,ST,Christian,Yes,No,No,77.14,Medium,Yes,1
Scholarship Scheme 1514,Undergraduate,Male,ST,Christian,Yes,Yes,Yes,98.47,Medium,Yes,0
Scholarship Scheme 1515,High School,All,ST,Sikh,No,Yes,Yes,65.9,Low,Yes,0
Scholarship Scheme 1516,Postgraduate,Female,General,Sikh,No,No,Yes,58.01,Medium,Yes,1
Scholarship Scheme 1517,Doctorate,All,ST,Sikh,No,Yes,Yes,75.49,Low,Yes,1
Scholarship Scheme 1518,Doctorate,Male,ST,Hindu,No,No,No,69.35,High,Yes,1
Scholarship Scheme 1519,High School,Male,ST,Hindu,No,No,Yes,57.96,Medium,Yes,0
Scholarship Scheme 1520,Undergraduate,Male,SC,Hindu,Yes,No,No,94.34,High,Yes,1
Scholarship Scheme 1521,Postgraduate,All,General,Sikh,No,No,No,99.44,Medium,Yes,0
Scholarship Scheme 1522,Undergraduate,Male,SC,Muslim,No,Yes,No,78.37,Medium,Yes,1
Scholarship Scheme 1523,Undergraduate,Male,General,Christian,No,No,Yes,88.66,Low,Yes,0
Scholarship Scheme 1524,Undergraduate,All,OBC,Hindu,No,No,Yes,92.87,Low,Yes,1
Scholarship Scheme 1525,Undergraduate,Female,SC,Muslim,Yes,Yes,No,84.98,Medium,Yes,1
Scholarship Scheme 1526,Doctorate,Female,OBC,Sikh,Yes,Yes,Yes,52.2,Medium,Yes,1
Scholarship Scheme 1527,Doctorate,Male,ST,Hindu,Yes,No,No,57.87,Low,Yes,1
Scholarship Scheme 1528,Undergraduate,All,OBC,Sikh,Yes,No,Yes,53.54,High,Yes,1
Scholarship Scheme 1529,Postgraduate,Male,OBC,Muslim,Yes,No,Yes,50.49,Medium,Yes,0
Scholarship Scheme 1530,High School,All,OBC,Hindu,No,No,No,65.27,Low,Yes,1
Scholarship Scheme 1531,Postgraduate,All,OBC,Hindu,Yes,No,Yes,69.58,Medium,Yes,0
Scholarship Scheme 1532,Postgraduate,Female,General,Hindu,Yes,No,No,62.03,Low,Yes,0
Scholarship Scheme 1533,Postgraduate,Female,SC,Hindu,No,Yes,No,53.22,High,Yes,1
Scholarship Scheme 1534,Undergraduate,All,General,Muslim,No,Yes,Yes,76.44,Medium,Yes,1
Scholarship Scheme 1535,Doctorate,Male,General,Hindu,Yes,No,Yes,63.64,Medium,Yes,0
Scholarship Scheme 1536,Postgraduate,Female,General,Christian,Yes,Yes,Yes,89.72,High,Yes,0
Scholarship Scheme 1537,Undergraduate,Male,OBC,Christian,No,Yes,No,50.4,Medium,Yes,0
Scholarship Scheme 1538,Postgraduate,Female,General,Sikh,Yes,No,Yes,92.04,Medium,Yes,1
Scholarship Scheme 1539,Postgraduate,Female,SC,Hindu,No,Yes,Yes,97.64,Medium,Yes,0
Scholarship Scheme 1540,Undergraduate,Male,General,Christian,No,Yes,Yes,85.74,Low,Yes,0
Scholarship Scheme 1541,Doctorate,Female,ST,Christian,Yes,No,Yes,86.61,Low,Yes,0
Scholarship Scheme 1542,Doctorate,Female,OBC,Christian,Yes,No,No,96.58,Medium,Yes,0
Scholarship Scheme 1543,High School,Male,ST,Muslim,Yes,No,Yes,60.43,High,Yes,1
Scholarship Scheme 1544,Undergraduate,Female,SC,Hindu,No,Yes,No,99.63,High,Yes,1
Scholarship Scheme 1545,High School,Female,SC,Muslim,No,No,Yes,88.6,Medium,Yes,0
Scholarship Scheme 1546,High School,Female,SC,Muslim,Yes,Yes,Yes,86.26,Low,Yes,0
Scholarship Scheme 1547,High School,Male,SC,Christian,Yes,No,Yes,68.02,Low,Yes,1
Scholarship Scheme 1548,Doctorate,All,General,Christian,Yes,No,No,77.23,Medium,Yes,1
Scholarship Scheme 1549,Undergraduate,Male,OBC,Sikh,No,No,No,82.63,Low,Yes,0
Scholarship Scheme 1550,High School,All,SC,Hindu,No,No,Yes,80.96,Low,Yes,0
Scholarship Scheme 1551,Undergraduate,Female,ST,Hindu,No,Yes,No,85.18,High,Yes,1
Scholarship Scheme 1552,Undergraduate,All,SC,Christian,Yes,Yes,No,54.11,Medium,Yes,1
Scholarship Scheme 1553,Doctorate,Male,OBC,Christian,No,No,Yes,67.75,Low,Yes,1
Scholarship Scheme 1554,High School,Male,ST,Hindu,No,Yes,Yes,71.66,Low,Yes,0
Scholarship Scheme 1555,High School,Female,ST,Sikh,Yes,No,Yes,63.01,Low,Yes,1
Scholarship Scheme 1556,Undergraduate,All,ST,Christian,No,No,Yes,58.61,Medium,Yes,1
Scholarship Scheme 1557,Postgraduate,Female,General,Sikh,Yes,Yes,Yes,56.93,Medium,Yes,1
Scholarship Scheme 1558,Doctorate,Female,SC,Muslim,No,Yes,Yes,68.28,Low,Yes,1
Scholarship Scheme 1559,Doctorate,Male,General,Christian,Yes,No,No,74.62,High,Yes,0
Scholarship Scheme 1560,Doctorate,All,ST,Muslim,Yes,No,Yes,53.14,High,Yes,1
Scholarship Scheme 1561,Doctorate,All,General,Christian,No,No,Yes,97.23,Medium,Yes,0
Scholarship Scheme 1562,High School,All,General,Muslim,Yes,Yes,Yes,88.19,High,Yes,1
Scholarship Scheme 1563,High School,All,General,Christian,No,No,Yes,86.47,Low,Yes,1
Scholarship Scheme 1564,Postgraduate,Female,SC,Sikh,Yes,No,No,58.63,Medium,Yes,1
Scholarship Scheme 1565,Doctorate,Female,ST,Sikh,Yes,No,No,80.13,Medium,Yes,0
Scholarship Scheme 1566,Doctorate,Male,ST,Sikh,Yes,No,No,76.43,High,Yes,0
Scholarship Scheme 1567,Undergraduate,Female,SC,Muslim,No,No,Yes,99.03,Medium,Yes,0
Scholarship Scheme 1568,High School,Female,General,Sikh,Yes,No,Yes,87.31,High,Yes,0
Scholarship Scheme 1569,Doctorate,Male,General,Muslim,Yes,Yes,No,78.73,High,Yes,0
Scholarship Scheme 1570,Postgraduate,Male,OBC,Christian,No,No,No,92.46,Low,Yes,1
Scholarship Scheme 1571,Postgraduate,Male,OBC,Muslim,Yes,No,Yes,57.74,High,Yes,0
Scholarship Scheme 1572,High School,Female,OBC,Christian,Yes,Yes,Yes,50.76,High,Yes,0
Scholarship Scheme 1573,Postgraduate,Female,SC,Hindu,Yes,Yes,Yes,84.44,Medium,Yes,1
Scholarship Scheme 1574,Postgraduate,Male,ST,Hindu,Yes,No,Yes,54.91,Low,Yes,1
Scholarship Scheme 1575,High School,Male,OBC,Hindu,No,Yes,Yes,55.76,Low,Yes,0
Scholarship Scheme 1576,Doctorate,Male,ST,Muslim,Yes,No,No,87.16,High,Yes,0
Scholarship Scheme 1577,Doctorate,Female,ST,Hindu,Yes,Yes,Yes,63.5,Medium,Yes,0
Scholarship Scheme 1578,Postgraduate,Female,ST,Hindu,No,Yes,No,81.37,Medium,Yes,0
Scholarship Scheme 1579,Postgraduate,All,SC,Hindu,Yes,No,Yes,95.78,Medium,Yes,1
Scholarship Scheme 1580,Doctorate,Female,SC,Christian,Yes,Yes,No,65.79,Low,Yes,1
Scholarship Scheme 1581,High School,Female,SC,Sikh,No,No,No,60.84,Low,Yes,1
Scholarship Scheme 1582,Postgraduate,Female,SC,Muslim,No,Yes,No,55.32,High,Yes,1
Scholarship Scheme 1583,Undergraduate,Male,OBC,Hindu,No,No,Yes,56.51,High,Yes,1
Scholarship Scheme 1584,High School,Female,General,Christian,No,Yes,Yes,53.1,Medium,Yes,1
Scholarship Scheme 1585,Postgraduate,Male,General,Sikh,Yes,No,Yes,54.37,High,Yes,1
Scholarship Scheme 1586,Postgraduate,All,General,Sikh,No,No,No,71.56,Medium,Yes,0
Scholarship Scheme 1587,Undergraduate,All,OBC,Sikh,Yes,No,No,66.01,Low,Yes,0
Scholarship Scheme 1588,Undergraduate,Male,General,Christian,No,No,Yes,85.26,High,Yes,0
Scholarship Scheme 1589,Doctorate,Male,OBC,Hindu,Yes,Yes,No,93.43,Medium,Yes,1
Scholarship Scheme 1590,High School,Male,OBC,Sikh,No,No,No,89.16,Low,Yes,1
Scholarship Scheme 1591,High School,Female,OBC,Christian,No,Yes,No,76.48,Medium,Yes,0
Scholarship Scheme 1592,Doctorate,All,General,Christian,Yes,Yes,No,55.11,High,Yes,1
Scholarship Scheme 1593,High School,Male,ST,Muslim,No,No,Yes,85.42,Medium,Yes,0
Scholarship Scheme 1594,High School,Female,General,Christian,No,No,No,68.11,Low,Yes,1
Scholarship Scheme 1595,High School,All,General,Sikh,No,Yes,Yes,54.27,High,Yes,0
Scholarship Scheme 1596,High School,Female,SC,Sikh,Yes,Yes,No,92.04,Low,Yes,0
Scholarship Scheme 1597,High School,All,OBC,Christian,No,Yes,No,66.88,High,Yes,0
Scholarship Scheme 1598,Undergraduate,Female,ST,Sikh,No,No,Yes,60.89,Medium,Yes,0
Scholarship Scheme 1599,High School,All,SC,Christian,Yes,No,No,93.49,Low,Yes,0
Scholarship Scheme 1600,Undergraduate,All,ST,Sikh,Yes,Yes,Yes,95.02,Low,Yes,1
Scholarship Scheme 1601,High School,Female,ST,Muslim,No,Yes,Yes,66.91,Medium,Yes,0
Scholarship Scheme 1602,Doctorate,Male,OBC,Hindu,Yes,Yes,Yes,67.7,Low,Yes,1
Scholarship Scheme 1603,Postgraduate,All,General,Muslim,Yes,No,Yes,78.92,Low,Yes,0
Scholarship Scheme 1604,Undergraduate,Male,OBC,Muslim,Yes,Yes,Yes,86.6,Low,Yes,0
Scholarship Scheme 1605,High School,Female,OBC,Hindu,No,Yes,Yes,53.15,Low,Yes,1
Scholarship Scheme 1606,Doctorate,Male,SC,Sikh,No,Yes,Yes,79.61,Medium,Yes,0
Scholarship Scheme 1607,Postgraduate,Male,OBC,Hindu,Yes,Yes,No,97.55,Low,Yes,0
Scholarship Scheme 1608,Undergraduate,Male,General,Christian,No,No,Yes,63.08,Low,Yes,0
Scholarship Scheme 1609,Postgraduate,Male,ST,Hindu,Yes,Yes,No,95.35,Low,Yes,0
Scholarship Scheme 1610,Doctorate,Male,OBC,Muslim,No,No,No,97.41,High,Yes,0
Scholarship Scheme 1611,Undergraduate,All,ST,Hindu,Yes,No,No,63.43,High,Yes,0
Scholarship Scheme 1612,Postgraduate,All,OBC,Sikh,No,Yes,Yes,87.63,Medium,Yes,0
Scholarship Scheme 1613,High School,All,ST,Muslim,Yes,No,Yes,61.91,Medium,Yes,0
Scholarship Scheme 1614,Undergraduate,Female,OBC,Christian,No,Yes,No,86.81,Medium,Yes,1
Scholarship Scheme 1615,Postgraduate,Male,SC,Sikh,No,Yes,Yes,89.79,Low,Yes,0
Scholarship Scheme 1616,Doctorate,All,ST,Muslim,Yes,Yes,No,62.34,High,Yes,1
Scholarship Scheme 1617,Doctorate,Female,OBC,Christian,No,Yes,No,85.72,High,Yes,0
Scholarship Scheme 1618,Undergraduate,All,OBC,Sikh,No,Yes,No,90.52,Medium,Yes,1
Scholarship Scheme 1619,Postgraduate,All,SC,Christian,No,No,Yes,67.89,High,Yes,1
Scholarship Scheme 1620,Undergraduate,Male,SC,Hindu,No,No,No,58.37,Medium,Yes,0
Scholarship Scheme 1621,Undergraduate,Female,SC,Hindu,No,Yes,Yes,54.59,Low,Yes,1
Scholarship Scheme 1622,Postgraduate,Male,ST,Christian,No,No,No,78.71,High,Yes,0
Scholarship Scheme 1623,Postgraduate,Male,ST,Hindu,No,Yes,Yes,98.81,Low,Yes,0
Scholarship Scheme 1624,High School,All,SC,Christian,No,No,No,91.07,Low,Yes,0
Scholarship Scheme 1625,Postgraduate,Male,General,Sikh,Yes,No,Yes,71.75,High,Yes,1
Scholarship Scheme 1626,Doctorate,Female,General,Muslim,No,Yes,No,76.78,Medium,Yes,1
Scholarship Scheme 1627,Undergraduate,Male,OBC,Christian,Yes,No,Yes,63.95,High,Yes,0
Scholarship Scheme 1628,Undergraduate,Male,General,Muslim,No,No,Yes,58.14,Low,Yes,0
Scholarship Scheme 1629,Doctorate,Male,OBC,Muslim,Yes,No,Yes,74.06,Medium,Yes,0
Scholarship Scheme 1630,Postgraduate,All,ST,Christian,No,Yes,No,73.13,Low,Yes,0
Scholarship Scheme 1631,Doctorate,Female,ST,Hindu,Yes,No,No,76.04,Medium,Yes,0
Scholarship Scheme 1632,Doctorate,All,General,Sikh,Yes,No,No,97.54,High,Yes,0
Scholarship Scheme 1633,High School,All,ST,Muslim,No,No,Yes,80.13,Low,Yes,0
Scholarship Scheme 1634,Doctorate,All,SC,Sikh,Yes,No,Yes,80.23,Medium,Yes,1
Scholarship Scheme 1635,Undergraduate,All,SC,Muslim,No,No,No,56.39,Medium,Yes,0
Scholarship Scheme 1636,Doctorate,All,General,Christian,No,No,No,99.72,High,Yes,1
Scholarship Scheme 1637,Undergraduate,Female,General,Hindu,Yes,No,Yes,88.56,Medium,Yes,0
Scholarship Scheme 1638,Undergraduate,Male,OBC,Sikh,No,No,No,93.77,Medium,Yes,1
Scholarship Scheme 1639,Undergraduate,All,ST,Muslim,Yes,No,Yes,70.67,Low,Yes,0
Scholarship Scheme 1640,Postgraduate,All,OBC,Christian,Yes,Yes,Yes,75.06,High,Yes,0
Scholarship Scheme 1641,High School,Female,OBC,Christian,No,No,Yes,76.05,High,Yes,1
Scholarship Scheme 1642,Undergraduate,Female,SC,Muslim,No,No,No,59.69,Low,Yes,1
Scholarship Scheme 1643,Undergraduate,Male,SC,Muslim,No,No,Yes,84.41,Low,Yes,0
Scholarship Scheme 1644,Postgraduate,Female,SC,Muslim,No,No,No,95.06,Low,Yes,0
Scholarship Scheme 1645,Undergraduate,Male,SC,Hindu,No,No,Yes,58.17,Medium,Yes,1
Scholarship Scheme 1646,Doctorate,All,OBC,Muslim,Yes,Yes,No,54.31,High,Yes,0
Scholarship Scheme 1647,Doctorate,All,SC,Muslim,Yes,Yes,No,86.84,High,Yes,1
Scholarship Scheme 1648,High School,Male,ST,Hindu,No,Yes,Yes,63.63,High,Yes,0
Scholarship Scheme 1649,Undergraduate,Female,SC,Christian,No,Yes,Yes,81.13,Medium,Yes,0
Scholarship Scheme 1650,Postgraduate,Male,SC,Muslim,No,No,Yes,84.72,High,Yes,0
Scholarship Scheme 1651,Doctorate,Female,SC,Sikh,Yes,No,Yes,66.06,High,Yes,0
Scholarship Scheme 1652,Postgraduate,All,General,Christian,Yes,No,No,90.68,High,Yes,1
Scholarship Scheme 1653,Postgraduate,Female,ST,Sikh,Yes,Yes,No,77.44,High,Yes,0
Scholarship Scheme 1654,Doctorate,Male,ST,Muslim,No,Yes,No,93.36,Low,Yes,0
Scholarship Scheme 1655,Postgraduate,Male,OBC,Hindu,No,Yes,No,88.09,Medium,Yes,0
Scholarship Scheme 1656,Doctorate,All,OBC,Hindu,Yes,Yes,No,93.34,High,Yes,0
Scholarship Scheme 1657,Postgraduate,Female,SC,Hindu,No,No,Yes,51.01,High,Yes,0
Scholarship Scheme 1658,Doctorate,Female,General,Muslim,No,No,Yes,62.15,High,Yes,0
Scholarship Scheme 1659,Undergraduate,Female,OBC,Muslim,Yes,Yes,No,54.49,High,Yes,1
Scholarship Scheme 1660,High School,All,OBC,Sikh,Yes,No,Yes,72.06,High,Yes,1
Scholarship Scheme 1661,Doctorate,Female,SC,Hindu,No,Yes,Yes,94.41,Low,Yes,1
Scholarship Scheme 1662,Doctorate,Male,SC,Muslim,Yes,Yes,Yes,73.33,Low,Yes,0
Scholarship Scheme 1663,High School,Female,OBC,Christian,No,Yes,Yes,92.4,Medium,Yes,1
Scholarship Scheme 1664,Doctorate,All,OBC,Muslim,Yes,Yes,Yes,66.33,Medium,Yes,1
Scholarship Scheme 1665,Doctorate,Female,ST,Muslim,Yes,No,Yes,66.94,High,Yes,0
Scholarship Scheme 1666,Postgraduate,Female,General,Christian,No,No,No,94.69,High,Yes,1
Scholarship Scheme 1667,High School,Male,ST,Hindu,No,Yes,Yes,71.25,Low,Yes,1
Scholarship Scheme 1668,Undergraduate,Female,OBC,Christian,Yes,Yes,Yes,89.41,Medium,Yes,1
Scholarship Scheme 1669,Doctorate,Male,ST,Hindu,No,No,No,61.81,High,Yes,1
Scholarship Scheme 1670,High School,Male,ST,Christian,Yes,No,No,97.35,High,Yes,1
Scholarship Scheme 1671,Postgraduate,All,OBC,Sikh,No,Yes,No,78.67,High,Yes,1
Scholarship Scheme 1672,Undergraduate,Male,SC,Hindu,Yes,Yes,Yes,87.89,Medium,Yes,1
Scholarship Scheme 1673,High School,Male,OBC,Muslim,Yes,Yes,No,54.47,Low,Yes,0
Scholarship Scheme 1674,Undergraduate,All,SC,Sikh,Yes,Yes,Yes,74.58,Low,Yes,1
Scholarship Scheme 1675,Undergraduate,Male,OBC,Hindu,No,Yes,No,94.96,High,Yes,0
Scholarship Scheme 1676,Undergraduate,All,OBC,Hindu,Yes,No,Yes,93.76,High,Yes,1
Scholarship Scheme 1677,Doctorate,Female,OBC,Hindu,Yes,No,Yes,52.34,High,Yes,0
Scholarship Scheme 1678,Doctorate,All,General,Christian,Yes,Yes,No,65.15,High,Yes,0
Scholarship Scheme 1679,Postgraduate,Male,SC,Hindu,Yes,Yes,Yes,72.12,High,Yes,1
Scholarship Scheme 1680,Postgraduate,All,General,Muslim,No,Yes,Yes,58.6,Medium,Yes,1
Scholarship Scheme 1681,High School,Male,OBC,Hindu,No,Yes,Yes,86.43,Low,Yes,0
Scholarship Scheme 1682,Postgraduate,Female,ST,Muslim,Yes,No,Yes,59.21,Medium,Yes,0
Scholarship Scheme 1683,Undergraduate,All,General,Muslim,Yes,No,No,67.3,Medium,Yes,1
Scholarship Scheme 1684,Undergraduate,Female,SC,Muslim,No,Yes,No,83.1,High,Yes,0
Scholarship Scheme 1685,Doctorate,Male,OBC,Sikh,Yes,No,No,74.06,Medium,Yes,0
Scholarship Scheme 1686,Undergraduate,Male,General,Muslim,No,Yes,Yes,86.85,Low,Yes,1
Scholarship Scheme 1687,High School,Female,ST,Christian,Yes,Yes,No,97.96,High,Yes,1
Scholarship Scheme 1688,Undergraduate,All,General,Hindu,No,No,No,55.82,Low,Yes,1
Scholarship Scheme 1689,Undergraduate,All,SC,Christian,Yes,Yes,Yes,85.41,Medium,Yes,1
Scholarship Scheme 1690,High School,Male,General,Sikh,No,No,No,61.49,High,Yes,1
Scholarship Scheme 1691,Postgraduate,Female,ST,Hindu,No,Yes,No,70.68,Low,Yes,1
Scholarship Scheme 1692,Postgraduate,Female,ST,Muslim,No,Yes,No,51.64,Low,Yes,1
Scholarship Scheme 1693,High School,All,SC,Hindu,Yes,Yes,Yes,56.78,High,Yes,0
Scholarship Scheme 1694,Doctorate,All,ST,Sikh,No,Yes,No,65.96,Low,Yes,0
Scholarship Scheme 1695,Undergraduate,All,OBC,Sikh,No,No,No,67.07,High,Yes,1
Scholarship Scheme 1696,High School,Female,ST,Christian,Yes,Yes,No,94.89,High,Yes,0
Scholarship Scheme 1697,Undergraduate,All,OBC,Hindu,Yes,No,Yes,87.02,Medium,Yes,0
Scholarship Scheme 1698,Doctorate,All,General,Hindu,Yes,No,Yes,98.51,Low,Yes,0
Scholarship Scheme 1699,Undergraduate,Male,OBC,Hindu,Yes,Yes,No,79.89,High,Yes,1
Scholarship Scheme 1700,High School,All,OBC,Christian,No,No,No,62.06,Medium,Yes,0
Scholarship Scheme 1701,Undergraduate,All,General,Sikh,Yes,Yes,No,66.35,Medium,Yes,1
Scholarship Scheme 1702,Postgraduate,Female,ST,Muslim,Yes,No,Yes,65.96,High,Yes,1
Scholarship Scheme 1703,Doctorate,Female,OBC,Hindu,Yes,No,Yes,66.29,High,Yes,0
Scholarship Scheme 1704,Doctorate,Male,ST,Christian,Yes,Yes,No,83.58,Low,Yes,0
Scholarship Scheme 1705,Doctorate,All,General,Christian,Yes,Yes,No,76.49,Low,Yes,0
Scholarship Scheme 1706,High School,Male,SC,Muslim,Yes,No,Yes,69.23,Low,Yes,0
Scholarship Scheme 1707,Doctorate,Female,ST,Sikh,Yes,Yes,Yes,57.44,High,Yes,1
Scholarship Scheme 1708,Postgraduate,Male,ST,Hindu,No,Yes,No,51.1,Medium,Yes,1
Scholarship Scheme 1709,High School,Female,SC,Hindu,No,No,Yes,60.92,Medium,Yes,0
Scholarship Scheme 1710,Postgraduate,Male,SC,Christian,No,No,No,55.36,High,Yes,0
Scholarship Scheme 1711,Undergraduate,Male,General,Sikh,No,Yes,No,89.19,Low,Yes,1
Scholarship Scheme 1712,Undergraduate,All,ST,Hindu,No,No,Yes,55.61,Medium,Yes,0
Scholarship Scheme 1713,Undergraduate,Male,ST,Muslim,Yes,Yes,No,86.14,Medium,Yes,0
Scholarship Scheme 1714,Undergraduate,All,General,Sikh,Yes,Yes,No,69.24,Low,Yes,0
Scholarship Scheme 1715,Postgraduate,All,ST,Sikh,Yes,No,No,53.66,Medium,Yes,1
Scholarship Scheme 1716,High School,All,OBC,Christian,Yes,Yes,No,90.56,Low,Yes,1
Scholarship Scheme 1717,High School,All,OBC,Christian,No,No,No,78.92,Medium,Yes,1
Scholarship Scheme 1718,Doctorate,Male,OBC,Hindu,No,Yes,No,61.76,Medium,Yes,0
Scholarship Scheme 1719,Postgraduate,Female,ST,Christian,Yes,Yes,No,94.64,Medium,Yes,0
Scholarship Scheme 1720,Undergraduate,Female,OBC,Sikh,Yes,Yes,Yes,52.26,Low,Yes,1
Scholarship Scheme 1721,Postgraduate,Female,OBC,Hindu,No,No,Yes,60.07,Medium,Yes,1
Scholarship Scheme 1722,Doctorate,Male,General,Hindu,No,No,No,87.53,Medium,Yes,0
Scholarship Scheme 1723,Doctorate,All,General,Sikh,No,Yes,Yes,85.4,Medium,Yes,0
Scholarship Scheme 1724,Postgraduate,Female,SC,Hindu,Yes,No,No,64.43,High,Yes,0
Scholarship Scheme 1725,Postgraduate,Male,SC,Muslim,Yes,No,No,53.1,Medium,Yes,1
Scholarship Scheme 1726,Postgraduate,All,SC,Muslim,No,Yes,Yes,92.82,Medium,Yes,0
Scholarship Scheme 1727,High School,Female,SC,Hindu,No,No,No,65.65,Low,Yes,1
Scholarship Scheme 1728,Undergraduate,All,General,Christian,Yes,No,No,59.77,Low,Yes,0
Scholarship Scheme 1729,Postgraduate,Female,General,Muslim,Yes,No,Yes,75.75,High,Yes,0
Scholarship Scheme 1730,Postgraduate,Female,General,Hindu,Yes,Yes,Yes,95.42,Low,Yes,0
Scholarship Scheme 1731,Postgraduate,Female,OBC,Muslim,Yes,Yes,Yes,52.17,Low,Yes,0
Scholarship Scheme 1732,Doctorate,All,OBC,Christian,No,No,Yes,88.21,Low,Yes,1
Scholarship Scheme 1733,Doctorate,Male,SC,Sikh,No,Yes,Yes,78.57,High,Yes,1
Scholarship Scheme 1734,High School,All,OBC,Hindu,No,No,Yes,71.23,High,Yes,0
Scholarship Scheme 1735,Undergraduate,Female,ST,Hindu,Yes,Yes,No,87.13,Medium,Yes,0
Scholarship Scheme 1736,High School,All,General,Hindu,Yes,No,Yes,98.19,Medium,Yes,1
Scholarship Scheme 1737,Undergraduate,Male,SC,Hindu,Yes,Yes,Yes,61.44,Low,Yes,0
Scholarship Scheme 1738,Doctorate,All,SC,Hindu,No,No,No,57.17,Medium,Yes,0
Scholarship Scheme 1739,Doctorate,Male,ST,Hindu,No,Yes,No,95.55,Medium,Yes,0
Scholarship Scheme 1740,Doctorate,Male,OBC,Christian,No,No,Yes,83.38,High,Yes,0
Scholarship Scheme 1741,High School,All,SC,Sikh,Yes,Yes,No,71.86,High,Yes,0
Scholarship Scheme 1742,Postgraduate,Female,OBC,Christian,Yes,Yes,No,78.61,Medium,Yes,0
Scholarship Scheme 1743,Postgraduate,Male,OBC,Christian,No,Yes,No,87.21,Medium,Yes,0
Scholarship Scheme 1744,Doctorate,All,ST,Sikh,Yes,No,No,88.57,Medium,Yes,1
Scholarship Scheme 1745,Postgraduate,Male,SC,Christian,No,No,No,95.9,Low,Yes,0
Scholarship Scheme 1746,Postgraduate,Female,OBC,Muslim,No,No,No,71.3,High,Yes,0
Scholarship Scheme 1747,High School,All,OBC,Christian,No,Yes,No,64.64,Medium,Yes,1
Scholarship Scheme 1748,Undergraduate,All,ST,Hindu,No,No,Yes,81.92,Medium,Yes,0
Scholarship Scheme 1749,Doctorate,All,ST,Muslim,Yes,Yes,No,70.74,Low,Yes,0
Scholarship Scheme 1750,Doctorate,Female,OBC,Muslim,Yes,Yes,Yes,79.67,High,Yes,0
Scholarship Scheme 1751,High School,Male,ST,Sikh,Yes,Yes,No,70.96,Low,Yes,1
Scholarship Scheme 1752,High School,All,OBC,Christian,Yes,No,No,57.63,Low,Yes,0
Scholarship Scheme 1753,Postgraduate,Male,SC,Christian,Yes,Yes,Yes,73.42,Medium,Yes,1
Scholarship Scheme 1754,Doctorate,Male,General,Muslim,Yes,No,No,84.48,Low,Yes,1
Scholarship Scheme 1755,Undergraduate,Female,ST,Christian,No,No,No,89.88,Low,Yes,1
Scholarship Scheme 1756,High School,All,General,Christian,Yes,Yes,Yes,74.62,Medium,Yes,1
Scholarship Scheme 1757,Undergraduate,Male,OBC,Sikh,Yes,No,No,58.25,High,Yes,0
Scholarship Scheme 1758,Undergraduate,All,OBC,Muslim,Yes,Yes,No,70.69,Medium,Yes,0
Scholarship Scheme 1759,Doctorate,All,OBC,Hindu,No,Yes,Yes,89.24,High,Yes,0
Scholarship Scheme 1760,Doctorate,Female,General,Muslim,Yes,No,Yes,70.6,Low,Yes,0
Scholarship Scheme 1761,High School,All,OBC,Sikh,No,Yes,No,84.76,Low,Yes,1
Scholarship Scheme 1762,Doctorate,All,ST,Sikh,Yes,Yes,Yes,75.31,Medium,Yes,0
Scholarship Scheme 1763,Doctorate,Male,SC,Sikh,Yes,Yes,No,62.04,Medium,Yes,0
Scholarship Scheme 1764,Doctorate,Female,SC,Christian,Yes,No,No,89.73,Medium,Yes,1
Scholarship Scheme 1765,Undergraduate,All,ST,Muslim,No,No,Yes,54.2,Low,Yes,1
Scholarship Scheme 1766,High School,Male,SC,Christian,No,No,Yes,76.19,Low,Yes,1
Scholarship Scheme 1767,Postgraduate,Female,General,Christian,Yes,Yes,Yes,60.42,High,Yes,1
Scholarship Scheme 1768,Undergraduate,Female,OBC,Muslim,Yes,Yes,Yes,53.35,Medium,Yes,0
Scholarship Scheme 1769,Doctorate,Male,OBC,Sikh,Yes,No,No,75.1,Low,Yes,0
Scholarship Scheme 1770,Undergraduate,Male,OBC,Hindu,No,No,Yes,74.93,High,Yes,0
Scholarship Scheme 1771,Doctorate,Male,General,Hindu,No,No,Yes,85.27,Medium,Yes,0
Scholarship Scheme 1772,Doctorate,Male,General,Muslim,Yes,No,No,87.16,Medium,Yes,0
Scholarship Scheme 1773,Undergraduate,Male,General,Muslim,No,No,No,86.32,High,Yes,1
Scholarship Scheme 1774,High School,All,ST,Sikh,No,Yes,No,70.44,High,Yes,1
Scholarship Scheme 1775,Doctorate,All,General,Muslim,No,No,No,81.52,High,Yes,1
Scholarship Scheme 1776,High School,Female,SC,Muslim,No,Yes,No,78.79,Low,Yes,1
Scholarship Scheme 1777,Postgraduate,All,ST,Sikh,Yes,Yes,No,71.04,Medium,Yes,0
Scholarship Scheme 1778,Doctorate,All,ST,Sikh,Yes,Yes,No,79.8,Medium,Yes,0
Scholarship Scheme 1779,High School,All,ST,Christian,No,Yes,No,97.27,High,Yes,1
Scholarship Scheme 1780,High School,Male,General,Muslim,No,No,No,59.63,Low,Yes,0
Scholarship Scheme 1781,Postgraduate,Female,ST,Hindu,No,Yes,Yes,95.2,High,Yes,1
Scholarship Scheme 1782,High School,Female,General,Muslim,Yes,No,Yes,52.67,Low,Yes,0
Scholarship Scheme 1783,High School,Female,General,Hindu,Yes,Yes,No,65.39,Medium,Yes,1
Scholarship Scheme 1784,Postgraduate,Female,ST,Hindu,No,No,Yes,64.38,Medium,Yes,1
Scholarship Scheme 1785,Doctorate,All,OBC,Hindu,No,No,No,81.26,Low,Yes,1
Scholarship Scheme 1786,High School,All,OBC,Christian,No,Yes,No,56.55,Medium,Yes,0
Scholarship Scheme 1787,High School,Male,ST,Sikh,No,No,No,94.03,Medium,Yes,0
Scholarship Scheme 1788,High School,Female,OBC,Sikh,Yes,Yes,No,91.34,High,Yes,0
Scholarship Scheme 1789,Undergraduate,All,SC,Christian,Yes,No,Yes,82.54,Low,Yes,0
Scholarship Scheme 1790,Postgraduate,All,SC,Sikh,Yes,Yes,Yes,72.87,Medium,Yes,1
Scholarship Scheme 1791,Undergraduate,Male,General,Christian,Yes,Yes,No,96.55,Medium,Yes,1
Scholarship Scheme 1792,Postgraduate,Male,OBC,Muslim,Yes,No,Yes,91.45,Low,Yes,0
Scholarship Scheme 1793,Doctorate,Male,SC,Christian,Yes,No,Yes,74.92,Medium,Yes,0
Scholarship Scheme 1794,Doctorate,All,ST,Sikh,No,Yes,No,85.02,Low,Yes,1
Scholarship Scheme 1795,High School,All,OBC,Sikh,No,Yes,No,78.29,Low,Yes,0
Scholarship Scheme 1796,Postgraduate,Male,SC,Muslim,Yes,No,Yes,79.34,High,Yes,0
Scholarship Scheme 1797,Doctorate,Female,SC,Christian,Yes,Yes,Yes,66.52,Low,Yes,0
Scholarship Scheme 1798,Postgraduate,Male,ST,Muslim,Yes,Yes,No,73.06,High,Yes,0
Scholarship Scheme 1799,Doctorate,Male,General,Hindu,No,Yes,No,53.9,Medium,Yes,0
Scholarship Scheme 1800,Undergraduate,Male,ST,Christian,No,No,Yes,67.83,Low,Yes,0
Scholarship Scheme 1801,Doctorate,Male,General,Muslim,No,Yes,No,84.72,High,Yes,1
Scholarship Scheme 1802,Undergraduate,All,SC,Muslim,No,Yes,No,97.57,Low,Yes,1
Scholarship Scheme 1803,Doctorate,Female,General,Sikh,Yes,No,No,98.06,Medium,Yes,0
Scholarship Scheme 1804,High School,Male,SC,Christian,No,Yes,Yes,77.73,High,Yes,0
Scholarship Scheme 1805,Undergraduate,Female,SC,Hindu,Yes,Yes,Yes,80.27,High,Yes,1
Scholarship Scheme 1806,Doctorate,Female,OBC,Hindu,No,Yes,No,59.27,High,Yes,1
Scholarship Scheme 1807,High School,Female,General,Christian,No,Yes,Yes,84.7,Medium,Yes,0
Scholarship Scheme 1808,Undergraduate,Male,General,Christian,No,No,No,53.53,High,Yes,0
Scholarship Scheme 1809,High School,All,General,Muslim,No,Yes,Yes,64.21,Medium,Yes,0
Scholarship Scheme 1810,Postgraduate,Male,ST,Sikh,Yes,Yes,Yes,83.35,Medium,Yes,0
Scholarship Scheme 1811,Postgraduate,Female,OBC,Sikh,Yes,Yes,Yes,65.48,Low,Yes,1
Scholarship Scheme 1812,Undergraduate,Female,OBC,Sikh,Yes,Yes,No,52.49,Medium,Yes,0
Scholarship Scheme 1813,Doctorate,All,OBC,Christian,Yes,Yes,No,91.51,High,Yes,1
Scholarship Scheme 1814,Undergraduate,Male,ST,Sikh,Yes,No,No,65.49,High,Yes,0
Scholarship Scheme 1815,High School,Female,General,Muslim,Yes,No,Yes,53.15,Medium,Yes,1
Scholarship Scheme 1816,Doctorate,All,General,Christian,Yes,Yes,No,53.73,Medium,Yes,0
Scholarship Scheme 1817,Postgraduate,Female,General,Christian,No,Yes,No,62.56,Low,Yes,0
Scholarship Scheme 1818,Doctorate,All,OBC,Sikh,Yes,No,No,58.88,Low,Yes,0
Scholarship Scheme 1819,Postgraduate,All,OBC,Hindu,No,No,No,88.64,High,Yes,0
Scholarship Scheme 1820,Doctorate,Male,SC,Hindu,Yes,No,Yes,66.05,Medium,Yes,0
Scholarship Scheme 1821,Doctorate,Female,ST,Muslim,No,Yes,No,90.15,High,Yes,0
Scholarship Scheme 1822,Doctorate,Male,ST,Sikh,Yes,Yes,No,58.67,Medium,Yes,0
Scholarship Scheme 1823,High School,Female,OBC,Sikh,No,Yes,Yes,74.59,High,Yes,0
Scholarship Scheme 1824,High School,Male,SC,Christian,Yes,Yes,No,84.33,High,Yes,0
Scholarship Scheme 1825,Undergraduate,Female,General,Christian,Yes,Yes,Yes,82.53,High,Yes,1
Scholarship Scheme 1826,Undergraduate,Male,OBC,Sikh,Yes,Yes,Yes,80.0,Medium,Yes,0
Scholarship Scheme 1827,Postgraduate,All,ST,Christian,Yes,No,Yes,96.15,Low,Yes,1
Scholarship Scheme 1828,High School,Female,ST,Sikh,No,No,No,61.4,Low,Yes,1
Scholarship Scheme 1829,Postgraduate,Female,ST,Muslim,Yes,Yes,Yes,74.64,Medium,Yes,1
Scholarship Scheme 1830,Undergraduate,All,General,Christian,Yes,Yes,Yes,94.11,Low,Yes,0
Scholarship Scheme 1831,Postgraduate,Male,ST,Sikh,No,Yes,Yes,53.89,High,Yes,0
Scholarship Scheme 1832,Undergraduate,Female,General,Christian,Yes,No,No,52.79,Medium,Yes,0
Scholarship Scheme 1833,High School,Female,General,Muslim,No,No,Yes,61.64,Medium,Yes,0
Scholarship Scheme 1834,Doctorate,Male,General,Christian,No,No,Yes,81.59,Low,Yes,0
Scholarship Scheme 1835,High School,All,OBC,Sikh,Yes,No,Yes,62.97,Low,Yes,0
Scholarship Scheme 1836,Postgraduate,Male,General,Christian,Yes,Yes,No,59.49,High,Yes,0
Scholarship Scheme 1837,Postgraduate,Male,SC,Christian,No,No,Yes,72.89,Medium,Yes,0
Scholarship Scheme 1838,High School,Male,ST,Sikh,Yes,No,Yes,80.62,Low,Yes,0
Scholarship Scheme 1839,High School,Female,OBC,Hindu,No,Yes,No,62.4,Medium,Yes,0
Scholarship Scheme 1840,Undergraduate,All,ST,Christian,Yes,Yes,No,65.0,High,Yes,0
Scholarship Scheme 1841,Postgraduate,All,General,Christian,Yes,Yes,No,80.62,High,Yes,0
Scholarship Scheme 1842,Postgraduate,Male,OBC,Muslim,No,No,Yes,97.19,High,Yes,0
Scholarship Scheme 1843,High School,Female,SC,Hindu,Yes,Yes,Yes,83.67,Medium,Yes,1
Scholarship Scheme 1844,Doctorate,Male,General,Muslim,Yes,No,Yes,89.07,Medium,Yes,1
Scholarship Scheme 1845,Postgraduate,Female,ST,Sikh,Yes,No,Yes,68.3,Medium,Yes,0
Scholarship Scheme 1846,Doctorate,Female,SC,Sikh,No,No,No,63.59,Medium,Yes,1
Scholarship Scheme 1847,High School,Female,General,Muslim,Yes,No,Yes,72.67,Medium,Yes,0
Scholarship Scheme 1848,High School,Female,SC,Christian,No,Yes,No,90.28,High,Yes,0
Scholarship Scheme 1849,Undergraduate,All,General,Hindu,Yes,Yes,Yes,72.77,High,Yes,0
Scholarship Scheme 1850,Postgraduate,Female,OBC,Muslim,No,No,Yes,92.25,High,Yes,1
Scholarship Scheme 1851,Doctorate,Female,General,Muslim,Yes,Yes,Yes,99.34,Low,Yes,0
Scholarship Scheme 1852,Undergraduate,Male,OBC,Sikh,Yes,No,No,53.59,High,Yes,0
Scholarship Scheme 1853,Postgraduate,Male,General,Christian,No,No,No,52.27,Medium,Yes,0
Scholarship Scheme 1854,Undergraduate,All,General,Hindu,Yes,Yes,No,57.46,High,Yes,1
Scholarship Scheme 1855,High School,Male,ST,Muslim,No,Yes,No,69.18,Low,Yes,0
Scholarship Scheme 1856,Postgraduate,Female,SC,Hindu,Yes,No,Yes,56.54,Low,Yes,0
Scholarship Scheme 1857,Undergraduate,Male,SC,Hindu,No,Yes,Yes,93.45,Low,Yes,0
Scholarship Scheme 1858,Undergraduate,All,SC,Muslim,Yes,No,Yes,51.15,Low,Yes,1
Scholarship Scheme 1859,Doctorate,Male,General,Hindu,No,Yes,Yes,65.76,Low,Yes,0
Scholarship Scheme 1860,Undergraduate,Male,General,Sikh,Yes,No,Yes,59.22,Medium,Yes,1
Scholarship Scheme 1861,Postgraduate,All,General,Christian,No,No,No,96.48,High,Yes,0
Scholarship Scheme 1862,Postgraduate,All,OBC,Christian,No,Yes,No,83.41,Medium,Yes,0
Scholarship Scheme 1863,Doctorate,Female,OBC,Christian,Yes,Yes,Yes,95.51,Medium,Yes,0
Scholarship Scheme 1864,Postgraduate,Male,ST,Sikh,No,No,Yes,98.52,Low,Yes,0
Scholarship Scheme 1865,High School,Female,General,Sikh,No,Yes,Yes,74.81,High,Yes,1
Scholarship Scheme 1866,Postgraduate,Male,SC,Sikh,Yes,Yes,Yes,61.69,High,Yes,1
Scholarship Scheme 1867,Postgraduate,Male,SC,Christian,Yes,No,No,59.67,High,Yes,1
Scholarship Scheme 1868,Undergraduate,Female,ST,Hindu,Yes,No,Yes,61.12,Low,Yes,1
Scholarship Scheme 1869,Undergraduate,Male,SC,Sikh,Yes,Yes,Yes,85.36,Medium,Yes,0
Scholarship Scheme 1870,Postgraduate,Male,ST,Muslim,Yes,Yes,Yes,52.02,High,Yes,1
Scholarship Scheme 1871,Doctorate,Male,General,Sikh,Yes,No,Yes,52.56,Medium,Yes,1
Scholarship Scheme 1872,Undergraduate,All,SC,Muslim,No,No,No,80.35,High,Yes,0
Scholarship Scheme 1873,Doctorate,Female,General,Christian,No,No,Yes,82.04,High,Yes,0
Scholarship Scheme 1874,Postgraduate,All,OBC,Muslim,No,No,No,83.2,High,Yes,0
Scholarship Scheme 1875,Postgraduate,Female,SC,Sikh,Yes,No,No,68.56,High,Yes,0
Scholarship Scheme 1876,High School,Female,OBC,Sikh,Yes,No,Yes,90.22,Low,Yes,0
Scholarship Scheme 1877,Undergraduate,Male,SC,Hindu,No,No,Yes,76.63,Low,Yes,1
Scholarship Scheme 1878,Postgraduate,Female,General,Christian,No,No,Yes,55.26,Medium,Yes,1
Scholarship Scheme 1879,High School,All,ST,Muslim,Yes,Yes,Yes,89.78,Low,Yes,0
Scholarship Scheme 1880,Undergraduate,All,General,Christian,No,Yes,Yes,97.56,High,Yes,0
Scholarship Scheme 1881,Postgraduate,All,General,Sikh,Yes,Yes,No,53.0,Medium,Yes,0
Scholarship Scheme 1882,Postgraduate,Female,General,Hindu,Yes,No,No,69.53,Medium,Yes,0
Scholarship Scheme 1883,Undergraduate,All,SC,Sikh,No,Yes,No,74.33,Medium,Yes,0
Scholarship Scheme 1884,Undergraduate,Female,ST,Sikh,Yes,No,No,57.31,High,Yes,1
Scholarship Scheme 1885,Undergraduate,All,OBC,Sikh,Yes,Yes,No,93.3,High,Yes,1
Scholarship Scheme 1886,Postgraduate,All,General,Muslim,Yes,No,Yes,64.18,Medium,Yes,0
Scholarship Scheme 1887,Postgraduate,Female,SC,Sikh,Yes,No,Yes,89.07,Low,Yes,0
Scholarship Scheme 1888,High School,All,OBC,Christian,No,Yes,No,83.48,High,Yes,0
Scholarship Scheme 1889,Doctorate,Male,General,Christian,Yes,No,Yes,79.84,High,Yes,0
Scholarship Scheme 1890,Undergraduate,Female,OBC,Hindu,Yes,Yes,Yes,59.59,Low,Yes,0
Scholarship Scheme 1891,Postgraduate,Female,General,Christian,No,Yes,No,61.01,Medium,Yes,1
Scholarship Scheme 1892,Postgraduate,Female,OBC,Sikh,Yes,Yes,No,52.36,Low,Yes,1
Scholarship Scheme 1893,Undergraduate,Male,OBC,Sikh,Yes,Yes,No,62.01,High,Yes,1
Scholarship Scheme 1894,Doctorate,Female,ST,Christian,No,Yes,Yes,67.24,Medium,Yes,1
Scholarship Scheme 1895,Undergraduate,All,ST,Hindu,No,Yes,No,91.57,Medium,Yes,1
Scholarship Scheme 1896,Doctorate,All,General,Hindu,Yes,Yes,No,68.28,Low,Yes,1
Scholarship Scheme 1897,Postgraduate,All,SC,Christian,Yes,Yes,Yes,87.66,High,Yes,1
Scholarship Scheme 1898,Doctorate,Female,ST,Muslim,No,Yes,Yes,71.93,High,Yes,0
Scholarship Scheme 1899,High School,All,OBC,Muslim,Yes,No,No,89.16,Medium,Yes,0
Scholarship Scheme 1900,Postgraduate,Female,ST,Muslim,Yes,No,Yes,98.72,High,Yes,0
Scholarship Scheme 1901,High School,All,ST,Muslim,Yes,Yes,No,61.97,Medium,Yes,0
Scholarship Scheme 1902,Undergraduate,Male,General,Christian,No,No,Yes,93.03,Medium,Yes,1
Scholarship Scheme 1903,Undergraduate,Male,ST,Hindu,Yes,No,No,81.03,Medium,Yes,0
Scholarship Scheme 1904,Undergraduate,Male,ST,Sikh,No,Yes,Yes,90.78,High,Yes,0
Scholarship Scheme 1905,Doctorate,Male,OBC,Sikh,No,Yes,Yes,82.51,Low,Yes,0
Scholarship Scheme 1906,Postgraduate,Female,ST,Christian,No,No,Yes,71.16,Medium,Yes,0
Scholarship Scheme 1907,Undergraduate,All,OBC,Sikh,No,Yes,No,61.38,Low,Yes,0
Scholarship Scheme 1908,Undergraduate,Male,ST,Muslim,Yes,Yes,No,53.49,Low,Yes,0
Scholarship Scheme 1909,Postgraduate,Female,ST,Hindu,No,Yes,No,76.72,Low,Yes,0
Scholarship Scheme 1910,Undergraduate,Male,SC,Christian,Yes,No,Yes,99.42,Low,Yes,0
Scholarship Scheme 1911,High School,Male,ST,Hindu,No,Yes,Yes,86.83,Low,Yes,0
Scholarship Scheme 1912,Postgraduate,Female,OBC,Christian,No,No,Yes,66.33,Medium,Yes,0
Scholarship Scheme 1913,Postgraduate,Female,OBC,Christian,Yes,Yes,No,91.28,High,Yes,1
Scholarship Scheme 1914,Postgraduate,All,General,Christian,No,Yes,Yes,88.37,Low,Yes,0
Scholarship Scheme 1915,High School,All,General,Christian,No,No,No,64.05,High,Yes,0
Scholarship Scheme 1916,Postgraduate,Male,SC,Hindu,Yes,Yes,No,50.71,High,Yes,1
Scholarship Scheme 1917,High School,Male,OBC,Sikh,No,No,No,55.9,Medium,Yes,0
Scholarship Scheme 1918,Postgraduate,All,OBC,Christian,No,No,No,93.78,Low,Yes,0
Scholarship Scheme 1919,Doctorate,All,OBC,Muslim,No,Yes,No,91.74,High,Yes,1
Scholarship Scheme 1920,Undergraduate,Female,SC,Christian,Yes,Yes,Yes,64.73,High,Yes,0
Scholarship Scheme 1921,Doctorate,All,OBC,Hindu,No,No,Yes,64.23,Low,Yes,0
Scholarship Scheme 1922,Undergraduate,All,General,Christian,Yes,No,Yes,89.56,Medium,Yes,1
Scholarship Scheme 1923,High School,Male,SC,Muslim,Yes,Yes,Yes,96.79,Medium,Yes,1
Scholarship Scheme 1924,Doctorate,All,General,Hindu,Yes,Yes,Yes,88.88,Low,Yes,0
Scholarship Scheme 1925,Postgraduate,Male,General,Christian,No,Yes,Yes,80.22,High,Yes,1
Scholarship Scheme 1926,Undergraduate,All,SC,Muslim,No,Yes,No,62.11,Medium,Yes,1
Scholarship Scheme 1927,Undergraduate,Female,ST,Hindu,No,Yes,Yes,76.23,Medium,Yes,0
Scholarship Scheme 1928,Doctorate,All,ST,Christian,No,No,No,61.65,High,Yes,1
Scholarship Scheme 1929,High School,All,General,Muslim,Yes,No,No,90.32,High,Yes,0
Scholarship Scheme 1930,Doctorate,All,ST,Hindu,Yes,No,No,69.31,High,Yes,0
Scholarship Scheme 1931,High School,Male,OBC,Christian,No,No,No,91.6,High,Yes,1
Scholarship Scheme 1932,High School,Female,SC,Hindu,No,Yes,No,69.04,Low,Yes,0
Scholarship Scheme 1933,Undergraduate,All,General,Muslim,Yes,No,Yes,91.13,High,Yes,1
Scholarship Scheme 1934,Doctorate,Male,OBC,Christian,No,Yes,Yes,66.63,Medium,Yes,1
Scholarship Scheme 1935,Doctorate,Female,ST,Christian,No,Yes,Yes,71.96,High,Yes,1
Scholarship Scheme 1936,High School,Male,OBC,Christian,No,Yes,No,80.71,High,Yes,0
Scholarship Scheme 1937,Doctorate,Male,ST,Muslim,No,Yes,Yes,53.51,Low,Yes,0
Scholarship Scheme 1938,Postgraduate,Female,General,Sikh,No,Yes,Yes,97.32,Low,Yes,1
Scholarship Scheme 1939,Postgraduate,All,OBC,Christian,No,No,No,78.62,High,Yes,0
Scholarship Scheme 1940,Doctorate,Male,SC,Muslim,Yes,Yes,No,75.34,Low,Yes,0
Scholarship Scheme 1941,Doctorate,Male,General,Hindu,Yes,Yes,Yes,91.89,Low,Yes,1
Scholarship Scheme 1942,High School,All,OBC,Hindu,Yes,Yes,No,93.2,Low,Yes,0
Scholarship Scheme 1943,Postgraduate,All,OBC,Muslim,Yes,No,No,76.06,Low,Yes,0
Scholarship Scheme 1944,Postgraduate,Female,ST,Sikh,No,Yes,No,96.27,High,Yes,0
Scholarship Scheme 1945,Undergraduate,Female,General,Muslim,No,Yes,Yes,53.23,Low,Yes,0
Scholarship Scheme 1946,High School,Female,General,Hindu,Yes,Yes,No,55.65,Low,Yes,0
Scholarship Scheme 1947,Undergraduate,All,General,Hindu,Yes,No,No,79.78,Medium,Yes,0
Scholarship Scheme 1948,Postgraduate,Male,General,Christian,Yes,Yes,No,67.67,High,Yes,0
Scholarship Scheme 1949,High School,Male,ST,Sikh,Yes,No,No,73.16,Low,Yes,1
Scholarship Scheme 1950,Doctorate,Female,SC,Muslim,Yes,No,No,66.37,Medium,Yes,0
Scholarship Scheme 1951,High School,All,General,Hindu,No,Yes,Yes,70.2,Low,Yes,1
Scholarship Scheme 1952,Doctorate,Male,ST,Hindu,No,No,Yes,91.05,High,Yes,0
Scholarship Scheme 1953,Doctorate,Female,SC,Hindu,Yes,No,No,79.61,Medium,Yes,1
Scholarship Scheme 1954,High School,Male,SC,Muslim,Yes,Yes,No,99.77,Medium,Yes,1
Scholarship Scheme 1955,Doctorate,Male,ST,Muslim,No,Yes,Yes,89.27,High,Yes,0
Scholarship Scheme 1956,Undergraduate,All,General,Sikh,No,Yes,Yes,63.66,Medium,Yes,1
Scholarship Scheme 1957,Postgraduate,All,SC,Christian,No,Yes,No,63.19,Medium,Yes,0
Scholarship Scheme 1958,Doctorate,Male,General,Christian,Yes,No,No,66.76,Low,Yes,0
Scholarship Scheme 1959,Undergraduate,Female,General,Christian,No,No,Yes,92.08,Medium,Yes,1
Scholarship Scheme 1960,Doctorate,All,OBC,Hindu,Yes,Yes,No,51.36,High,Yes,1
Scholarship Scheme 1961,Postgraduate,Male,General,Christian,Yes,Yes,No,61.49,Low,Yes,0
Scholarship Scheme 1962,Undergraduate,All,OBC,Hindu,No,Yes,Yes,95.16,Medium,Yes,1
Scholarship Scheme 1963,Postgraduate,All,SC,Sikh,No,No,Yes,81.93,Low,Yes,0
Scholarship Scheme 1964,Postgraduate,All,ST,Hindu,No,Yes,Yes,61.32,High,Yes,1
Scholarship Scheme 1965,Undergraduate,Male,OBC,Sikh,Yes,No,Yes,60.94,Medium,Yes,0
Scholarship Scheme 1966,Undergraduate,Female,ST,Sikh,No,No,No,93.04,High,Yes,1
Scholarship Scheme 1967,Undergraduate,Female,SC,Christian,No,No,No,94.6,High,Yes,0
Scholarship Scheme 1968,High School,Female,General,Christian,Yes,No,No,62.78,Medium,Yes,1
Scholarship Scheme 1969,Undergraduate,All,SC,Hindu,No,Yes,No,70.98,Medium,Yes,1
Scholarship Scheme 1970,Undergraduate,Male,ST,Muslim,No,Yes,Yes,91.65,Low,Yes,0
Scholarship Scheme 1971,Undergraduate,All,SC,Christian,Yes,Yes,Yes,88.47,High,Yes,1
Scholarship Scheme 1972,Undergraduate,Female,General,Christian,Yes,No,No,90.61,Medium,Yes,1
Scholarship Scheme 1973,Doctorate,Female,SC,Muslim,Yes,No,No,75.87,High,Yes,0
Scholarship Scheme 1974,High School,Male,General,Muslim,Yes,Yes,No,95.49,Medium,Yes,0
Scholarship Scheme 1975,Postgraduate,All,OBC,Christian,Yes,No,Yes,66.26,High,Yes,0
Scholarship Scheme 1976,Undergraduate,Female,ST,Muslim,No,No,Yes,57.82,Low,Yes,0
Scholarship Scheme 1977,Doctorate,Male,General,Hindu,No,No,Yes,85.37,High,Yes,0
Scholarship Scheme 1978,Doctorate,All,General,Sikh,Yes,Yes,No,76.91,Medium,Yes,0
Scholarship Scheme 1979,Doctorate,All,SC,Sikh,No,Yes,No,92.64,Low,Yes,0
Scholarship Scheme 1980,Postgraduate,Female,OBC,Christian,No,Yes,No,54.05,Low,Yes,0
Scholarship Scheme 1981,Undergraduate,Female,General,Christian,Yes,No,Yes,92.1,Medium,Yes,1
Scholarship Scheme 1982,High School,All,OBC,Hindu,Yes,Yes,No,64.64,Low,Yes,1
Scholarship Scheme 1983,High School,All,OBC,Muslim,Yes,Yes,Yes,82.68,High,Yes,1
Scholarship Scheme 1984,Doctorate,Female,SC,Christian,No,Yes,No,52.0,High,Yes,0
Scholarship Scheme 1985,Postgraduate,All,General,Sikh,Yes,No,No,80.42,Medium,Yes,0
Scholarship Scheme 1986,Postgraduate,Female,SC,Hindu,No,No,Yes,85.79,High,Yes,0
Scholarship Scheme 1987,Postgraduate,All,ST,Hindu,No,No,Yes,68.4,Medium,Yes,1
Scholarship Scheme 1988,High School,Female,ST,Muslim,No,No,No,60.75,Low,Yes,0
Scholarship Scheme 1989,Doctorate,Male,General,Christian,No,No,Yes,76.83,High,Yes,0
Scholarship Scheme 1990,Undergraduate,Female,OBC,Christian,Yes,Yes,Yes,91.58,Medium,Yes,1
Scholarship Scheme 1991,High School,Female,General,Hindu,No,Yes,Yes,66.15,High,Yes,0
Scholarship Scheme 1992,Doctorate,Male,General,Sikh,Yes,No,Yes,62.6,Low,Yes,1
Scholarship Scheme 1993,Doctorate,All,ST,Christian,No,No,Yes,63.92,Low,Yes,1
Scholarship Scheme 1994,Undergraduate,Male,ST,Sikh,Yes,Yes,No,97.36,High,Yes,0
Scholarship Scheme 1995,Undergraduate,Female,OBC,Hindu,Yes,No,No,67.93,Low,Yes,1
Scholarship Scheme 1996,Undergraduate,All,OBC,Christian,Yes,No,No,50.18,Medium,Yes,0
Scholarship Scheme 1997,Postgraduate,Male,General,Sikh,No,No,No,89.01,High,Yes,1
Scholarship Scheme 1998,Undergraduate,All,SC,Hindu,No,No,Yes,84.89,High,Yes,0
Scholarship Scheme 1999,Doctorate,All,General,Sikh,No,No,No,56.42,Low,Yes,1
Scholarship Scheme 2000,Undergraduate,Male,OBC,Christian,Yes,Yes,Yes,99.15,Medium,Yes,1
Scholarship Scheme 2001,Doctorate,All,SC,Muslim,No,Yes,No,80.34,High,Yes,0
Scholarship Scheme 2002,High School,Male,ST,Sikh,No,No,No,74.99,High,Yes,1
Scholarship Scheme 2003,Postgraduate,Female,OBC,Muslim,No,No,Yes,69.07,Low,Yes,1
Scholarship Scheme 2004,High School,All,OBC,Christian,Yes,Yes,No,94.84,Low,Yes,1
Scholarship Scheme 2005,High School,Female,SC,Muslim,No,No,No,62.17,Medium,Yes,1
Scholarship Scheme 2006,Doctorate,Female,OBC,Hindu,No,Yes,No,64.26,Medium,Yes,1
Scholarship Scheme 2007,High School,All,OBC,Muslim,Yes,No,No,56.11,Low,Yes,0
Scholarship Scheme 2008,Doctorate,Male,OBC,Sikh,Yes,Yes,No,87.88,Medium,Yes,1
Scholarship Scheme 2009,Undergraduate,All,OBC,Sikh,Yes,Yes,No,79.72,Low,Yes,1
Scholarship Scheme 2010,Undergraduate,Female,OBC,Muslim,Yes,No,No,80.39,High,Yes,1
Scholarship Scheme 2011,Doctorate,Female,OBC,Hindu,Yes,No,Yes,60.9,Low,Yes,1
Scholarship Scheme 2012,Undergraduate,Male,OBC,Christian,Yes,Yes,No,82.49,Low,Yes,0
Scholarship Scheme 2013,Postgraduate,All,OBC,Muslim,No,No,No,88.2,Low,Yes,0
Scholarship Scheme 2014,High School,Female,ST,Sikh,No,Yes,No,67.86,High,Yes,0
Scholarship Scheme 2015,Postgraduate,Female,OBC,Sikh,Yes,No,No,89.99,Medium,Yes,0
Scholarship Scheme 2016,High School,Female,ST,Muslim,No,No,No,67.4,Medium,Yes,0
Scholarship Scheme 2017,Undergraduate,Male,ST,Muslim,Yes,No,No,87.83,Medium,Yes,1
Scholarship Scheme 2018,Postgraduate,Female,General,Muslim,No,Yes,Yes,51.68,Low,Yes,0
Scholarship Scheme 2019,Undergraduate,Female,General,Christian,Yes,Yes,No,77.5,Low,Yes,0
Scholarship Scheme 2020,High School,All,ST,Sikh,Yes,No,No,98.38,Medium,Yes,0
Scholarship Scheme 2021,Doctorate,All,ST,Sikh,No,Yes,Yes,98.96,High,Yes,0
Scholarship Scheme 2022,Doctorate,Female,OBC,Sikh,No,No,Yes,64.06,High,Yes,0
Scholarship Scheme 2023,Postgraduate,Female,General,Christian,No,Yes,No,72.03,High,Yes,1
Scholarship Scheme 2024,Undergraduate,All,SC,Hindu,No,No,No,53.14,High,Yes,0
Scholarship Scheme 2025,Undergraduate,Male,General,Sikh,No,Yes,No,93.58,Low,Yes,0
Scholarship Scheme 2026,Postgraduate,Male,ST,Sikh,No,Yes,Yes,78.37,Medium,Yes,1
Scholarship Scheme 2027,Doctorate,Male,ST,Hindu,No,Yes,Yes,69.22,High,Yes,0
Scholarship Scheme 2028,High School,Male,OBC,Christian,No,Yes,No,55.63,Low,Yes,1
Scholarship Scheme 2029,Postgraduate,Male,OBC,Hindu,Yes,Yes,No,97.24,Low,Yes,1
Scholarship Scheme 2030,High School,Male,General,Hindu,No,Yes,Yes,76.46,Low,Yes,0
Scholarship Scheme 2031,Doctorate,Male,OBC,Hindu,No,No,Yes,64.12,Medium,Yes,0
Scholarship Scheme 2032,Undergraduate,Male,SC,Hindu,Yes,No,Yes,67.48,Low,Yes,0
Scholarship Scheme 2033,Doctorate,All,SC,Christian,Yes,Yes,Yes,63.51,Medium,Yes,0
Scholarship Scheme 2034,Postgraduate,Male,OBC,Christian,Yes,No,No,80.03,Medium,Yes,0
Scholarship Scheme 2035,Undergraduate,Male,SC,Hindu,Yes,Yes,Yes,96.41,Medium,Yes,0
Scholarship Scheme 2036,Postgraduate,Male,SC,Muslim,No,No,Yes,92.75,Medium,Yes,0
Scholarship Scheme 2037,Postgraduate,Female,General,Muslim,No,No,No,72.97,Low,Yes,1
Scholarship Scheme 2038,Doctorate,All,SC,Muslim,Yes,No,Yes,91.24,Low,Yes,0
Scholarship Scheme 2039,Postgraduate,All,ST,Muslim,Yes,No,No,71.11,Low,Yes,1
Scholarship Scheme 2040,Doctorate,All,ST,Sikh,No,Yes,Yes,62.59,High,Yes,1
Scholarship Scheme 2041,Undergraduate,Male,General,Christian,No,No,No,99.07,High,Yes,0
Scholarship Scheme 2042,Doctorate,Male,OBC,Christian,No,No,Yes,65.16,Medium,Yes,0
Scholarship Scheme 2043,Undergraduate,Female,General,Hindu,No,No,No,66.15,Medium,Yes,0
Scholarship Scheme 2044,Doctorate,All,OBC,Sikh,Yes,Yes,No,99.39,Medium,Yes,1
Scholarship Scheme 2045,High School,Male,OBC,Hindu,No,No,Yes,56.68,Medium,Yes,0
Scholarship Scheme 2046,High School,All,OBC,Hindu,Yes,Yes,No,87.95,Medium,Yes,1
Scholarship Scheme 2047,Postgraduate,Female,OBC,Christian,Yes,Yes,No,96.7,High,Yes,1
Scholarship Scheme 2048,Doctorate,Female,OBC,Sikh,Yes,No,Yes,75.54,Medium,Yes,1
Scholarship Scheme 2049,Doctorate,Female,General,Muslim,No,Yes,No,50.13,Low,Yes,0
Scholarship Scheme 2050,Undergraduate,All,OBC,Christian,Yes,No,No,68.72,Medium,Yes,0
Scholarship Scheme 2051,Postgraduate,Male,SC,Sikh,No,No,Yes,55.57,Low,Yes,0
Scholarship Scheme 2052,Doctorate,Male,SC,Sikh,Yes,No,Yes,70.77,Low,Yes,0
Scholarship Scheme 2053,Postgraduate,Female,OBC,Christian,No,No,No,89.42,Low,Yes,0
Scholarship Scheme 2054,High School,Male,SC,Christian,Yes,No,No,71.89,Low,Yes,1
Scholarship Scheme 2055,Doctorate,Female,ST,Hindu,Yes,No,No,71.55,Medium,Yes,1
Scholarship Scheme 2056,Doctorate,All,General,Hindu,No,No,No,77.78,Medium,Yes,0
Scholarship Scheme 2057,Postgraduate,Female,General,Hindu,No,Yes,No,79.03,Medium,Yes,0
Scholarship Scheme 2058,Doctorate,All,OBC,Muslim,Yes,Yes,Yes,92.73,Medium,Yes,0
Scholarship Scheme 2059,Postgraduate,Female,OBC,Christian,Yes,No,No,65.39,Medium,Yes,1
Scholarship Scheme 2060,Doctorate,Male,ST,Sikh,No,No,Yes,91.0,High,Yes,0
Scholarship Scheme 2061,Undergraduate,Male,OBC,Christian,Yes,Yes,Yes,78.24,Low,Yes,0
Scholarship Scheme 2062,Postgraduate,Female,SC,Sikh,No,No,Yes,65.0,Low,Yes,0
Scholarship Scheme 2063,Doctorate,Male,ST,Muslim,No,Yes,Yes,64.73,High,Yes,1
Scholarship Scheme 2064,High School,Male,SC,Christian,Yes,Yes,No,68.02,High,Yes,0
Scholarship Scheme 2065,Doctorate,Male,General,Sikh,No,No,No,81.07,Medium,Yes,0
Scholarship Scheme 2066,High School,All,SC,Sikh,Yes,No,No,61.52,Medium,Yes,0
Scholarship Scheme 2067,High School,Male,General,Hindu,No,Yes,Yes,95.92,Low,Yes,0
Scholarship Scheme 2068,Undergraduate,All,SC,Muslim,No,Yes,Yes,78.69,Medium,Yes,0
Scholarship Scheme 2069,Postgraduate,Female,General,Christian,Yes,No,No,95.91,Low,Yes,1
Scholarship Scheme 2070,Doctorate,Male,OBC,Hindu,No,No,Yes,52.32,Medium,Yes,1
Scholarship Scheme 2071,Undergraduate,Male,SC,Muslim,Yes,Yes,No,67.1,Medium,Yes,0
Scholarship Scheme 2072,Doctorate,Male,General,Hindu,No,Yes,Yes,51.14,Low,Yes,1
Scholarship Scheme 2073,High School,Female,SC,Christian,No,Yes,Yes,63.59,High,Yes,0
Scholarship Scheme 2074,Postgraduate,All,ST,Sikh,No,No,Yes,93.01,High,Yes,1
Scholarship Scheme 2075,Doctorate,All,OBC,Christian,No,No,Yes,51.83,Medium,Yes,1
Scholarship Scheme 2076,Doctorate,Male,General,Muslim,Yes,No,Yes,71.76,High,Yes,0
Scholarship Scheme 2077,High School,Female,ST,Christian,No,Yes,Yes,55.87,Medium,Yes,0
Scholarship Scheme 2078,Doctorate,Female,SC,Muslim,No,Yes,Yes,70.8,High,Yes,0
Scholarship Scheme 2079,Doctorate,Female,ST,Hindu,No,No,No,91.86,High,Yes,1
Scholarship Scheme 2080,High School,Female,SC,Muslim,Yes,Yes,No,81.09,Low,Yes,1
Scholarship Scheme 2081,Undergraduate,Female,OBC,Sikh,Yes,Yes,Yes,86.76,High,Yes,0
Scholarship Scheme 2082,High School,All,ST,Sikh,Yes,Yes,Yes,67.42,Medium,Yes,1
Scholarship Scheme 2083,Undergraduate,All,OBC,Sikh,Yes,Yes,No,97.13,Low,Yes,1
Scholarship Scheme 2084,Postgraduate,All,General,Hindu,No,Yes,Yes,85.39,High,Yes,0
Scholarship Scheme 2085,Undergraduate,Male,SC,Muslim,No,No,No,71.05,Low,Yes,0
Scholarship Scheme 2086,Undergraduate,Female,SC,Hindu,No,No,No,71.28,High,Yes,0
Scholarship Scheme 2087,Postgraduate,Male,OBC,Christian,Yes,No,No,95.84,Medium,Yes,1
Scholarship Scheme 2088,Undergraduate,Female,OBC,Christian,Yes,No,No,78.76,Medium,Yes,1
Scholarship Scheme 2089,High School,All,General,Christian,No,No,No,85.25,Low,Yes,1
Scholarship Scheme 2090,Undergraduate,Male,ST,Christian,No,Yes,Yes,70.81,High,Yes,1
Scholarship Scheme 2091,Postgraduate,All,SC,Sikh,No,Yes,Yes,61.16,High,Yes,0
Scholarship Scheme 2092,High School,Female,SC,Muslim,Yes,Yes,No,86.11,Low,Yes,0
Scholarship Scheme 2093,Postgraduate,Female,General,Sikh,No,No,Yes,80.33,Low,Yes,1
Scholarship Scheme 2094,Postgraduate,Female,General,Muslim,No,Yes,No,75.02,Medium,Yes,1
Scholarship Scheme 2095,Doctorate,All,OBC,Muslim,Yes,Yes,Yes,81.14,Low,Yes,1
Scholarship Scheme 2096,Doctorate,Female,OBC,Hindu,Yes,Yes,Yes,60.39,High,Yes,0
Scholarship Scheme 2097,Postgraduate,All,ST,Christian,No,No,Yes,89.62,Low,Yes,1
Scholarship Scheme 2098,Postgraduate,Male,General,Muslim,Yes,Yes,Yes,97.31,Medium,Yes,0
Scholarship Scheme 2099,Postgraduate,Female,ST,Christian,No,Yes,Yes,94.47,Low,Yes,0
Scholarship Scheme 2100,Doctorate,Female,General,Christian,No,No,Yes,66.04,High,Yes,0
Scholarship Scheme 2101,Doctorate,Female,SC,Christian,No,No,Yes,70.26,Low,Yes,1
Scholarship Scheme 2102,Undergraduate,Male,General,Sikh,No,Yes,Yes,90.34,Low,Yes,0
Scholarship Scheme 2103,Undergraduate,Female,General,Christian,Yes,No,No,79.7,Low,Yes,1
Scholarship Scheme 2104,Postgraduate,All,SC,Muslim,Yes,Yes,No,77.34,Medium,Yes,1
Scholarship Scheme 2105,High School,All,General,Sikh,Yes,No,Yes,96.24,Medium,Yes,0
Scholarship Scheme 2106,High School,Female,ST,Christian,No,Yes,Yes,76.75,Medium,Yes,0
Scholarship Scheme 2107,Doctorate,Female,OBC,Hindu,No,Yes,Yes,75.7,Medium,Yes,0
Scholarship Scheme 2108,Doctorate,Male,OBC,Christian,No,No,No,52.1,High,Yes,0
Scholarship Scheme 2109,Doctorate,Male,ST,Christian,Yes,No,Yes,53.46,High,Yes,0
Scholarship Scheme 2110,Postgraduate,Male,SC,Sikh,Yes,No,Yes,50.37,Medium,Yes,1
Scholarship Scheme 2111,High School,Female,General,Muslim,No,No,No,95.57,Medium,Yes,0
Scholarship Scheme 2112,Undergraduate,Male,ST,Christian,Yes,Yes,No,70.38,Medium,Yes,0
Scholarship Scheme 2113,Postgraduate,Male,OBC,Sikh,Yes,No,No,73.38,Low,Yes,0
Scholarship Scheme 2114,Undergraduate,All,OBC,Sikh,Yes,Yes,Yes,92.18,High,Yes,0
Scholarship Scheme 2115,Undergraduate,Male,ST,Muslim,Yes,Yes,No,80.4,Low,Yes,1
Scholarship Scheme 2116,Postgraduate,All,OBC,Sikh,No,Yes,Yes,80.41,Medium,Yes,0
Scholarship Scheme 2117,Undergraduate,All,ST,Muslim,Yes,No,No,64.8,High,Yes,1
Scholarship Scheme 2118,High School,Male,OBC,Hindu,No,Yes,Yes,91.61,Medium,Yes,0
Scholarship Scheme 2119,Undergraduate,All,ST,Christian,Yes,Yes,Yes,58.27,Low,Yes,0
Scholarship Scheme 2120,High School,Female,General,Sikh,No,No,Yes,52.65,High,Yes,0
Scholarship Scheme 2121,High School,Female,General,Hindu,No,Yes,No,59.56,Low,Yes,1
Scholarship Scheme 2122,High School,Male,General,Sikh,Yes,Yes,Yes,63.36,High,Yes,0
Scholarship Scheme 2123,Doctorate,Female,General,Sikh,No,Yes,Yes,64.09,Medium,Yes,0
Scholarship Scheme 2124,Undergraduate,All,OBC,Hindu,No,No,Yes,83.46,High,Yes,1
Scholarship Scheme 2125,Postgraduate,Female,SC,Sikh,Yes,Yes,No,60.87,Low,Yes,0
Scholarship Scheme 2126,Postgraduate,Male,ST,Sikh,No,Yes,Yes,83.77,Low,Yes,0
Scholarship Scheme 2127,Undergraduate,Male,SC,Hindu,Yes,Yes,Yes,54.55,Low,Yes,0
Scholarship Scheme 2128,Doctorate,All,OBC,Sikh,No,No,Yes,57.35,Low,Yes,0
Scholarship Scheme 2129,Doctorate,Male,OBC,Muslim,Yes,No,Yes,75.39,Medium,Yes,1
Scholarship Scheme 2130,High School,Female,SC,Sikh,Yes,No,No,96.0,Low,Yes,0
Scholarship Scheme 2131,Undergraduate,Male,SC,Christian,Yes,Yes,Yes,92.89,Medium,Yes,0
Scholarship Scheme 2132,Undergraduate,All,OBC,Sikh,Yes,Yes,No,98.34,High,Yes,1
Scholarship Scheme 2133,Postgraduate,Male,OBC,Christian,Yes,Yes,No,82.46,Low,Yes,1
Scholarship Scheme 2134,Undergraduate,Female,ST,Christian,No,Yes,Yes,83.72,High,Yes,0
Scholarship Scheme 2135,Doctorate,All,General,Sikh,No,Yes,No,81.19,High,Yes,1
Scholarship Scheme 2136,Undergraduate,Female,General,Hindu,Yes,No,No,81.08,Medium,Yes,0
Scholarship Scheme 2137,Postgraduate,All,ST,Muslim,No,Yes,No,57.34,Low,Yes,1
Scholarship Scheme 2138,High School,Male,SC,Muslim,No,Yes,Yes,77.13,Medium,Yes,0
Scholarship Scheme 2139,Postgraduate,All,OBC,Sikh,No,No,No,69.26,Low,Yes,0
Scholarship Scheme 2140,Postgraduate,All,SC,Hindu,Yes,No,No,72.08,High,Yes,0
Scholarship Scheme 2141,High School,Male,General,Hindu,Yes,Yes,Yes,76.13,Medium,Yes,1
Scholarship Scheme 2142,Postgraduate,Female,General,Muslim,No,No,Yes,56.41,Low,Yes,0
Scholarship Scheme 2143,Postgraduate,Male,SC,Hindu,Yes,No,No,67.94,High,Yes,0
Scholarship Scheme 2144,Undergraduate,All,General,Sikh,Yes,No,No,53.17,Medium,Yes,1
Scholarship Scheme 2145,Undergraduate,Male,OBC,Sikh,No,Yes,No,98.89,Medium,Yes,1
Scholarship Scheme 2146,High School,All,ST,Hindu,Yes,No,Yes,55.91,Medium,Yes,1
Scholarship Scheme 2147,Undergraduate,Male,SC,Sikh,Yes,Yes,No,62.9,Medium,Yes,1
Scholarship Scheme 2148,Undergraduate,Male,OBC,Christian,Yes,No,Yes,94.48,High,Yes,1
Scholarship Scheme 2149,Postgraduate,Female,OBC,Muslim,Yes,Yes,No,74.09,High,Yes,0
Scholarship Scheme 2150,Doctorate,All,General,Sikh,Yes,Yes,No,56.77,High,Yes,0
Scholarship Scheme 2151,Undergraduate,Female,OBC,Hindu,No,Yes,Yes,69.17,High,Yes,0
Scholarship Scheme 2152,Doctorate,All,SC,Muslim,Yes,No,No,55.78,Low,Yes,1
Scholarship Scheme 2153,Undergraduate,Male,OBC,Sikh,Yes,No,Yes,59.99,High,Yes,0
Scholarship Scheme 2154,Undergraduate,All,ST,Muslim,No,No,No,52.6,Medium,Yes,0
Scholarship Scheme 2155,High School,Female,OBC,Hindu,No,Yes,Yes,71.87,Medium,Yes,1
Scholarship Scheme 2156,High School,Female,OBC,Christian,Yes,No,Yes,90.25,Medium,Yes,0
Scholarship Scheme 2157,High School,Female,ST,Christian,No,No,No,79.24,Medium,Yes,0
Scholarship Scheme 2158,Doctorate,All,OBC,Sikh,Yes,Yes,Yes,80.26,Low,Yes,1
Scholarship Scheme 2159,Postgraduate,Female,OBC,Christian,No,No,No,60.01,Medium,Yes,0
Scholarship Scheme 2160,Undergraduate,Female,General,Sikh,Yes,Yes,Yes,67.16,Medium,Yes,1
Scholarship Scheme 2161,Undergraduate,Female,SC,Muslim,No,No,Yes,92.18,Medium,Yes,0
Scholarship Scheme 2162,Undergraduate,Male,General,Sikh,Yes,Yes,Yes,54.38,High,Yes,0
Scholarship Scheme 2163,Doctorate,Male,SC,Sikh,No,Yes,No,92.81,High,Yes,1
Scholarship Scheme 2164,High School,All,ST,Sikh,Yes,No,Yes,74.14,Low,Yes,0
Scholarship Scheme 2165,Postgraduate,All,ST,Christian,Yes,Yes,Yes,91.77,Low,Yes,0
Scholarship Scheme 2166,Doctorate,Female,ST,Sikh,Yes,No,Yes,65.87,Low,Yes,1
Scholarship Scheme 2167,High School,Male,SC,Hindu,No,No,No,66.91,Medium,Yes,0
Scholarship Scheme 2168,Doctorate,Female,SC,Sikh,No,No,No,87.51,Low,Yes,0
Scholarship Scheme 2169,Postgraduate,Female,SC,Muslim,Yes,No,Yes,89.17,High,Yes,0
Scholarship Scheme 2170,High School,Male,ST,Hindu,Yes,Yes,Yes,61.46,High,Yes,0
Scholarship Scheme 2171,Doctorate,Male,SC,Muslim,Yes,Yes,No,98.55,High,Yes,0
Scholarship Scheme 2172,Postgraduate,Male,OBC,Muslim,Yes,Yes,Yes,54.22,Medium,Yes,1
Scholarship Scheme 2173,Undergraduate,All,General,Muslim,No,No,Yes,53.42,Medium,Yes,0
Scholarship Scheme 2174,Postgraduate,All,ST,Hindu,No,No,Yes,79.72,Low,Yes,0
Scholarship Scheme 2175,Undergraduate,Female,General,Hindu,No,Yes,Yes,86.06,Low,Yes,0
Scholarship Scheme 2176,Doctorate,All,OBC,Christian,Yes,Yes,Yes,97.95,Low,Yes,0
Scholarship Scheme 2177,High School,Male,SC,Hindu,Yes,No,Yes,70.21,Low,Yes,0
Scholarship Scheme 2178,High School,Male,General,Sikh,No,No,No,51.26,Medium,Yes,0
Scholarship Scheme 2179,Doctorate,All,OBC,Muslim,No,No,Yes,80.08,High,Yes,1
Scholarship Scheme 2180,High School,Female,OBC,Christian,No,Yes,Yes,64.46,Medium,Yes,0
Scholarship Scheme 2181,High School,Female,General,Hindu,No,No,No,71.6,Low,Yes,0
Scholarship Scheme 2182,Undergraduate,All,ST,Muslim,Yes,Yes,No,74.37,Medium,Yes,0
Scholarship Scheme 2183,Doctorate,Female,General,Hindu,Yes,No,No,53.22,High,Yes,1
Scholarship Scheme 2184,Postgraduate,Female,ST,Christian,Yes,Yes,No,74.25,Medium,Yes,1
Scholarship Scheme 2185,Undergraduate,Female,SC,Hindu,No,No,Yes,71.27,High,Yes,1
Scholarship Scheme 2186,Doctorate,Male,ST,Hindu,Yes,Yes,No,85.56,Low,Yes,0
Scholarship Scheme 2187,Undergraduate,Male,SC,Muslim,No,Yes,Yes,82.22,Medium,Yes,0
Scholarship Scheme 2188,Postgraduate,All,General,Sikh,No,Yes,No,59.24,Low,Yes,0
Scholarship Scheme 2189,Postgraduate,Male,SC,Hindu,No,No,No,60.29,Low,Yes,0
Scholarship Scheme 2190,Doctorate,Female,OBC,Christian,No,Yes,No,62.53,High,Yes,1
Scholarship Scheme 2191,Postgraduate,Male,SC,Hindu,No,Yes,Yes,58.93,High,Yes,0
Scholarship Scheme 2192,Undergraduate,All,ST,Hindu,Yes,No,No,82.79,Low,Yes,1
Scholarship Scheme 2193,Postgraduate,Male,ST,Sikh,Yes,Yes,No,99.62,High,Yes,1
Scholarship Scheme 2194,Undergraduate,Female,ST,Muslim,Yes,Yes,No,82.54,High,Yes,0
Scholarship Scheme 2195,Undergraduate,Female,SC,Christian,No,No,Yes,80.27,Low,Yes,1
Scholarship Scheme 2196,Postgraduate,All,ST,Muslim,Yes,Yes,Yes,70.46,Low,Yes,0
Scholarship Scheme 2197,Doctorate,Male,ST,Muslim,No,No,No,65.6,High,Yes,0
Scholarship Scheme 2198,High School,Male,OBC,Muslim,Yes,Yes,Yes,95.46,Low,Yes,0
Scholarship Scheme 2199,Postgraduate,Male,SC,Hindu,No,No,No,98.35,Low,Yes,0
Scholarship Scheme 2200,Undergraduate,Female,OBC,Sikh,No,Yes,Yes,74.79,High,Yes,0
Scholarship Scheme 2201,Undergraduate,All,ST,Hindu,Yes,Yes,No,64.48,Medium,Yes,0
Scholarship Scheme 2202,Postgraduate,Male,ST,Christian,No,Yes,Yes,88.43,Medium,Yes,1
Scholarship Scheme 2203,Doctorate,Female,ST,Sikh,Yes,No,No,56.61,Low,Yes,0
Scholarship Scheme 2204,Doctorate,Female,SC,Muslim,Yes,Yes,Yes,88.2,High,Yes,1
Scholarship Scheme 2205,Undergraduate,Female,General,Sikh,Yes,Yes,Yes,90.87,Low,Yes,1
Scholarship Scheme 2206,Undergraduate,Male,ST,Christian,No,No,No,56.23,High,Yes,1
Scholarship Scheme 2207,Doctorate,Male,ST,Hindu,No,No,No,98.75,Low,Yes,0
Scholarship Scheme 2208,High School,Male,ST,Hindu,No,No,Yes,99.18,Low,Yes,0
Scholarship Scheme 2209,Postgraduate,Male,ST,Muslim,No,Yes,No,96.74,High,Yes,1
Scholarship Scheme 2210,Undergraduate,Male,SC,Hindu,Yes,Yes,No,74.75,Low,Yes,1
Scholarship Scheme 2211,Undergraduate,Male,General,Hindu,No,Yes,No,62.28,Medium,Yes,0
Scholarship Scheme 2212,Doctorate,Male,General,Christian,Yes,No,No,79.04,Medium,Yes,1
Scholarship Scheme 2213,Postgraduate,Male,General,Sikh,Yes,No,Yes,70.95,High,Yes,0
Scholarship Scheme 2214,Doctorate,Male,ST,Hindu,No,Yes,No,60.28,Low,Yes,1
Scholarship Scheme 2215,Postgraduate,Female,ST,Christian,No,Yes,Yes,71.14,Medium,Yes,0
Scholarship Scheme 2216,Postgraduate,Male,General,Christian,Yes,No,Yes,83.13,High,Yes,0
Scholarship Scheme 2217,Postgraduate,All,General,Muslim,No,No,No,53.54,High,Yes,0
Scholarship Scheme 2218,Undergraduate,Female,ST,Christian,Yes,No,No,66.64,High,Yes,0
Scholarship Scheme 2219,High School,Male,ST,Muslim,No,Yes,Yes,50.89,Medium,Yes,0
Scholarship Scheme 2220,Doctorate,All,OBC,Hindu,No,No,No,87.4,Medium,Yes,1
Scholarship Scheme 2221,High School,Male,OBC,Muslim,Yes,No,No,81.97,Medium,Yes,0
Scholarship Scheme 2222,Doctorate,All,OBC,Christian,Yes,No,Yes,53.13,Medium,Yes,0
Scholarship Scheme 2223,Postgraduate,All,General,Sikh,Yes,No,Yes,98.14,Low,Yes,1
Scholarship Scheme 2224,Undergraduate,All,SC,Sikh,No,Yes,Yes,51.13,Medium,Yes,1
Scholarship Scheme 2225,High School,All,ST,Hindu,No,No,No,79.44,High,Yes,0
Scholarship Scheme 2226,Undergraduate,Female,OBC,Hindu,No,Yes,No,88.74,Low,Yes,1
Scholarship Scheme 2227,Doctorate,Female,SC,Sikh,Yes,Yes,Yes,89.32,Medium,Yes,0
Scholarship Scheme 2228,Undergraduate,All,ST,Muslim,Yes,No,Yes,51.71,Low,Yes,0
Scholarship Scheme 2229,Undergraduate,Male,SC,Hindu,No,No,No,95.23,High,Yes,1
Scholarship Scheme 2230,High School,All,General,Christian,Yes,Yes,No,95.83,Medium,Yes,1
Scholarship Scheme 2231,Postgraduate,Female,General,Hindu,No,No,No,78.01,Low,Yes,0
Scholarship Scheme 2232,Undergraduate,Male,General,Muslim,Yes,Yes,Yes,74.06,Medium,Yes,0
Scholarship Scheme 2233,Postgraduate,Female,OBC,Hindu,No,No,No,52.24,Low,Yes,0
Scholarship Scheme 2234,Doctorate,Female,ST,Christian,No,Yes,No,78.04,Low,Yes,0
Scholarship Scheme 2235,Undergraduate,Male,General,Christian,No,Yes,Yes,70.43,High,Yes,1
Scholarship Scheme 2236,High School,All,OBC,Christian,Yes,Yes,No,88.56,High,Yes,1
Scholarship Scheme 2237,Doctorate,All,OBC,Muslim,Yes,No,Yes,70.15,Medium,Yes,1
Scholarship Scheme 2238,Doctorate,All,OBC,Muslim,No,Yes,No,84.11,Medium,Yes,0
Scholarship Scheme 2239,High School,All,OBC,Christian,No,Yes,Yes,55.06,Low,Yes,0
Scholarship Scheme 2240,Undergraduate,Male,General,Christian,No,No,Yes,56.63,High,Yes,0
Scholarship Scheme 2241,Undergraduate,Male,OBC,Muslim,No,No,Yes,56.97,High,Yes,0
Scholarship Scheme 2242,Doctorate,Male,General,Muslim,No,Yes,No,52.27,Low,Yes,1
Scholarship Scheme 2243,Undergraduate,Female,General,Muslim,No,Yes,No,77.01,High,Yes,0
Scholarship Scheme 2244,Postgraduate,Male,OBC,Sikh,Yes,No,No,89.62,High,Yes,0
Scholarship Scheme 2245,High School,All,General,Muslim,Yes,Yes,No,80.46,Low,Yes,1
Scholarship Scheme 2246,Postgraduate,Female,ST,Christian,Yes,No,Yes,78.69,Medium,Yes,1
Scholarship Scheme 2247,Undergraduate,All,ST,Sikh,Yes,No,No,83.96,Medium,Yes,0
Scholarship Scheme 2248,Doctorate,All,SC,Muslim,No,No,No,66.95,Medium,Yes,1
Scholarship Scheme 2249,High School,Male,ST,Christian,No,Yes,Yes,68.06,Low,Yes,0
Scholarship Scheme 2250,Undergraduate,Male,General,Hindu,No,No,Yes,65.68,Medium,Yes,1
Scholarship Scheme 2251,Undergraduate,All,General,Sikh,Yes,Yes,Yes,85.53,Low,Yes,0
Scholarship Scheme 2252,Doctorate,All,ST,Christian,Yes,Yes,Yes,58.07,Low,Yes,0
Scholarship Scheme 2253,Doctorate,Female,OBC,Hindu,No,No,No,50.65,High,Yes,1
Scholarship Scheme 2254,Postgraduate,Male,OBC,Christian,Yes,No,Yes,79.75,High,Yes,0
Scholarship Scheme 2255,High School,Female,General,Muslim,Yes,No,No,97.02,Medium,Yes,0
Scholarship Scheme 2256,High School,Female,OBC,Muslim,No,No,No,80.41,Low,Yes,0
Scholarship Scheme 2257,Doctorate,Female,SC,Hindu,No,Yes,Yes,89.07,Medium,Yes,0
Scholarship Scheme 2258,Postgraduate,All,SC,Muslim,No,Yes,Yes,83.57,Medium,Yes,1
Scholarship Scheme 2259,High School,Female,ST,Christian,Yes,No,Yes,74.82,High,Yes,0
Scholarship Scheme 2260,Doctorate,Female,ST,Hindu,No,Yes,Yes,85.85,Medium,Yes,0
Scholarship Scheme 2261,Undergraduate,All,OBC,Christian,No,No,Yes,91.12,Medium,Yes,1
Scholarship Scheme 2262,High School,Male,General,Christian,No,Yes,No,61.21,High,Yes,0
Scholarship Scheme 2263,Postgraduate,Male,ST,Christian,Yes,Yes,Yes,66.77,Medium,Yes,0
Scholarship Scheme 2264,Postgraduate,Female,SC,Muslim,Yes,Yes,No,61.16,Medium,Yes,0
Scholarship Scheme 2265,Postgraduate,All,ST,Muslim,No,No,Yes,72.56,Low,Yes,0
Scholarship Scheme 2266,Undergraduate,Male,ST,Christian,No,Yes,No,94.16,Medium,Yes,0
Scholarship Scheme 2267,High School,Female,SC,Sikh,Yes,Yes,No,67.23,High,Yes,1
Scholarship Scheme 2268,High School,Female,General,Christian,Yes,Yes,No,68.69,High,Yes,1
Scholarship Scheme 2269,Undergraduate,All,ST,Christian,No,Yes,Yes,92.93,Low,Yes,1
Scholarship Scheme 2270,High School,Female,ST,Hindu,Yes,No,Yes,75.72,High,Yes,1
Scholarship Scheme 2271,Undergraduate,Male,ST,Christian,No,Yes,Yes,76.72,High,Yes,1
Scholarship Scheme 2272,Undergraduate,All,OBC,Muslim,No,No,No,92.95,High,Yes,1
Scholarship Scheme 2273,Undergraduate,Male,ST,Hindu,Yes,No,No,74.48,Medium,Yes,1
Scholarship Scheme 2274,Postgraduate,Male,SC,Sikh,No,Yes,Yes,84.01,Low,Yes,1
Scholarship Scheme 2275,High School,Male,General,Hindu,No,Yes,Yes,54.27,Low,Yes,1
Scholarship Scheme 2276,Undergraduate,Female,General,Sikh,Yes,No,No,58.91,Low,Yes,0
Scholarship Scheme 2277,High School,Female,SC,Hindu,No,No,No,70.18,Low,Yes,0
Scholarship Scheme 2278,Postgraduate,Male,OBC,Hindu,Yes,No,Yes,74.69,High,Yes,0
Scholarship Scheme 2279,Undergraduate,Male,SC,Sikh,No,Yes,Yes,98.19,Medium,Yes,1
Scholarship Scheme 2280,Doctorate,All,General,Muslim,No,Yes,Yes,98.44,High,Yes,1
Scholarship Scheme 2281,Postgraduate,All,SC,Muslim,Yes,No,No,92.47,High,Yes,1
Scholarship Scheme 2282,Doctorate,Female,OBC,Muslim,Yes,No,No,65.75,High,Yes,0
Scholarship Scheme 2283,High School,Female,General,Hindu,Yes,No,Yes,98.11,High,Yes,0
Scholarship Scheme 2284,High School,All,OBC,Christian,Yes,Yes,Yes,84.4,Low,Yes,0
Scholarship Scheme 2285,Postgraduate,Male,SC,Hindu,Yes,Yes,Yes,69.61,Low,Yes,1
Scholarship Scheme 2286,High School,Female,ST,Christian,Yes,No,Yes,85.01,Medium,Yes,1
Scholarship Scheme 2287,Doctorate,Male,SC,Christian,No,Yes,Yes,50.82,High,Yes,1
Scholarship Scheme 2288,Undergraduate,All,OBC,Muslim,Yes,No,No,57.29,Low,Yes,0
Scholarship Scheme 2289,Undergraduate,Female,SC,Christian,No,Yes,Yes,91.4,Medium,Yes,0
Scholarship Scheme 2290,Undergraduate,Female,ST,Hindu,Yes,No,No,82.21,High,Yes,0
Scholarship Scheme 2291,Postgraduate,All,OBC,Hindu,No,Yes,No,68.17,High,Yes,0
Scholarship Scheme 2292,High School,Female,SC,Muslim,No,Yes,No,74.98,Low,Yes,1
Scholarship Scheme 2293,Doctorate,All,OBC,Sikh,Yes,Yes,No,95.17,High,Yes,0
Scholarship Scheme 2294,High School,Female,OBC,Hindu,No,Yes,No,81.52,High,Yes,0
Scholarship Scheme 2295,High School,All,General,Christian,No,Yes,No,69.87,Low,Yes,0
Scholarship Scheme 2296,High School,Female,General,Hindu,No,Yes,No,56.0,Medium,Yes,0
Scholarship Scheme 2297,Undergraduate,Male,OBC,Hindu,Yes,Yes,No,64.66,Medium,Yes,0
Scholarship Scheme 2298,Doctorate,Male,SC,Hindu,Yes,No,Yes,98.82,Low,Yes,1
Scholarship Scheme 2299,Doctorate,Male,SC,Sikh,No,No,Yes,71.82,Low,Yes,0
Scholarship Scheme 2300,High School,Female,SC,Christian,Yes,No,Yes,73.54,Medium,Yes,1
Scholarship Scheme 2301,Undergraduate,Female,ST,Muslim,Yes,Yes,Yes,74.88,Medium,Yes,0
Scholarship Scheme 2302,Undergraduate,Male,OBC,Hindu,No,Yes,Yes,94.12,Low,Yes,1
Scholarship Scheme 2303,Doctorate,Male,OBC,Christian,No,Yes,No,80.14,Low,Yes,0
Scholarship Scheme 2304,Undergraduate,All,ST,Christian,Yes,No,No,84.61,Low,Yes,1
Scholarship Scheme 2305,Undergraduate,All,OBC,Muslim,Yes,No,No,69.43,High,Yes,0
Scholarship Scheme 2306,Undergraduate,All,OBC,Hindu,Yes,No,No,51.45,Low,Yes,0
Scholarship Scheme 2307,Postgraduate,Male,ST,Sikh,No,No,No,96.46,High,Yes,0
Scholarship Scheme 2308,High School,Male,General,Christian,Yes,No,Yes,97.36,Medium,Yes,1
Scholarship Scheme 2309,Doctorate,Male,OBC,Muslim,Yes,No,Yes,97.36,Medium,Yes,0
Scholarship Scheme 2310,Doctorate,All,ST,Sikh,Yes,Yes,No,97.09,Low,Yes,1
Scholarship Scheme 2311,Postgraduate,Female,SC,Christian,No,No,Yes,90.68,Low,Yes,1
Scholarship Scheme 2312,High School,Male,General,Hindu,No,Yes,Yes,84.16,Medium,Yes,0
Scholarship Scheme 2313,Doctorate,Female,SC,Christian,No,No,Yes,92.14,Medium,Yes,0
Scholarship Scheme 2314,Undergraduate,Female,OBC,Sikh,Yes,No,Yes,79.97,Medium,Yes,0
Scholarship Scheme 2315,Doctorate,Female,General,Sikh,Yes,Yes,Yes,56.71,Medium,Yes,0
Scholarship Scheme 2316,Undergraduate,All,ST,Hindu,No,Yes,No,69.52,Low,Yes,0
Scholarship Scheme 2317,Postgraduate,Female,OBC,Hindu,Yes,Yes,Yes,98.47,High,Yes,1
Scholarship Scheme 2318,Undergraduate,Male,ST,Muslim,Yes,No,Yes,67.52,Medium,Yes,1
Scholarship Scheme 2319,Doctorate,All,General,Hindu,Yes,No,No,93.3,Medium,Yes,1
Scholarship Scheme 2320,Doctorate,Male,SC,Muslim,No,Yes,No,54.65,High,Yes,0
Scholarship Scheme 2321,Doctorate,Male,OBC,Sikh,Yes,No,No,66.68,Low,Yes,1
Scholarship Scheme 2322,Postgraduate,All,OBC,Sikh,Yes,Yes,No,67.51,High,Yes,0
Scholarship Scheme 2323,Postgraduate,Male,ST,Christian,No,No,No,52.57,Low,Yes,0
Scholarship Scheme 2324,High School,Male,General,Christian,Yes,No,No,55.94,Low,Yes,1
Scholarship Scheme 2325,Doctorate,All,ST,Muslim,No,No,No,59.64,Low,Yes,1
Scholarship Scheme 2326,Undergraduate,Male,General,Hindu,Yes,Yes,No,91.81,Low,Yes,0
Scholarship Scheme 2327,Postgraduate,Female,OBC,Hindu,No,No,Yes,53.16,Low,Yes,1
Scholarship Scheme 2328,Doctorate,Male,General,Christian,No,Yes,No,64.91,Medium,Yes,0
Scholarship Scheme 2329,Doctorate,Female,OBC,Sikh,Yes,Yes,No,50.51,Low,Yes,1
Scholarship Scheme 2330,Postgraduate,Male,General,Muslim,Yes,Yes,Yes,84.71,Medium,Yes,0
Scholarship Scheme 2331,High School,All,SC,Sikh,No,Yes,No,80.95,Low,Yes,0
Scholarship Scheme 2332,Postgraduate,All,General,Sikh,Yes,Yes,No,82.18,Medium,Yes,1
Scholarship Scheme 2333,Postgraduate,Male,SC,Hindu,No,Yes,No,68.68,High,Yes,1
Scholarship Scheme 2334,Undergraduate,All,General,Muslim,Yes,Yes,No,60.39,High,Yes,0
Scholarship Scheme 2335,Undergraduate,Male,General,Sikh,Yes,Yes,Yes,85.94,Medium,Yes,1
Scholarship Scheme 2336,High School,All,ST,Christian,Yes,Yes,Yes,90.47,Low,Yes,1
Scholarship Scheme 2337,Doctorate,Female,ST,Christian,Yes,No,No,56.92,Medium,Yes,1
Scholarship Scheme 2338,Postgraduate,Male,OBC,Hindu,No,Yes,Yes,74.29,Medium,Yes,1
Scholarship Scheme 2339,High School,Female,ST,Christian,No,No,Yes,62.41,Low,Yes,1
Scholarship Scheme 2340,Undergraduate,Female,General,Christian,Yes,Yes,Yes,58.39,High,Yes,1
Scholarship Scheme 2341,Postgraduate,Male,ST,Sikh,Yes,No,Yes,86.64,Medium,Yes,0
Scholarship Scheme 2342,Doctorate,Female,General,Christian,Yes,No,Yes,76.85,High,Yes,1
Scholarship Scheme 2343,Undergraduate,Male,SC,Christian,Yes,No,Yes,60.79,High,Yes,0
Scholarship Scheme 2344,Undergraduate,Female,General,Sikh,Yes,No,No,65.47,High,Yes,0
Scholarship Scheme 2345,Undergraduate,Male,OBC,Hindu,No,No,No,98.24,Medium,Yes,0
Scholarship Scheme 2346,High School,Male,SC,Hindu,No,No,Yes,92.35,Medium,Yes,0
Scholarship Scheme 2347,Doctorate,All,OBC,Muslim,Yes,Yes,Yes,93.91,Low,Yes,0
Scholarship Scheme 2348,Postgraduate,Male,OBC,Christian,No,Yes,Yes,72.95,Low,Yes,1
Scholarship Scheme 2349,High School,Male,OBC,Sikh,No,Yes,No,81.13,Medium,Yes,0
Scholarship Scheme 2350,High School,Female,ST,Muslim,Yes,Yes,No,68.8,Low,Yes,0
Scholarship Scheme 2351,High School,Male,OBC,Hindu,No,Yes,No,53.88,High,Yes,0
Scholarship Scheme 2352,Undergraduate,All,SC,Hindu,No,Yes,No,70.01,High,Yes,0
Scholarship Scheme 2353,Doctorate,Female,General,Sikh,No,No,No,79.64,Medium,Yes,0
Scholarship Scheme 2354,High School,Female,OBC,Muslim,No,Yes,No,64.33,High,Yes,0
Scholarship Scheme 2355,Postgraduate,All,SC,Muslim,Yes,No,Yes,92.31,Medium,Yes,1
Scholarship Scheme 2356,Doctorate,Female,OBC,Sikh,No,No,No,57.54,Medium,Yes,0
Scholarship Scheme 2357,Postgraduate,Female,General,Sikh,No,No,No,68.32,Medium,Yes,0
Scholarship Scheme 2358,Doctorate,Female,SC,Muslim,No,No,No,56.23,High,Yes,0
Scholarship Scheme 2359,Postgraduate,Female,SC,Hindu,Yes,No,Yes,70.2,Medium,Yes,0
Scholarship Scheme 2360,Undergraduate,All,General,Christian,No,No,No,51.98,Medium,Yes,0
Scholarship Scheme 2361,High School,All,SC,Hindu,No,Yes,Yes,63.6,Low,Yes,0
Scholarship Scheme 2362,Postgraduate,Female,General,Sikh,No,No,Yes,70.0,High,Yes,0
Scholarship Scheme 2363,Doctorate,Female,SC,Muslim,Yes,No,No,73.86,Medium,Yes,1
Scholarship Scheme 2364,High School,All,SC,Muslim,Yes,Yes,No,77.13,Low,Yes,0
Scholarship Scheme 2365,High School,All,General,Christian,Yes,Yes,No,63.72,Medium,Yes,1
Scholarship Scheme 2366,Doctorate,All,General,Muslim,Yes,Yes,Yes,76.1,High,Yes,0
Scholarship Scheme 2367,Postgraduate,Female,SC,Christian,Yes,Yes,No,75.4,Low,Yes,1
Scholarship Scheme 2368,Undergraduate,Female,SC,Hindu,No,Yes,Yes,65.78,Low,Yes,0
Scholarship Scheme 2369,Undergraduate,Male,General,Hindu,Yes,Yes,Yes,91.43,Medium,Yes,1
Scholarship Scheme 2370,Postgraduate,All,ST,Muslim,No,Yes,No,77.23,Medium,Yes,0
Scholarship Scheme 2371,High School,Female,General,Muslim,Yes,No,No,66.58,High,Yes,1
Scholarship Scheme 2372,High School,All,SC,Sikh,Yes,Yes,No,97.27,High,Yes,1
Scholarship Scheme 2373,High School,Female,SC,Sikh,Yes,No,Yes,92.17,Medium,Yes,0
Scholarship Scheme 2374,High School,All,SC,Muslim,No,Yes,No,99.03,Low,Yes,1
Scholarship Scheme 2375,Postgraduate,Female,General,Muslim,No,Yes,Yes,84.54,High,Yes,0
Scholarship Scheme 2376,High School,Male,SC,Hindu,No,No,No,68.87,High,Yes,1
Scholarship Scheme 2377,Doctorate,Male,ST,Muslim,Yes,Yes,Yes,64.01,Low,Yes,1
Scholarship Scheme 2378,High School,All,OBC,Sikh,Yes,Yes,No,83.1,Medium,Yes,0
Scholarship Scheme 2379,Undergraduate,Female,ST,Hindu,Yes,Yes,No,98.94,High,Yes,0
Scholarship Scheme 2380,High School,Female,General,Christian,Yes,Yes,Yes,81.27,Low,Yes,0
Scholarship Scheme 2381,Postgraduate,All,SC,Sikh,Yes,Yes,Yes,93.99,High,Yes,1
Scholarship Scheme 2382,Undergraduate,Female,General,Sikh,Yes,Yes,No,66.42,Low,Yes,1
Scholarship Scheme 2383,Postgraduate,All,OBC,Hindu,No,Yes,Yes,70.31,High,Yes,1
Scholarship Scheme 2384,Postgraduate,Female,General,Christian,No,No,Yes,95.22,Medium,Yes,0
Scholarship Scheme 2385,Undergraduate,All,SC,Sikh,Yes,Yes,Yes,87.77,Low,Yes,1
Scholarship Scheme 2386,Postgraduate,Female,OBC,Muslim,No,No,Yes,98.97,High,Yes,1
Scholarship Scheme 2387,Postgraduate,All,OBC,Sikh,No,No,No,88.66,High,Yes,0
Scholarship Scheme 2388,High School,Female,SC,Hindu,No,No,Yes,72.38,Low,Yes,0
Scholarship Scheme 2389,Doctorate,Male,SC,Hindu,Yes,No,No,76.5,Low,Yes,0
Scholarship Scheme 2390,Postgraduate,Female,SC,Hindu,Yes,No,No,94.94,Medium,Yes,1
Scholarship Scheme 2391,Postgraduate,All,General,Sikh,Yes,No,No,77.53,Low,Yes,0
Scholarship Scheme 2392,Postgraduate,Male,ST,Christian,Yes,No,Yes,62.74,High,Yes,1
Scholarship Scheme 2393,High School,Female,General,Muslim,No,Yes,No,71.74,Medium,Yes,1
Scholarship Scheme 2394,Doctorate,Male,General,Hindu,Yes,Yes,No,75.76,Low,Yes,0
Scholarship Scheme 2395,Undergraduate,Female,ST,Christian,Yes,Yes,No,54.83,High,Yes,0
Scholarship Scheme 2396,High School,Male,SC,Muslim,Yes,No,No,87.11,Low,Yes,0
Scholarship Scheme 2397,High School,All,SC,Hindu,No,Yes,No,55.46,High,Yes,0
Scholarship Scheme 2398,Doctorate,Female,ST,Muslim,No,No,Yes,70.21,High,Yes,0
Scholarship Scheme 2399,Doctorate,Female,ST,Muslim,No,No,No,90.15,Medium,Yes,1
Scholarship Scheme 2400,High School,All,General,Christian,No,Yes,Yes,73.33,Medium,Yes,0
Scholarship Scheme 2401,Undergraduate,Male,OBC,Muslim,No,No,No,92.02,Low,Yes,1
Scholarship Scheme 2402,High School,All,ST,Hindu,Yes,No,No,67.06,Medium,Yes,0
Scholarship Scheme 2403,Doctorate,All,General,Christian,No,Yes,Yes,97.79,Low,Yes,0
Scholarship Scheme 2404,Undergraduate,Male,OBC,Sikh,No,No,Yes,60.45,Medium,Yes,1
Scholarship Scheme 2405,Doctorate,All,SC,Sikh,Yes,Yes,No,51.91,Medium,Yes,0
Scholarship Scheme 2406,Undergraduate,Female,SC,Christian,Yes,No,No,93.53,Low,Yes,0
Scholarship Scheme 2407,Postgraduate,Female,General,Sikh,Yes,No,No,87.53,Medium,Yes,1
Scholarship Scheme 2408,Doctorate,Female,General,Muslim,No,Yes,No,61.58,Medium,Yes,1
Scholarship Scheme 2409,Doctorate,All,ST,Hindu,Yes,Yes,No,99.14,Medium,Yes,0
Scholarship Scheme 2410,High School,Female,SC,Muslim,No,Yes,Yes,75.06,Medium,Yes,0
Scholarship Scheme 2411,Doctorate,Female,General,Christian,Yes,No,No,97.46,Low,Yes,1
Scholarship Scheme 2412,Doctorate,Female,SC,Hindu,No,No,No,75.2,High,Yes,0
Scholarship Scheme 2413,Postgraduate,Female,SC,Christian,No,Yes,Yes,73.55,Low,Yes,0
Scholarship Scheme 2414,Doctorate,Female,ST,Christian,No,Yes,Yes,72.41,Low,Yes,1
Scholarship Scheme 2415,Postgraduate,Female,OBC,Christian,No,Yes,No,66.71,Low,Yes,0
Scholarship Scheme 2416,Postgraduate,All,ST,Muslim,Yes,No,Yes,76.63,Medium,Yes,0
Scholarship Scheme 2417,Postgraduate,Female,General,Hindu,Yes,No,Yes,72.58,Medium,Yes,0
Scholarship Scheme 2418,Postgraduate,Female,ST,Hindu,No,Yes,Yes,51.83,High,Yes,1
Scholarship Scheme 2419,Undergraduate,Male,ST,Hindu,Yes,Yes,No,63.0,Medium,Yes,1
Scholarship Scheme 2420,High School,All,SC,Muslim,No,Yes,No,60.63,High,Yes,0
Scholarship Scheme 2421,Undergraduate,All,ST,Sikh,Yes,No,No,93.29,High,Yes,0
Scholarship Scheme 2422,Doctorate,All,General,Muslim,Yes,Yes,Yes,79.88,Medium,Yes,1
Scholarship Scheme 2423,Undergraduate,All,OBC,Muslim,No,Yes,No,88.11,High,Yes,0
Scholarship Scheme 2424,Undergraduate,Female,ST,Christian,No,Yes,No,97.75,Low,Yes,0
Scholarship Scheme 2425,Doctorate,Female,ST,Hindu,Yes,No,Yes,82.14,Low,Yes,0
Scholarship Scheme 2426,Doctorate,Male,OBC,Hindu,No,No,No,99.03,Low,Yes,0
Scholarship Scheme 2427,Doctorate,Male,General,Sikh,Yes,Yes,Yes,65.56,High,Yes,0
Scholarship Scheme 2428,Undergraduate,All,General,Sikh,Yes,No,Yes,59.29,High,Yes,0
Scholarship Scheme 2429,Undergraduate,Male,ST,Christian,Yes,Yes,Yes,70.13,Low,Yes,0
Scholarship Scheme 2430,Doctorate,Male,SC,Hindu,No,Yes,Yes,73.49,Medium,Yes,1
Scholarship Scheme 2431,High School,All,ST,Sikh,No,Yes,No,94.68,Low,Yes,0
Scholarship Scheme 2432,High School,All,OBC,Sikh,Yes,Yes,No,77.94,Medium,Yes,1
Scholarship Scheme 2433,Postgraduate,Male,OBC,Hindu,No,No,No,64.58,Medium,Yes,0
Scholarship Scheme 2434,Doctorate,Female,OBC,Muslim,No,Yes,Yes,87.06,High,Yes,0
Scholarship Scheme 2435,Postgraduate,Male,ST,Sikh,Yes,Yes,No,75.24,High,Yes,0
Scholarship Scheme 2436,High School,Male,ST,Hindu,No,No,No,58.09,Medium,Yes,0
Scholarship Scheme 2437,Postgraduate,Female,General,Sikh,No,Yes,Yes,78.78,Medium,Yes,1
Scholarship Scheme 2438,Doctorate,Female,SC,Christian,Yes,No,Yes,95.48,Medium,Yes,1
Scholarship Scheme 2439,Doctorate,All,ST,Sikh,No,Yes,No,92.05,High,Yes,0
Scholarship Scheme 2440,Doctorate,All,General,Hindu,Yes,Yes,Yes,79.28,Low,Yes,1
Scholarship Scheme 2441,Undergraduate,Male,ST,Sikh,No,Yes,No,68.82,Medium,Yes,0
Scholarship Scheme 2442,Postgraduate,Female,General,Christian,No,Yes,Yes,54.34,High,Yes,1
Scholarship Scheme 2443,High School,All,General,Christian,Yes,No,Yes,73.44,Low,Yes,1
Scholarship Scheme 2444,High School,Male,SC,Sikh,Yes,Yes,No,87.53,High,Yes,0
Scholarship Scheme 2445,High School,Female,ST,Sikh,No,No,Yes,67.98,Low,Yes,0
Scholarship Scheme 2446,Undergraduate,Male,General,Christian,Yes,No,Yes,61.75,High,Yes,1
Scholarship Scheme 2447,Undergraduate,All,OBC,Christian,Yes,No,Yes,96.48,Low,Yes,0
Scholarship Scheme 2448,Doctorate,All,OBC,Muslim,No,Yes,No,91.0,Medium,Yes,1
Scholarship Scheme 2449,High School,Female,OBC,Muslim,Yes,No,No,81.85,High,Yes,1
Scholarship Scheme 2450,Undergraduate,Male,SC,Christian,No,No,No,56.83,Low,Yes,1
Scholarship Scheme 2451,Doctorate,Female,General,Sikh,No,No,Yes,57.23,Low,Yes,0
Scholarship Scheme 2452,High School,All,SC,Hindu,Yes,Yes,Yes,55.15,Low,Yes,0
Scholarship Scheme 2453,Postgraduate,All,ST,Sikh,No,Yes,Yes,80.75,Medium,Yes,0
Scholarship Scheme 2454,Doctorate,Male,ST,Sikh,Yes,No,Yes,55.77,High,Yes,0
Scholarship Scheme 2455,Undergraduate,Male,General,Muslim,No,No,No,92.05,Low,Yes,0
Scholarship Scheme 2456,Undergraduate,Male,OBC,Muslim,Yes,Yes,No,99.55,Medium,Yes,1
Scholarship Scheme 2457,Doctorate,Female,General,Muslim,Yes,No,Yes,68.28,Medium,Yes,0
Scholarship Scheme 2458,Doctorate,Male,General,Christian,No,No,No,72.64,Medium,Yes,1
Scholarship Scheme 2459,Undergraduate,Male,General,Christian,Yes,No,No,85.51,Medium,Yes,1
Scholarship Scheme 2460,Postgraduate,All,SC,Sikh,Yes,Yes,No,96.76,Medium,Yes,1
Scholarship Scheme 2461,High School,All,ST,Sikh,Yes,No,Yes,94.62,Medium,Yes,0
Scholarship Scheme 2462,Postgraduate,Male,General,Hindu,No,No,No,52.87,Medium,Yes,0
Scholarship Scheme 2463,Doctorate,Male,General,Sikh,No,Yes,No,58.44,High,Yes,0
Scholarship Scheme 2464,Postgraduate,All,General,Sikh,Yes,No,No,87.65,High,Yes,1
Scholarship Scheme 2465,Undergraduate,Male,SC,Muslim,Yes,Yes,No,84.38,Medium,Yes,1
Scholarship Scheme 2466,Doctorate,Female,SC,Muslim,No,Yes,No,56.65,Low,Yes,0
Scholarship Scheme 2467,High School,Female,SC,Muslim,No,Yes,Yes,75.05,Low,Yes,0
Scholarship Scheme 2468,Undergraduate,Female,General,Muslim,No,No,No,88.96,Low,Yes,0
Scholarship Scheme 2469,Undergraduate,Male,OBC,Muslim,Yes,No,No,60.92,Medium,Yes,0
Scholarship Scheme 2470,High School,All,OBC,Hindu,No,No,Yes,93.48,Low,Yes,1
Scholarship Scheme 2471,High School,Male,OBC,Hindu,Yes,No,No,52.64,High,Yes,1
Scholarship Scheme 2472,Postgraduate,Male,ST,Hindu,No,No,Yes,89.03,High,Yes,1
Scholarship Scheme 2473,Doctorate,All,General,Muslim,Yes,No,Yes,80.73,High,Yes,1
Scholarship Scheme 2474,High School,All,OBC,Christian,No,No,Yes,65.73,High,Yes,0
Scholarship Scheme 2475,High School,All,OBC,Muslim,Yes,No,Yes,85.97,Medium,Yes,0
Scholarship Scheme 2476,Doctorate,Female,OBC,Muslim,No,Yes,No,89.04,High,Yes,1
Scholarship Scheme 2477,High School,Male,General,Hindu,No,No,No,96.6,Low,Yes,1
Scholarship Scheme 2478,High School,All,OBC,Muslim,Yes,No,Yes,68.35,Low,Yes,0
Scholarship Scheme 2479,Postgraduate,Male,OBC,Hindu,No,Yes,No,84.23,High,Yes,0
Scholarship Scheme 2480,Undergraduate,Female,General,Muslim,No,No,Yes,80.07,High,Yes,0
Scholarship Scheme 2481,Undergraduate,Female,ST,Sikh,No,Yes,No,76.21,High,Yes,1
Scholarship Scheme 2482,Undergraduate,All,SC,Christian,No,No,No,94.43,Low,Yes,0
Scholarship Scheme 2483,Undergraduate,All,OBC,Christian,Yes,No,Yes,50.16,Low,Yes,1
Scholarship Scheme 2484,High School,Male,SC,Hindu,Yes,Yes,No,64.08,High,Yes,0
Scholarship Scheme 2485,Doctorate,All,ST,Sikh,No,Yes,Yes,76.86,Low,Yes,1
Scholarship Scheme 2486,Doctorate,Male,ST,Christian,Yes,No,No,58.9,Low,Yes,0
Scholarship Scheme 2487,Postgraduate,All,OBC,Hindu,Yes,Yes,No,95.3,Medium,Yes,0
Scholarship Scheme 2488,Postgraduate,Male,General,Muslim,Yes,No,No,82.31,High,Yes,0
Scholarship Scheme 2489,High School,Male,ST,Muslim,Yes,No,Yes,73.85,High,Yes,0
Scholarship Scheme 2490,Doctorate,Male,SC,Sikh,Yes,No,Yes,90.65,Medium,Yes,1
Scholarship Scheme 2491,Doctorate,Male,SC,Christian,No,No,Yes,72.5,Medium,Yes,1
Scholarship Scheme 2492,Undergraduate,Female,SC,Muslim,Yes,No,No,77.88,Low,Yes,0
Scholarship Scheme 2493,High School,Male,SC,Hindu,No,No,Yes,50.14,Medium,Yes,0
Scholarship Scheme 2494,High School,All,ST,Muslim,Yes,Yes,Yes,68.25,High,Yes,0
Scholarship Scheme 2495,Undergraduate,Female,OBC,Muslim,No,Yes,Yes,56.93,High,Yes,1
Scholarship Scheme 2496,High School,Female,OBC,Christian,No,Yes,No,84.42,High,Yes,0
Scholarship Scheme 2497,High School,Male,SC,Christian,No,No,No,73.9,Low,Yes,1
Scholarship Scheme 2498,Postgraduate,Female,OBC,Hindu,Yes,Yes,No,65.06,Low,Yes,0
Scholarship Scheme 2499,Doctorate,Male,SC,Sikh,Yes,No,No,73.34,High,Yes,0
Scholarship Scheme 2500,High School,All,SC,Sikh,No,Yes,Yes,60.46,High,Yes,0
Scholarship Scheme 2501,Postgraduate,Male,General,Muslim,No,No,No,96.16,Low,Yes,0
Scholarship Scheme 2502,Doctorate,Female,ST,Hindu,Yes,No,Yes,52.69,Low,Yes,0
Scholarship Scheme 2503,Undergraduate,All,ST,Sikh,Yes,No,No,93.18,Medium,Yes,0
Scholarship Scheme 2504,Postgraduate,Male,SC,Sikh,No,No,Yes,75.52,Low,Yes,0
Scholarship Scheme 2505,Postgraduate,All,ST,Muslim,Yes,No,Yes,80.89,Low,Yes,1
Scholarship Scheme 2506,Doctorate,All,OBC,Hindu,Yes,Yes,No,65.1,High,Yes,0
Scholarship Scheme 2507,Undergraduate,Female,SC,Sikh,Yes,No,Yes,98.24,High,Yes,0
Scholarship Scheme 2508,Postgraduate,All,General,Christian,Yes,Yes,Yes,64.06,High,Yes,1
Scholarship Scheme 2509,High School,Female,OBC,Christian,Yes,No,Yes,79.39,Medium,Yes,1
Scholarship Scheme 2510,High School,All,General,Muslim,Yes,No,Yes,99.57,Low,Yes,0
Scholarship Scheme 2511,High School,Male,General,Muslim,No,No,No,93.97,Medium,Yes,1
Scholarship Scheme 2512,Undergraduate,All,ST,Muslim,No,Yes,No,76.76,Low,Yes,1
Scholarship Scheme 2513,Postgraduate,Male,ST,Muslim,No,No,Yes,99.42,Low,Yes,1
Scholarship Scheme 2514,High School,Male,SC,Sikh,No,Yes,No,85.0,High,Yes,0
Scholarship Scheme 2515,Undergraduate,All,ST,Hindu,No,No,Yes,60.41,Low,Yes,1
Scholarship Scheme 2516,High School,Male,General,Muslim,No,Yes,Yes,70.24,Medium,Yes,0
Scholarship Scheme 2517,Doctorate,All,General,Muslim,Yes,Yes,No,66.69,High,Yes,0
Scholarship Scheme 2518,Postgraduate,All,OBC,Sikh,Yes,Yes,Yes,67.17,Medium,Yes,0
Scholarship Scheme 2519,Postgraduate,Male,General,Muslim,No,No,No,87.95,Medium,Yes,0
Scholarship Scheme 2520,Undergraduate,Male,SC,Muslim,No,No,Yes,79.15,High,Yes,1
Scholarship Scheme 2521,Undergraduate,Female,SC,Hindu,No,Yes,No,51.9,Low,Yes,0
Scholarship Scheme 2522,Postgraduate,Male,ST,Christian,Yes,No,No,93.78,Medium,Yes,0
Scholarship Scheme 2523,High School,Female,ST,Muslim,Yes,No,Yes,64.81,Low,Yes,0
Scholarship Scheme 2524,High School,Male,ST,Sikh,Yes,No,No,99.75,High,Yes,0
Scholarship Scheme 2525,Doctorate,All,SC,Hindu,Yes,Yes,Yes,97.61,Low,Yes,0
Scholarship Scheme 2526,High School,Male,General,Sikh,No,Yes,No,96.93,Low,Yes,0
Scholarship Scheme 2527,Undergraduate,All,ST,Hindu,No,No,Yes,90.48,High,Yes,0
Scholarship Scheme 2528,Undergraduate,All,OBC,Hindu,No,Yes,No,61.01,Low,Yes,0
Scholarship Scheme 2529,High School,All,ST,Muslim,No,No,No,76.58,Medium,Yes,0
Scholarship Scheme 2530,Undergraduate,Female,SC,Muslim,Yes,No,No,61.19,Medium,Yes,1
Scholarship Scheme 2531,Postgraduate,Male,ST,Muslim,Yes,Yes,Yes,62.96,Medium,Yes,0
Scholarship Scheme 2532,Postgraduate,All,General,Christian,No,Yes,No,80.49,Low,Yes,0
Scholarship Scheme 2533,High School,All,ST,Christian,Yes,No,Yes,52.04,Medium,Yes,0
Scholarship Scheme 2534,Postgraduate,Female,SC,Sikh,Yes,No,No,98.38,Low,Yes,0
Scholarship Scheme 2535,Postgraduate,Male,SC,Muslim,Yes,No,No,95.84,Low,Yes,0
Scholarship Scheme 2536,Doctorate,Male,OBC,Christian,Yes,Yes,Yes,69.0,Low,Yes,1
Scholarship Scheme 2537,Doctorate,Female,SC,Muslim,No,Yes,No,75.72,Low,Yes,1
Scholarship Scheme 2538,Postgraduate,Female,OBC,Christian,Yes,No,Yes,73.26,High,Yes,1
Scholarship Scheme 2539,High School,Male,General,Christian,No,No,Yes,94.02,Medium,Yes,0
Scholarship Scheme 2540,Doctorate,Female,SC,Hindu,Yes,Yes,Yes,84.36,Medium,Yes,0
Scholarship Scheme 2541,Undergraduate,Male,ST,Muslim,Yes,No,Yes,63.88,Low,Yes,0
Scholarship Scheme 2542,Undergraduate,Male,General,Muslim,No,Yes,Yes,72.3,High,Yes,1
Scholarship Scheme 2543,Undergraduate,All,ST,Christian,No,Yes,No,71.41,Low,Yes,1
Scholarship Scheme 2544,High School,All,ST,Muslim,Yes,No,Yes,97.87,Medium,Yes,0
Scholarship Scheme 2545,Postgraduate,Male,ST,Christian,Yes,No,No,58.75,Medium,Yes,0
Scholarship Scheme 2546,Undergraduate,Male,General,Muslim,No,Yes,Yes,54.47,High,Yes,0
Scholarship Scheme 2547,High School,Male,General,Hindu,Yes,No,Yes,93.94,Low,Yes,0
Scholarship Scheme 2548,Doctorate,Male,SC,Muslim,Yes,Yes,No,94.74,High,Yes,1
Scholarship Scheme 2549,Postgraduate,Male,ST,Hindu,No,Yes,No,93.5,Low,Yes,0
Scholarship Scheme 2550,Doctorate,Male,OBC,Sikh,Yes,Yes,Yes,75.5,High,Yes,0
Scholarship Scheme 2551,High School,Female,SC,Muslim,Yes,No,Yes,82.92,Medium,Yes,1
Scholarship Scheme 2552,Undergraduate,Male,General,Muslim,Yes,No,No,78.11,High,Yes,0
Scholarship Scheme 2553,Undergraduate,Female,OBC,Muslim,Yes,No,No,53.47,Medium,Yes,0
Scholarship Scheme 2554,High School,Female,General,Hindu,Yes,Yes,Yes,79.73,Medium,Yes,0
Scholarship Scheme 2555,Undergraduate,Male,OBC,Muslim,No,Yes,Yes,50.68,Low,Yes,0
Scholarship Scheme 2556,Postgraduate,Male,SC,Muslim,Yes,Yes,Yes,66.22,High,Yes,0
Scholarship Scheme 2557,High School,Female,OBC,Christian,No,Yes,No,96.52,High,Yes,0
Scholarship Scheme 2558,Doctorate,Female,SC,Sikh,No,No,Yes,65.17,High,Yes,1
Scholarship Scheme 2559,High School,Male,General,Hindu,Yes,No,No,96.9,High,Yes,1
Scholarship Scheme 2560,Postgraduate,Male,OBC,Christian,No,No,No,62.48,Low,Yes,0
Scholarship Scheme 2561,Postgraduate,Female,ST,Hindu,Yes,Yes,Yes,65.7,Low,Yes,1
Scholarship Scheme 2562,High School,Female,ST,Christian,No,Yes,Yes,81.36,Low,Yes,0
Scholarship Scheme 2563,High School,Female,General,Sikh,No,No,No,88.01,Medium,Yes,1
Scholarship Scheme 2564,Undergraduate,All,OBC,Christian,No,Yes,Yes,75.02,Medium,Yes,0
Scholarship Scheme 2565,Postgraduate,Female,ST,Hindu,Yes,No,Yes,94.02,Medium,Yes,0
Scholarship Scheme 2566,High School,All,SC,Muslim,No,Yes,No,52.01,Low,Yes,0
Scholarship Scheme 2567,High School,Male,OBC,Muslim,No,Yes,Yes,96.02,Medium,Yes,0
Scholarship Scheme 2568,Postgraduate,Male,OBC,Sikh,No,Yes,No,59.8,High,Yes,1
Scholarship Scheme 2569,High School,Female,ST,Hindu,Yes,Yes,No,94.12,Medium,Yes,0
Scholarship Scheme 2570,Undergraduate,Male,SC,Hindu,Yes,Yes,Yes,70.0,Low,Yes,0
Scholarship Scheme 2571,Postgraduate,Male,SC,Hindu,No,No,No,91.55,Low,Yes,0
Scholarship Scheme 2572,Undergraduate,Male,SC,Sikh,No,No,No,83.52,Low,Yes,0
Scholarship Scheme 2573,Undergraduate,Male,OBC,Muslim,No,No,Yes,58.78,Low,Yes,1
Scholarship Scheme 2574,Undergraduate,All,General,Christian,No,Yes,No,95.81,High,Yes,1
Scholarship Scheme 2575,Undergraduate,All,OBC,Sikh,Yes,No,Yes,62.25,Medium,Yes,0
Scholarship Scheme 2576,Postgraduate,Female,OBC,Christian,Yes,No,No,62.18,Medium,Yes,0
Scholarship Scheme 2577,Undergraduate,Female,ST,Muslim,Yes,Yes,No,90.63,Low,Yes,0
Scholarship Scheme 2578,Undergraduate,Female,General,Sikh,No,Yes,No,55.28,Medium,Yes,0
Scholarship Scheme 2579,High School,Male,SC,Muslim,Yes,No,No,61.08,High,Yes,0
Scholarship Scheme 2580,Postgraduate,Male,ST,Christian,No,No,No,75.13,Low,Yes,0
Scholarship Scheme 2581,Postgraduate,All,OBC,Hindu,No,No,No,91.44,Medium,Yes,1
Scholarship Scheme 2582,Doctorate,All,General,Hindu,No,No,No,57.36,Medium,Yes,0
Scholarship Scheme 2583,Postgraduate,Female,SC,Christian,Yes,No,Yes,77.33,Medium,Yes,0
Scholarship Scheme 2584,Postgraduate,All,SC,Hindu,No,Yes,No,85.49,Medium,Yes,0
Scholarship Scheme 2585,Doctorate,All,OBC,Christian,Yes,No,Yes,92.94,Low,Yes,1
Scholarship Scheme 2586,Postgraduate,All,SC,Sikh,No,No,No,96.68,Low,Yes,0
Scholarship Scheme 2587,Postgraduate,All,SC,Sikh,Yes,No,No,89.15,High,Yes,0
Scholarship Scheme 2588,Postgraduate,All,General,Sikh,No,No,Yes,82.58,Low,Yes,0
Scholarship Scheme 2589,Postgraduate,Female,ST,Hindu,Yes,No,Yes,71.64,Medium,Yes,0
Scholarship Scheme 2590,Doctorate,Female,General,Muslim,No,No,Yes,55.59,Medium,Yes,0
Scholarship Scheme 2591,Postgraduate,All,ST,Hindu,Yes,Yes,No,85.42,Medium,Yes,1
Scholarship Scheme 2592,Postgraduate,Female,ST,Hindu,No,Yes,Yes,99.54,High,Yes,1
Scholarship Scheme 2593,Doctorate,Male,ST,Muslim,No,Yes,No,86.76,Low,Yes,1
Scholarship Scheme 2594,High School,All,SC,Muslim,No,No,No,50.83,Low,Yes,1
Scholarship Scheme 2595,Undergraduate,Male,General,Muslim,Yes,No,Yes,74.76,Low,Yes,1
Scholarship Scheme 2596,High School,Female,SC,Muslim,No,Yes,No,80.67,Medium,Yes,1
Scholarship Scheme 2597,Doctorate,Female,OBC,Hindu,No,No,Yes,84.41,Medium,Yes,0
Scholarship Scheme 2598,Undergraduate,Male,General,Christian,No,No,Yes,85.91,Medium,Yes,0
Scholarship Scheme 2599,Doctorate,Female,ST,Sikh,Yes,No,Yes,77.85,High,Yes,0
Scholarship Scheme 2600,Doctorate,All,SC,Christian,No,Yes,Yes,61.15,High,Yes,0
Scholarship Scheme 2601,Postgraduate,Male,SC,Hindu,No,Yes,No,97.02,Medium,Yes,0
Scholarship Scheme 2602,Undergraduate,All,General,Muslim,Yes,Yes,No,84.76,High,Yes,1
Scholarship Scheme 2603,Postgraduate,Male,General,Sikh,No,No,Yes,61.82,High,Yes,0
Scholarship Scheme 2604,Undergraduate,Female,ST,Sikh,Yes,Yes,Yes,66.08,High,Yes,1
Scholarship Scheme 2605,Doctorate,Male,ST,Christian,No,Yes,No,96.0,Low,Yes,1
Scholarship Scheme 2606,Doctorate,Male,OBC,Hindu,Yes,Yes,No,94.29,High,Yes,0
Scholarship Scheme 2607,High School,All,ST,Hindu,Yes,No,Yes,70.22,Medium,Yes,0
Scholarship Scheme 2608,Undergraduate,Female,SC,Hindu,Yes,Yes,No,51.91,Low,Yes,0
Scholarship Scheme 2609,Postgraduate,All,OBC,Sikh,No,Yes,No,52.42,High,Yes,0
Scholarship Scheme 2610,High School,Female,OBC,Christian,No,No,No,64.17,Medium,Yes,0
Scholarship Scheme 2611,High School,All,OBC,Sikh,Yes,Yes,No,81.39,High,Yes,1
Scholarship Scheme 2612,High School,Male,General,Sikh,No,No,Yes,79.15,Medium,Yes,0
Scholarship Scheme 2613,Postgraduate,All,ST,Muslim,No,No,No,81.63,Medium,Yes,1
Scholarship Scheme 2614,High School,Female,OBC,Christian,Yes,Yes,Yes,85.79,High,Yes,1
Scholarship Scheme 2615,Postgraduate,Female,General,Muslim,Yes,Yes,Yes,50.95,High,Yes,0
Scholarship Scheme 2616,High School,Male,General,Hindu,Yes,Yes,Yes,55.24,Low,Yes,1
Scholarship Scheme 2617,Postgraduate,Female,OBC,Sikh,Yes,No,No,67.94,High,Yes,0
Scholarship Scheme 2618,Doctorate,All,OBC,Christian,No,Yes,No,57.73,Medium,Yes,1
Scholarship Scheme 2619,Doctorate,Male,SC,Hindu,No,Yes,Yes,53.76,Low,Yes,0
Scholarship Scheme 2620,Doctorate,Female,OBC,Christian,No,Yes,No,81.98,Medium,Yes,1
Scholarship Scheme 2621,Doctorate,Female,SC,Sikh,No,No,Yes,90.69,Medium,Yes,0
Scholarship Scheme 2622,Doctorate,All,OBC,Christian,No,No,Yes,87.56,High,Yes,1
Scholarship Scheme 2623,High School,All,OBC,Hindu,No,No,No,90.77,Medium,Yes,0
Scholarship Scheme 2624,High School,Male,ST,Muslim,Yes,Yes,No,83.23,High,Yes,0
Scholarship Scheme 2625,High School,Female,OBC,Sikh,No,Yes,No,86.69,Medium,Yes,0
Scholarship Scheme 2626,Postgraduate,All,OBC,Muslim,No,No,Yes,63.56,Low,Yes,1
Scholarship Scheme 2627,Postgraduate,Male,SC,Sikh,No,Yes,Yes,99.55,High,Yes,1
Scholarship Scheme 2628,Postgraduate,Female,SC,Hindu,Yes,Yes,No,59.14,Low,Yes,1
Scholarship Scheme 2629,Postgraduate,Female,ST,Sikh,Yes,No,Yes,60.7,High,Yes,1
Scholarship Scheme 2630,Doctorate,Male,OBC,Muslim,No,No,Yes,64.42,Low,Yes,0
Scholarship Scheme 2631,Doctorate,Male,OBC,Sikh,Yes,No,Yes,98.67,High,Yes,0
Scholarship Scheme 2632,Doctorate,All,SC,Hindu,Yes,Yes,No,99.32,Low,Yes,0
Scholarship Scheme 2633,Undergraduate,Female,General,Sikh,No,Yes,No,89.67,Low,Yes,1
Scholarship Scheme 2634,High School,Female,General,Muslim,No,Yes,No,81.39,High,Yes,1
Scholarship Scheme 2635,Postgraduate,Female,General,Hindu,No,No,Yes,75.95,High,Yes,0
Scholarship Scheme 2636,Postgraduate,Male,SC,Muslim,Yes,No,No,98.43,Medium,Yes,1
Scholarship Scheme 2637,Doctorate,All,SC,Sikh,Yes,Yes,Yes,84.71,Medium,Yes,1
Scholarship Scheme 2638,Postgraduate,Female,General,Christian,No,No,Yes,97.14,High,Yes,0
Scholarship Scheme 2639,Postgraduate,Male,General,Muslim,Yes,No,Yes,65.8,High,Yes,1
Scholarship Scheme 2640,High School,Female,OBC,Sikh,Yes,Yes,No,66.66,Low,Yes,0
Scholarship Scheme 2641,Doctorate,All,SC,Christian,Yes,No,Yes,92.65,Low,Yes,1
Scholarship Scheme 2642,High School,Female,SC,Christian,No,Yes,No,57.48,Medium,Yes,0
Scholarship Scheme 2643,Undergraduate,All,General,Hindu,No,No,Yes,97.2,Medium,Yes,0
Scholarship Scheme 2644,Undergraduate,All,General,Christian,No,Yes,No,75.32,Medium,Yes,0
Scholarship Scheme 2645,Undergraduate,Female,ST,Muslim,No,No,No,96.23,Low,Yes,0
Scholarship Scheme 2646,Doctorate,Female,SC,Muslim,No,Yes,No,66.81,Low,Yes,0
Scholarship Scheme 2647,Postgraduate,All,ST,Christian,Yes,No,No,85.73,Low,Yes,1
Scholarship Scheme 2648,Doctorate,Male,OBC,Sikh,Yes,No,No,74.1,Medium,Yes,0
Scholarship Scheme 2649,Doctorate,All,ST,Muslim,Yes,No,No,81.28,High,Yes,1
Scholarship Scheme 2650,Postgraduate,Female,General,Muslim,Yes,No,No,75.17,Medium,Yes,0
Scholarship Scheme 2651,High School,Female,SC,Hindu,Yes,No,No,98.26,Low,Yes,1
Scholarship Scheme 2652,Undergraduate,Male,SC,Sikh,Yes,Yes,Yes,84.54,Medium,Yes,0
Scholarship Scheme 2653,High School,All,ST,Christian,No,Yes,Yes,62.54,Medium,Yes,0
Scholarship Scheme 2654,Undergraduate,All,ST,Sikh,No,Yes,Yes,95.39,Medium,Yes,0
Scholarship Scheme 2655,Doctorate,All,OBC,Hindu,Yes,No,Yes,64.67,Medium,Yes,0
Scholarship Scheme 2656,Undergraduate,Female,OBC,Hindu,No,Yes,Yes,68.54,Low,Yes,0
Scholarship Scheme 2657,Doctorate,All,General,Sikh,Yes,No,No,55.1,Medium,Yes,1
Scholarship Scheme 2658,High School,Male,General,Hindu,Yes,No,No,94.91,Low,Yes,0
Scholarship Scheme 2659,Doctorate,Female,General,Hindu,No,Yes,No,64.28,Medium,Yes,0
Scholarship Scheme 2660,High School,Female,ST,Hindu,No,Yes,No,62.92,Low,Yes,1
Scholarship Scheme 2661,Postgraduate,All,ST,Sikh,Yes,No,No,95.92,High,Yes,0
Scholarship Scheme 2662,Postgraduate,Male,SC,Hindu,No,No,Yes,90.2,Low,Yes,1
Scholarship Scheme 2663,Postgraduate,Female,General,Christian,Yes,Yes,Yes,57.04,Low,Yes,1
Scholarship Scheme 2664,Doctorate,Female,ST,Christian,Yes,Yes,No,88.39,High,Yes,1
Scholarship Scheme 2665,Postgraduate,All,SC,Muslim,Yes,No,Yes,95.56,High,Yes,0
Scholarship Scheme 2666,Undergraduate,All,General,Christian,Yes,No,Yes,53.92,High,Yes,0
Scholarship Scheme 2667,High School,Male,OBC,Muslim,Yes,Yes,No,91.18,High,Yes,0
Scholarship Scheme 2668,High School,All,OBC,Sikh,No,No,No,77.32,High,Yes,0
Scholarship Scheme 2669,Undergraduate,Male,ST,Hindu,Yes,No,Yes,83.39,High,Yes,0
Scholarship Scheme 2670,Doctorate,Female,SC,Christian,No,Yes,Yes,74.59,Medium,Yes,1
Scholarship Scheme 2671,Doctorate,Male,OBC,Muslim,Yes,Yes,No,84.82,Medium,Yes,0
Scholarship Scheme 2672,High School,Male,SC,Sikh,No,No,Yes,51.7,High,Yes,0
Scholarship Scheme 2673,Postgraduate,Male,SC,Muslim,Yes,No,No,88.06,Low,Yes,0
Scholarship Scheme 2674,Doctorate,Female,OBC,Hindu,No,Yes,Yes,51.66,Low,Yes,0
Scholarship Scheme 2675,Doctorate,All,SC,Christian,Yes,No,Yes,72.72,High,Yes,0
Scholarship Scheme 2676,Undergraduate,Female,OBC,Sikh,Yes,Yes,No,57.53,Medium,Yes,1
Scholarship Scheme 2677,Undergraduate,All,ST,Muslim,No,No,Yes,91.1,Medium,Yes,0
Scholarship Scheme 2678,Postgraduate,Male,General,Sikh,No,Yes,No,65.65,Low,Yes,1
Scholarship Scheme 2679,Doctorate,Male,General,Muslim,No,No,Yes,72.66,High,Yes,1
Scholarship Scheme 2680,Doctorate,Male,ST,Muslim,No,No,Yes,71.39,Medium,Yes,1
Scholarship Scheme 2681,Undergraduate,Male,OBC,Hindu,No,No,No,88.55,High,Yes,0
Scholarship Scheme 2682,Doctorate,Male,OBC,Hindu,No,Yes,Yes,74.01,High,Yes,0
Scholarship Scheme 2683,High School,All,OBC,Muslim,Yes,Yes,No,89.37,Low,Yes,0
Scholarship Scheme 2684,Undergraduate,All,OBC,Christian,Yes,Yes,No,53.67,High,Yes,1
Scholarship Scheme 2685,Postgraduate,Male,ST,Sikh,Yes,No,Yes,59.56,High,Yes,1
Scholarship Scheme 2686,Undergraduate,Female,General,Sikh,No,No,No,77.52,Low,Yes,1
Scholarship Scheme 2687,Doctorate,Female,SC,Hindu,No,Yes,No,97.26,Medium,Yes,0
Scholarship Scheme 2688,Postgraduate,Male,SC,Christian,No,Yes,No,53.73,High,Yes,0
Scholarship Scheme 2689,Undergraduate,All,General,Muslim,Yes,No,Yes,52.15,Low,Yes,0
Scholarship Scheme 2690,High School,Female,ST,Hindu,No,No,No,57.81,Medium,Yes,0
Scholarship Scheme 2691,High School,Female,SC,Muslim,Yes,No,No,81.99,High,Yes,0
Scholarship Scheme 2692,Undergraduate,Female,General,Muslim,No,No,Yes,69.91,Medium,Yes,0
Scholarship Scheme 2693,High School,Male,ST,Hindu,No,Yes,No,91.2,Low,Yes,1
Scholarship Scheme 2694,High School,Female,SC,Christian,No,Yes,No,53.59,High,Yes,1
Scholarship Scheme 2695,High School,Female,OBC,Sikh,Yes,No,No,59.8,Low,Yes,1
Scholarship Scheme 2696,Postgraduate,Female,OBC,Hindu,No,No,Yes,64.97,Low,Yes,1
Scholarship Scheme 2697,High School,Female,ST,Christian,Yes,No,Yes,81.27,High,Yes,1
Scholarship Scheme 2698,High School,All,OBC,Muslim,No,Yes,Yes,84.19,Low,Yes,0
Scholarship Scheme 2699,High School,Male,ST,Hindu,No,Yes,Yes,56.2,Medium,Yes,0
Scholarship Scheme 2700,Postgraduate,Male,General,Sikh,No,No,Yes,97.1,Low,Yes,1
Scholarship Scheme 2701,Undergraduate,All,General,Sikh,No,No,Yes,67.02,High,Yes,0
Scholarship Scheme 2702,Doctorate,All,SC,Muslim,Yes,No,No,85.59,High,Yes,0
Scholarship Scheme 2703,High School,Male,ST,Hindu,No,No,Yes,76.16,Medium,Yes,0
Scholarship Scheme 2704,Undergraduate,Female,SC,Sikh,Yes,No,Yes,61.12,High,Yes,0
Scholarship Scheme 2705,High School,Female,SC,Hindu,No,No,Yes,92.23,Low,Yes,0
Scholarship Scheme 2706,Postgraduate,Male,General,Sikh,No,Yes,Yes,90.83,Low,Yes,0
Scholarship Scheme 2707,Undergraduate,Female,SC,Muslim,No,Yes,No,69.76,High,Yes,0
Scholarship Scheme 2708,Postgraduate,All,OBC,Muslim,Yes,Yes,No,79.37,Medium,Yes,0
Scholarship Scheme 2709,High School,Female,SC,Hindu,No,No,Yes,62.87,Medium,Yes,1
Scholarship Scheme 2710,High School,Female,ST,Christian,Yes,No,No,84.42,High,Yes,1
Scholarship Scheme 2711,Postgraduate,Female,OBC,Christian,Yes,No,Yes,65.42,Low,Yes,1
Scholarship Scheme 2712,Doctorate,Male,General,Muslim,No,Yes,No,92.12,High,Yes,1
Scholarship Scheme 2713,Postgraduate,All,ST,Sikh,Yes,No,Yes,60.85,High,Yes,0
Scholarship Scheme 2714,High School,Female,OBC,Christian,No,Yes,Yes,50.74,Medium,Yes,1
Scholarship Scheme 2715,Postgraduate,Male,ST,Muslim,Yes,No,Yes,63.4,Low,Yes,0
Scholarship Scheme 2716,Doctorate,Female,OBC,Sikh,Yes,No,Yes,59.53,Medium,Yes,1
Scholarship Scheme 2717,Postgraduate,All,ST,Sikh,Yes,No,No,75.36,Medium,Yes,0
Scholarship Scheme 2718,Doctorate,Female,ST,Christian,Yes,Yes,Yes,60.16,Low,Yes,1
Scholarship Scheme 2719,Doctorate,All,OBC,Muslim,No,Yes,No,88.08,Low,Yes,0
Scholarship Scheme 2720,Postgraduate,Female,General,Sikh,Yes,Yes,No,62.04,Low,Yes,0
Scholarship Scheme 2721,Postgraduate,All,General,Sikh,No,No,No,85.28,High,Yes,1
Scholarship Scheme 2722,Undergraduate,Female,ST,Hindu,Yes,Yes,Yes,78.87,Low,Yes,1
Scholarship Scheme 2723,High School,All,ST,Hindu,No,No,No,99.21,High,Yes,0
Scholarship Scheme 2724,Doctorate,Female,General,Christian,No,No,No,99.9,Medium,Yes,1
Scholarship Scheme 2725,Undergraduate,Female,General,Hindu,Yes,Yes,No,93.39,Low,Yes,0
Scholarship Scheme 2726,Postgraduate,Male,SC,Muslim,Yes,Yes,Yes,87.92,High,Yes,1
Scholarship Scheme 2727,High School,Male,General,Christian,No,No,No,69.28,High,Yes,0
Scholarship Scheme 2728,Undergraduate,All,ST,Christian,Yes,No,Yes,87.59,High,Yes,1
Scholarship Scheme 2729,Doctorate,Female,OBC,Hindu,Yes,No,No,97.74,High,Yes,0
Scholarship Scheme 2730,Undergraduate,All,General,Sikh,Yes,No,No,51.17,Medium,Yes,1
Scholarship Scheme 2731,Doctorate,Male,SC,Muslim,Yes,Yes,Yes,76.84,Low,Yes,0
Scholarship Scheme 2732,Postgraduate,All,SC,Muslim,Yes,Yes,Yes,60.88,Low,Yes,0
Scholarship Scheme 2733,High School,All,SC,Muslim,Yes,Yes,No,77.84,Low,Yes,0
Scholarship Scheme 2734,High School,Male,OBC,Christian,Yes,No,Yes,73.28,Low,Yes,0
Scholarship Scheme 2735,High School,Female,General,Muslim,Yes,No,No,78.73,Low,Yes,0
Scholarship Scheme 2736,Postgraduate,All,General,Sikh,Yes,No,No,77.49,Low,Yes,1
Scholarship Scheme 2737,Doctorate,Male,General,Sikh,No,Yes,Yes,97.91,High,Yes,0
Scholarship Scheme 2738,Postgraduate,Female,OBC,Hindu,Yes,No,Yes,77.55,Low,Yes,0
Scholarship Scheme 2739,High School,Male,OBC,Muslim,Yes,No,Yes,92.23,High,Yes,0
Scholarship Scheme 2740,Postgraduate,All,ST,Christian,Yes,Yes,No,65.96,Medium,Yes,0
Scholarship Scheme 2741,Postgraduate,Female,SC,Hindu,Yes,Yes,No,71.86,High,Yes,0
Scholarship Scheme 2742,Postgraduate,Female,SC,Sikh,Yes,No,No,73.47,Medium,Yes,1
Scholarship Scheme 2743,Doctorate,Male,General,Muslim,No,Yes,Yes,63.91,Low,Yes,0
Scholarship Scheme 2744,Undergraduate,Male,OBC,Sikh,No,No,Yes,68.95,Medium,Yes,0
Scholarship Scheme 2745,Undergraduate,Male,OBC,Hindu,Yes,Yes,Yes,79.87,Medium,Yes,0
Scholarship Scheme 2746,Postgraduate,Female,General,Sikh,No,No,No,78.95,High,Yes,1
Scholarship Scheme 2747,Undergraduate,Female,General,Muslim,Yes,Yes,Yes,81.76,High,Yes,1
Scholarship Scheme 2748,Undergraduate,All,ST,Muslim,Yes,Yes,Yes,67.56,Medium,Yes,1
Scholarship Scheme 2749,Postgraduate,Female,SC,Hindu,No,Yes,No,65.76,Medium,Yes,0
Scholarship Scheme 2750,Postgraduate,All,SC,Muslim,No,Yes,Yes,80.52,Low,Yes,1
Scholarship Scheme 2751,High School,Male,SC,Sikh,No,No,Yes,56.63,High,Yes,1
Scholarship Scheme 2752,Undergraduate,Male,ST,Sikh,No,No,No,62.63,Medium,Yes,1
Scholarship Scheme 2753,Doctorate,Female,General,Christian,No,Yes,No,52.1,High,Yes,0
Scholarship Scheme 2754,Postgraduate,Male,General,Christian,Yes,No,No,53.62,Low,Yes,1
Scholarship Scheme 2755,High School,Male,SC,Christian,Yes,Yes,No,62.14,Low,Yes,0
Scholarship Scheme 2756,Doctorate,Female,SC,Sikh,Yes,Yes,No,50.97,Medium,Yes,0
Scholarship Scheme 2757,Undergraduate,All,ST,Sikh,No,No,No,62.25,Low,Yes,0
Scholarship Scheme 2758,High School,Female,OBC,Hindu,Yes,No,Yes,82.68,Medium,Yes,1
Scholarship Scheme 2759,Postgraduate,All,OBC,Christian,No,No,Yes,53.05,High,Yes,1
Scholarship Scheme 2760,Doctorate,Female,SC,Sikh,Yes,No,No,71.79,High,Yes,1
Scholarship Scheme 2761,Postgraduate,Female,ST,Hindu,No,No,No,95.56,Medium,Yes,1
Scholarship Scheme 2762,Undergraduate,Male,SC,Sikh,No,No,Yes,89.49,Medium,Yes,1
Scholarship Scheme 2763,Doctorate,Female,OBC,Hindu,Yes,No,No,65.24,Medium,Yes,1
Scholarship Scheme 2764,Undergraduate,Female,SC,Christian,Yes,Yes,No,96.15,High,Yes,0
Scholarship Scheme 2765,Undergraduate,All,OBC,Christian,Yes,No,Yes,66.45,High,Yes,0
Scholarship Scheme 2766,High School,Male,OBC,Christian,Yes,Yes,Yes,53.62,Low,Yes,1
Scholarship Scheme 2767,Postgraduate,All,OBC,Sikh,No,No,No,99.6,Low,Yes,0
Scholarship Scheme 2768,Doctorate,All,General,Sikh,Yes,No,No,93.41,High,Yes,1
Scholarship Scheme 2769,Undergraduate,Male,General,Hindu,No,Yes,Yes,73.25,High,Yes,1
Scholarship Scheme 2770,Undergraduate,Male,SC,Muslim,Yes,Yes,No,83.25,Medium,Yes,0
Scholarship Scheme 2771,Doctorate,Male,OBC,Muslim,Yes,Yes,Yes,83.49,High,Yes,1
Scholarship Scheme 2772,Undergraduate,Female,General,Christian,Yes,Yes,Yes,59.7,High,Yes,0
Scholarship Scheme 2773,High School,Male,SC,Muslim,Yes,No,No,59.98,Low,Yes,0
Scholarship Scheme 2774,High School,Male,SC,Christian,Yes,No,Yes,73.43,Low,Yes,0
Scholarship Scheme 2775,High School,Male,SC,Hindu,No,Yes,Yes,95.49,Medium,Yes,1
Scholarship Scheme 2776,High School,All,SC,Muslim,Yes,Yes,Yes,50.5,Low,Yes,1
Scholarship Scheme 2777,Undergraduate,All,SC,Muslim,No,No,No,89.05,Medium,Yes,0
Scholarship Scheme 2778,Doctorate,Female,ST,Christian,Yes,No,No,52.87,High,Yes,0
Scholarship Scheme 2779,Doctorate,All,OBC,Hindu,No,Yes,No,73.86,High,Yes,0
Scholarship Scheme 2780,Doctorate,Female,SC,Muslim,Yes,No,Yes,81.83,Medium,Yes,0
Scholarship Scheme 2781,Doctorate,All,ST,Muslim,Yes,No,Yes,84.27,Low,Yes,0
Scholarship Scheme 2782,Postgraduate,Male,OBC,Muslim,Yes,Yes,No,52.92,Low,Yes,1
Scholarship Scheme 2783,Doctorate,All,General,Hindu,No,Yes,Yes,70.89,High,Yes,1
Scholarship Scheme 2784,Postgraduate,Female,SC,Hindu,No,Yes,Yes,79.13,Low,Yes,1
Scholarship Scheme 2785,Postgraduate,All,ST,Muslim,Yes,Yes,No,53.3,Medium,Yes,0
Scholarship Scheme 2786,High School,Male,General,Christian,Yes,No,Yes,56.74,High,Yes,0
Scholarship Scheme 2787,Postgraduate,Female,ST,Christian,Yes,Yes,Yes,83.12,Low,Yes,1
Scholarship Scheme 2788,Undergraduate,Male,OBC,Muslim,No,No,Yes,76.03,High,Yes,1
Scholarship Scheme 2789,Postgraduate,Male,OBC,Hindu,Yes,No,Yes,58.08,High,Yes,0
Scholarship Scheme 2790,High School,Female,General,Muslim,No,No,Yes,76.71,Low,Yes,0
Scholarship Scheme 2791,Postgraduate,Male,ST,Hindu,Yes,No,Yes,95.54,Medium,Yes,1
Scholarship Scheme 2792,Undergraduate,Male,SC,Muslim,No,Yes,No,50.78,Low,Yes,0
Scholarship Scheme 2793,Undergraduate,All,SC,Hindu,No,No,No,82.07,Low,Yes,1
Scholarship Scheme 2794,Undergraduate,Male,General,Sikh,No,Yes,Yes,53.68,Low,Yes,0
Scholarship Scheme 2795,High School,Male,General,Christian,Yes,No,No,50.32,Low,Yes,0
Scholarship Scheme 2796,High School,Male,General,Sikh,No,Yes,No,57.52,Low,Yes,1
Scholarship Scheme 2797,Doctorate,Male,ST,Christian,Yes,No,No,71.1,Low,Yes,0
Scholarship Scheme 2798,High School,Female,SC,Hindu,No,No,Yes,90.04,Medium,Yes,0
Scholarship Scheme 2799,Undergraduate,All,SC,Sikh,Yes,Yes,No,64.06,High,Yes,0
Scholarship Scheme 2800,Undergraduate,Male,SC,Christian,No,Yes,Yes,81.22,Medium,Yes,1
Scholarship Scheme 2801,High School,Male,General,Muslim,No,Yes,No,70.52,Low,Yes,1
Scholarship Scheme 2802,Postgraduate,Female,SC,Hindu,Yes,Yes,No,61.69,Medium,Yes,0
Scholarship Scheme 2803,High School,Male,OBC,Hindu,Yes,No,Yes,75.66,High,Yes,1
Scholarship Scheme 2804,High School,Female,General,Muslim,No,No,No,89.79,Medium,Yes,0
Scholarship Scheme 2805,Undergraduate,All,SC,Muslim,No,No,Yes,91.54,Low,Yes,0
Scholarship Scheme 2806,Doctorate,All,ST,Christian,Yes,No,No,92.24,High,Yes,0
Scholarship Scheme 2807,Undergraduate,Male,General,Hindu,No,No,No,66.89,Low,Yes,1
Scholarship Scheme 2808,Doctorate,Male,OBC,Christian,No,Yes,No,89.59,Low,Yes,0
Scholarship Scheme 2809,Undergraduate,Male,OBC,Muslim,Yes,Yes,No,60.59,High,Yes,0
Scholarship Scheme 2810,High School,Female,ST,Hindu,Yes,No,Yes,86.85,High,Yes,0
Scholarship Scheme 2811,Undergraduate,Male,ST,Muslim,Yes,Yes,Yes,97.32,Low,Yes,0
Scholarship Scheme 2812,Undergraduate,Male,General,Christian,No,No,No,50.69,Medium,Yes,1
Scholarship Scheme 2813,Undergraduate,All,General,Christian,No,No,Yes,71.97,High,Yes,0
Scholarship Scheme 2814,High School,Male,OBC,Christian,No,Yes,No,82.32,Medium,Yes,0
Scholarship Scheme 2815,High School,All,ST,Hindu,Yes,No,Yes,85.02,Medium,Yes,0
Scholarship Scheme 2816,High School,Male,General,Muslim,No,Yes,Yes,58.79,High,Yes,0
Scholarship Scheme 2817,High School,All,OBC,Muslim,Yes,No,Yes,98.51,Medium,Yes,1
Scholarship Scheme 2818,Doctorate,Male,ST,Christian,Yes,Yes,No,80.7,High,Yes,0
Scholarship Scheme 2819,Doctorate,All,OBC,Christian,No,No,Yes,58.2,High,Yes,0
Scholarship Scheme 2820,Postgraduate,Female,SC,Christian,Yes,No,Yes,51.02,High,Yes,1
Scholarship Scheme 2821,High School,All,ST,Christian,No,Yes,No,89.08,High,Yes,0
Scholarship Scheme 2822,Doctorate,All,General,Sikh,Yes,No,No,53.98,Medium,Yes,1
Scholarship Scheme 2823,Undergraduate,All,General,Sikh,Yes,No,No,57.04,Medium,Yes,1
Scholarship Scheme 2824,High School,Male,SC,Sikh,Yes,Yes,Yes,78.68,High,Yes,0
Scholarship Scheme 2825,Postgraduate,Male,ST,Christian,No,Yes,Yes,80.11,High,Yes,0
Scholarship Scheme 2826,Postgraduate,Male,OBC,Christian,Yes,Yes,Yes,84.28,High,Yes,0
Scholarship Scheme 2827,Postgraduate,Female,General,Muslim,No,No,Yes,69.64,High,Yes,1
Scholarship Scheme 2828,Undergraduate,Female,SC,Hindu,Yes,Yes,Yes,88.62,Low,Yes,1
Scholarship Scheme 2829,Doctorate,All,SC,Muslim,Yes,Yes,Yes,98.62,Medium,Yes,0
Scholarship Scheme 2830,Undergraduate,Female,ST,Sikh,Yes,Yes,No,63.53,Medium,Yes,0
Scholarship Scheme 2831,High School,All,ST,Muslim,No,No,Yes,85.08,High,Yes,1
Scholarship Scheme 2832,Postgraduate,All,General,Christian,No,Yes,Yes,96.33,Low,Yes,0
Scholarship Scheme 2833,Undergraduate,All,SC,Sikh,No,No,Yes,84.25,Low,Yes,0
Scholarship Scheme 2834,Undergraduate,Female,OBC,Sikh,No,No,No,83.99,Low,Yes,0
Scholarship Scheme 2835,Doctorate,Male,SC,Hindu,No,Yes,Yes,61.17,High,Yes,1
Scholarship Scheme 2836,Doctorate,Female,OBC,Hindu,Yes,No,No,76.7,Low,Yes,0
Scholarship Scheme 2837,Postgraduate,All,OBC,Sikh,Yes,No,Yes,78.07,High,Yes,0
Scholarship Scheme 2838,Undergraduate,All,General,Sikh,No,No,No,84.94,Low,Yes,1
Scholarship Scheme 2839,Undergraduate,Female,SC,Muslim,No,No,No,99.74,High,Yes,0
Scholarship Scheme 2840,Doctorate,All,OBC,Sikh,No,No,No,51.68,High,Yes,0
Scholarship Scheme 2841,Undergraduate,All,ST,Christian,No,Yes,Yes,53.26,Medium,Yes,1
Scholarship Scheme 2842,Undergraduate,Female,OBC,Muslim,Yes,Yes,No,53.89,High,Yes,0
Scholarship Scheme 2843,Undergraduate,Female,ST,Christian,No,Yes,Yes,87.07,Low,Yes,1
Scholarship Scheme 2844,Doctorate,Female,ST,Christian,No,No,No,56.8,Medium,Yes,0
Scholarship Scheme 2845,Postgraduate,All,SC,Christian,No,Yes,Yes,81.06,Low,Yes,0
Scholarship Scheme 2846,High School,All,ST,Sikh,No,No,No,66.2,High,Yes,0
Scholarship Scheme 2847,Postgraduate,Male,OBC,Hindu,Yes,No,No,72.82,Medium,Yes,1
Scholarship Scheme 2848,High School,Male,ST,Hindu,Yes,No,Yes,60.76,High,Yes,1
Scholarship Scheme 2849,Undergraduate,Female,SC,Christian,No,No,No,93.22,High,Yes,0
Scholarship Scheme 2850,Postgraduate,Male,General,Sikh,Yes,Yes,Yes,79.25,Low,Yes,0
Scholarship Scheme 2851,High School,All,OBC,Muslim,Yes,No,No,97.13,Low,Yes,0
Scholarship Scheme 2852,Doctorate,Male,OBC,Christian,No,Yes,No,78.67,Low,Yes,1
Scholarship Scheme 2853,Doctorate,All,SC,Muslim,No,Yes,Yes,56.18,Medium,Yes,1
Scholarship Scheme 2854,Postgraduate,Female,SC,Muslim,Yes,No,Yes,58.53,Low,Yes,0
Scholarship Scheme 2855,Postgraduate,Female,SC,Sikh,Yes,Yes,Yes,99.35,High,Yes,0
Scholarship Scheme 2856,Undergraduate,All,SC,Sikh,Yes,Yes,No,86.21,Medium,Yes,0
Scholarship Scheme 2857,Postgraduate,Male,OBC,Hindu,Yes,Yes,Yes,52.46,Low,Yes,1
Scholarship Scheme 2858,Undergraduate,Female,General,Hindu,Yes,No,Yes,85.12,Low,Yes,0
Scholarship Scheme 2859,Undergraduate,Female,ST,Sikh,No,No,No,70.57,Low,Yes,0
Scholarship Scheme 2860,Doctorate,Male,ST,Christian,Yes,No,Yes,65.33,High,Yes,0
Scholarship Scheme 2861,Doctorate,Male,General,Hindu,Yes,Yes,Yes,57.69,Low,Yes,0
Scholarship Scheme 2862,High School,All,General,Muslim,Yes,Yes,No,91.91,High,Yes,0
Scholarship Scheme 2863,Doctorate,Male,General,Christian,Yes,No,No,53.19,Medium,Yes,0
Scholarship Scheme 2864,Doctorate,Male,SC,Muslim,Yes,No,No,64.46,Low,Yes,0
Scholarship Scheme 2865,Postgraduate,Male,OBC,Sikh,Yes,Yes,No,65.29,High,Yes,0
Scholarship Scheme 2866,Doctorate,All,OBC,Muslim,Yes,No,No,58.03,Low,Yes,0
Scholarship Scheme 2867,High School,All,OBC,Christian,Yes,No,Yes,75.36,Low,Yes,0
Scholarship Scheme 2868,Postgraduate,Female,SC,Sikh,No,Yes,No,50.58,Medium,Yes,1
Scholarship Scheme 2869,High School,All,OBC,Christian,No,Yes,No,65.02,Medium,Yes,1
Scholarship Scheme 2870,Doctorate,Female,SC,Muslim,Yes,No,No,96.59,High,Yes,1
Scholarship Scheme 2871,High School,Male,OBC,Christian,No,No,Yes,65.5,High,Yes,0
Scholarship Scheme 2872,Postgraduate,Female,General,Sikh,No,No,Yes,67.99,High,Yes,1
Scholarship Scheme 2873,Undergraduate,Female,ST,Muslim,No,No,Yes,73.61,Medium,Yes,0
Scholarship Scheme 2874,High School,Male,ST,Muslim,No,Yes,Yes,78.03,High,Yes,0
Scholarship Scheme 2875,High School,Female,SC,Hindu,No,No,No,90.35,Medium,Yes,0
Scholarship Scheme 2876,Postgraduate,All,OBC,Hindu,No,No,No,59.5,Medium,Yes,0
Scholarship Scheme 2877,Postgraduate,All,ST,Christian,Yes,Yes,No,93.5,Low,Yes,0
Scholarship Scheme 2878,High School,All,General,Hindu,Yes,Yes,Yes,87.8,Low,Yes,0
Scholarship Scheme 2879,Doctorate,All,General,Hindu,No,Yes,No,86.06,High,Yes,0
Scholarship Scheme 2880,High School,Female,General,Hindu,Yes,Yes,Yes,54.33,Medium,Yes,0
Scholarship Scheme 2881,Postgraduate,Female,SC,Hindu,No,Yes,Yes,51.08,Medium,Yes,1
Scholarship Scheme 2882,Undergraduate,Male,SC,Sikh,Yes,Yes,Yes,79.64,Medium,Yes,0
Scholarship Scheme 2883,Undergraduate,Female,OBC,Sikh,Yes,Yes,No,93.07,Low,Yes,1
Scholarship Scheme 2884,Doctorate,Female,General,Hindu,Yes,No,No,79.16,Medium,Yes,0
Scholarship Scheme 2885,High School,Female,OBC,Christian,No,No,No,60.64,High,Yes,0
Scholarship Scheme 2886,Undergraduate,Male,OBC,Sikh,Yes,Yes,No,54.52,High,Yes,1
Scholarship Scheme 2887,High School,All,General,Hindu,Yes,No,Yes,84.91,Low,Yes,0
Scholarship Scheme 2888,Postgraduate,Female,OBC,Sikh,No,No,No,86.02,High,Yes,1
Scholarship Scheme 2889,Undergraduate,Male,ST,Muslim,No,Yes,Yes,58.61,Medium,Yes,0
Scholarship Scheme 2890,Doctorate,Male,SC,Sikh,Yes,Yes,Yes,51.41,Medium,Yes,0
Scholarship Scheme 2891,Postgraduate,Male,OBC,Sikh,No,Yes,Yes,70.37,High,Yes,0
Scholarship Scheme 2892,Doctorate,All,General,Christian,Yes,Yes,Yes,79.08,Low,Yes,1
Scholarship Scheme 2893,Postgraduate,Female,SC,Sikh,Yes,Yes,Yes,85.23,Medium,Yes,0
Scholarship Scheme 2894,Undergraduate,Male,SC,Christian,No,No,Yes,90.42,Medium,Yes,0
Scholarship Scheme 2895,Doctorate,All,OBC,Muslim,No,No,Yes,80.47,Low,Yes,1
Scholarship Scheme 2896,Doctorate,Male,ST,Hindu,Yes,Yes,No,55.53,Medium,Yes,0
Scholarship Scheme 2897,Postgraduate,Male,OBC,Christian,No,Yes,No,84.06,High,Yes,1
Scholarship Scheme 2898,Doctorate,Male,ST,Sikh,Yes,No,Yes,99.11,High,Yes,0
Scholarship Scheme 2899,Postgraduate,Male,SC,Sikh,No,No,No,95.19,Low,Yes,1
Scholarship Scheme 2900,Postgraduate,Male,OBC,Christian,No,No,No,93.5,Low,Yes,0
Scholarship Scheme 2901,Postgraduate,All,General,Muslim,No,Yes,No,65.08,High,Yes,0
Scholarship Scheme 2902,Postgraduate,Female,OBC,Hindu,No,Yes,No,87.46,Low,Yes,1
Scholarship Scheme 2903,Undergraduate,Female,ST,Sikh,No,No,Yes,92.47,High,Yes,0
Scholarship Scheme 2904,Postgraduate,Female,ST,Muslim,Yes,Yes,No,83.85,Low,Yes,0
Scholarship Scheme 2905,High School,Female,OBC,Hindu,Yes,No,Yes,62.5,High,Yes,1
Scholarship Scheme 2906,Doctorate,All,ST,Hindu,Yes,Yes,Yes,97.6,Medium,Yes,0
Scholarship Scheme 2907,High School,All,SC,Sikh,No,Yes,No,72.5,Medium,Yes,1
Scholarship Scheme 2908,Undergraduate,All,OBC,Christian,Yes,No,No,56.48,High,Yes,1
Scholarship Scheme 2909,High School,Male,ST,Sikh,Yes,No,Yes,55.48,Medium,Yes,1
Scholarship Scheme 2910,Doctorate,Male,OBC,Sikh,No,Yes,Yes,82.31,High,Yes,1
Scholarship Scheme 2911,High School,Male,OBC,Sikh,No,No,No,71.84,Low,Yes,0
Scholarship Scheme 2912,Undergraduate,Female,General,Muslim,No,Yes,No,54.71,Medium,Yes,1
Scholarship Scheme 2913,Postgraduate,Male,OBC,Christian,Yes,No,Yes,86.94,Medium,Yes,0
Scholarship Scheme 2914,High School,Female,General,Muslim,Yes,No,No,89.89,Medium,Yes,1
Scholarship Scheme 2915,Undergraduate,Male,ST,Sikh,No,Yes,Yes,86.2,High,Yes,0
Scholarship Scheme 2916,Undergraduate,Female,General,Christian,Yes,Yes,Yes,60.09,Medium,Yes,1
Scholarship Scheme 2917,Doctorate,Male,General,Hindu,Yes,Yes,Yes,84.42,Low,Yes,1
Scholarship Scheme 2918,Doctorate,Male,General,Christian,No,No,Yes,50.54,Medium,Yes,0
Scholarship Scheme 2919,High School,All,SC,Sikh,Yes,No,No,65.23,Low,Yes,0
Scholarship Scheme 2920,Postgraduate,Male,General,Christian,No,Yes,Yes,69.9,Medium,Yes,1
Scholarship Scheme 2921,Undergraduate,Male,OBC,Hindu,Yes,No,Yes,91.68,Medium,Yes,0
Scholarship Scheme 2922,High School,All,General,Hindu,No,Yes,No,69.48,Low,Yes,0
Scholarship Scheme 2923,Undergraduate,Female,OBC,Christian,Yes,Yes,No,50.56,Medium,Yes,0
Scholarship Scheme 2924,Undergraduate,All,General,Hindu,Yes,Yes,Yes,67.58,Low,Yes,0
Scholarship Scheme 2925,Postgraduate,All,SC,Muslim,No,Yes,No,74.9,Low,Yes,0
Scholarship Scheme 2926,Postgraduate,Female,ST,Christian,No,Yes,No,97.36,Low,Yes,0
Scholarship Scheme 2927,High School,Male,General,Hindu,No,No,Yes,96.96,Medium,Yes,0
Scholarship Scheme 2928,Postgraduate,Female,General,Hindu,No,No,No,59.03,Medium,Yes,0
Scholarship Scheme 2929,Postgraduate,Male,SC,Christian,Yes,Yes,No,59.24,Low,Yes,0
Scholarship Scheme 2930,High School,Male,General,Muslim,No,No,No,58.15,Medium,Yes,0
Scholarship Scheme 2931,Postgraduate,Female,OBC,Christian,No,Yes,No,89.37,High,Yes,0
Scholarship Scheme 2932,Doctorate,All,General,Hindu,No,No,No,50.3,Low,Yes,0
Scholarship Scheme 2933,Undergraduate,Female,General,Christian,No,No,Yes,56.35,Low,Yes,0
Scholarship Scheme 2934,Undergraduate,Male,ST,Hindu,No,Yes,No,76.84,High,Yes,1
Scholarship Scheme 2935,Undergraduate,Female,ST,Sikh,Yes,No,Yes,62.35,High,Yes,0
Scholarship Scheme 2936,Undergraduate,Female,General,Christian,No,Yes,Yes,54.61,Low,Yes,0
Scholarship Scheme 2937,High School,Male,SC,Christian,No,No,No,67.96,High,Yes,0
Scholarship Scheme 2938,Undergraduate,All,ST,Hindu,No,Yes,No,63.68,Low,Yes,1
Scholarship Scheme 2939,Undergraduate,Female,General,Hindu,Yes,Yes,No,75.5,Medium,Yes,0
Scholarship Scheme 2940,Undergraduate,Male,ST,Hindu,Yes,Yes,No,98.86,High,Yes,1
Scholarship Scheme 2941,Undergraduate,Male,General,Hindu,Yes,Yes,No,56.2,Low,Yes,0
Scholarship Scheme 2942,Doctorate,Female,ST,Christian,No,Yes,No,68.6,Low,Yes,0
Scholarship Scheme 2943,Undergraduate,All,ST,Hindu,No,Yes,No,96.51,Low,Yes,1
Scholarship Scheme 2944,Doctorate,Female,OBC,Christian,Yes,No,No,93.76,High,Yes,0
Scholarship Scheme 2945,High School,All,General,Muslim,Yes,Yes,No,69.67,Medium,Yes,1
Scholarship Scheme 2946,Postgraduate,All,General,Christian,No,No,No,84.88,Medium,Yes,1
Scholarship Scheme 2947,Undergraduate,All,General,Hindu,No,Yes,No,54.38,High,Yes,1
Scholarship Scheme 2948,Postgraduate,All,General,Hindu,No,No,No,85.56,Low,Yes,1
Scholarship Scheme 2949,Postgraduate,Female,ST,Muslim,Yes,Yes,Yes,98.55,Low,Yes,0
Scholarship Scheme 2950,High School,Male,OBC,Christian,No,Yes,No,76.82,Low,Yes,0
Scholarship Scheme 2951,Postgraduate,Male,OBC,Muslim,No,No,Yes,74.87,High,Yes,0
Scholarship Scheme 2952,Doctorate,Male,SC,Christian,Yes,Yes,Yes,59.35,High,Yes,1
Scholarship Scheme 2953,Postgraduate,Male,General,Hindu,Yes,Yes,No,81.63,Low,Yes,0
Scholarship Scheme 2954,Postgraduate,Male,SC,Christian,Yes,Yes,Yes,79.46,Low,Yes,0
Scholarship Scheme 2955,Postgraduate,Male,ST,Hindu,No,Yes,No,82.53,Low,Yes,1
Scholarship Scheme 2956,Undergraduate,Female,SC,Hindu,Yes,No,No,51.3,High,Yes,0
Scholarship Scheme 2957,Undergraduate,All,General,Sikh,Yes,Yes,Yes,77.38,High,Yes,1
Scholarship Scheme 2958,Doctorate,Male,OBC,Sikh,No,No,No,79.69,Medium,Yes,1
Scholarship Scheme 2959,Doctorate,Female,OBC,Christian,No,Yes,Yes,60.36,Low,Yes,0
Scholarship Scheme 2960,Undergraduate,Male,General,Hindu,Yes,Yes,Yes,60.4,Low,Yes,1
Scholarship Scheme 2961,Doctorate,Male,ST,Muslim,No,Yes,No,63.78,Medium,Yes,1
Scholarship Scheme 2962,Undergraduate,All,General,Hindu,Yes,Yes,Yes,85.51,Low,Yes,1
Scholarship Scheme 2963,High School,All,ST,Muslim,No,No,Yes,80.25,Medium,Yes,0
Scholarship Scheme 2964,Postgraduate,All,OBC,Christian,No,Yes,No,92.2,High,Yes,0
Scholarship Scheme 2965,Postgraduate,Male,ST,Christian,Yes,Yes,Yes,64.75,Medium,Yes,0
Scholarship Scheme 2966,Doctorate,Male,General,Muslim,Yes,Yes,No,95.51,Medium,Yes,1
Scholarship Scheme 2967,Undergraduate,Male,General,Muslim,Yes,No,No,87.11,High,Yes,0
Scholarship Scheme 2968,Undergraduate,All,General,Hindu,No,No,No,69.71,Low,Yes,0
Scholarship Scheme 2969,Doctorate,Female,ST,Christian,Yes,No,No,54.75,Medium,Yes,0
Scholarship Scheme 2970,Undergraduate,Male,ST,Hindu,No,No,Yes,62.82,Medium,Yes,0
Scholarship Scheme 2971,High School,Male,ST,Muslim,No,Yes,No,97.74,Low,Yes,0
Scholarship Scheme 2972,Postgraduate,Male,OBC,Sikh,Yes,Yes,Yes,65.49,Medium,Yes,0
Scholarship Scheme 2973,Doctorate,Female,SC,Sikh,No,No,Yes,66.46,High,Yes,1
Scholarship Scheme 2974,Doctorate,Male,SC,Sikh,No,Yes,No,59.46,Medium,Yes,1
Scholarship Scheme 2975,Undergraduate,Female,General,Muslim,Yes,Yes,No,90.26,Low,Yes,0
Scholarship Scheme 2976,Doctorate,Male,OBC,Hindu,No,No,No,63.75,Low,Yes,1
Scholarship Scheme 2977,High School,Female,ST,Christian,No,Yes,Yes,66.48,Medium,Yes,0
Scholarship Scheme 2978,Undergraduate,Male,General,Muslim,Yes,No,No,70.68,Low,Yes,1
Scholarship Scheme 2979,Undergraduate,All,OBC,Sikh,Yes,No,Yes,71.64,Low,Yes,0
Scholarship Scheme 2980,Undergraduate,All,General,Hindu,No,No,No,70.53,Medium,Yes,1
Scholarship Scheme 2981,Undergraduate,All,OBC,Christian,No,No,No,75.14,Medium,Yes,0
Scholarship Scheme 2982,High School,All,OBC,Christian,No,No,Yes,90.64,Low,Yes,0
Scholarship Scheme 2983,Undergraduate,Male,SC,Muslim,No,No,Yes,90.88,Medium,Yes,1
Scholarship Scheme 2984,Doctorate,All,General,Muslim,Yes,Yes,No,89.84,High,Yes,0
Scholarship Scheme 2985,High School,Female,ST,Christian,No,Yes,No,55.05,Medium,Yes,1
Scholarship Scheme 2986,Postgraduate,All,SC,Christian,No,Yes,No,89.9,Low,Yes,0
Scholarship Scheme 2987,Postgraduate,All,SC,Sikh,No,No,Yes,56.0,High,Yes,0
Scholarship Scheme 2988,Doctorate,All,ST,Christian,No,No,No,56.22,Low,Yes,1
Scholarship Scheme 2989,Doctorate,Male,OBC,Muslim,Yes,No,No,97.3,Low,Yes,0
Scholarship Scheme 2990,High School,All,ST,Hindu,No,Yes,Yes,90.89,High,Yes,0
Scholarship Scheme 2991,Postgraduate,Female,General,Sikh,Yes,Yes,No,77.57,Medium,Yes,1
Scholarship Scheme 2992,Postgraduate,All,ST,Sikh,Yes,No,Yes,93.66,Low,Yes,1
Scholarship Scheme 2993,Postgraduate,All,OBC,Christian,Yes,No,Yes,99.37,Medium,Yes,1
Scholarship Scheme 2994,Postgraduate,All,ST,Hindu,Yes,No,No,80.47,Medium,Yes,1
Scholarship Scheme 2995,Postgraduate,Female,OBC,Sikh,Yes,No,No,80.58,High,Yes,1
Scholarship Scheme 2996,Undergraduate,All,OBC,Muslim,No,No,Yes,87.65,Low,Yes,1
Scholarship Scheme 2997,Doctorate,Female,General,Christian,Yes,Yes,Yes,61.58,High,Yes,1
Scholarship Scheme 2998,Undergraduate,Female,ST,Muslim,Yes,No,No,58.34,High,Yes,0
Scholarship Scheme 2999,Postgraduate,All,ST,Christian,Yes,No,Yes,87.9,Low,Yes,1
Scholarship Scheme 3000,High School,Female,General,Sikh,No,No,Yes,67.21,Low,Yes,0
Scholarship Scheme 3001,High School,Male,OBC,Christian,Yes,No,No,56.74,High,Yes,1
Scholarship Scheme 3002,Postgraduate,All,ST,Hindu,No,Yes,Yes,65.71,High,Yes,1
Scholarship Scheme 3003,Postgraduate,All,General,Muslim,Yes,No,Yes,67.9,High,Yes,0
Scholarship Scheme 3004,High School,Female,OBC,Hindu,Yes,No,Yes,98.16,Low,Yes,1
Scholarship Scheme 3005,Undergraduate,Female,General,Muslim,No,No,Yes,84.83,Low,Yes,1
Scholarship Scheme 3006,Undergraduate,All,ST,Muslim,No,Yes,Yes,76.49,High,Yes,1
Scholarship Scheme 3007,Postgraduate,Male,General,Christian,No,No,Yes,98.35,Low,Yes,0
Scholarship Scheme 3008,Undergraduate,Female,SC,Sikh,Yes,Yes,No,95.07,Low,Yes,1
Scholarship Scheme 3009,High School,Female,OBC,Sikh,No,No,No,75.55,Low,Yes,0
Scholarship Scheme 3010,Undergraduate,Male,SC,Hindu,No,No,No,95.19,Medium,Yes,1
Scholarship Scheme 3011,Postgraduate,Male,SC,Christian,No,No,No,70.17,Medium,Yes,0
Scholarship Scheme 3012,High School,All,OBC,Sikh,No,No,Yes,61.5,High,Yes,0
Scholarship Scheme 3013,Undergraduate,Male,OBC,Muslim,No,No,No,61.61,Medium,Yes,0
Scholarship Scheme 3014,Doctorate,All,General,Muslim,Yes,No,Yes,83.05,High,Yes,0
Scholarship Scheme 3015,High School,Male,OBC,Christian,No,No,No,75.0,High,Yes,1
Scholarship Scheme 3016,High School,Female,SC,Hindu,Yes,No,Yes,82.88,Low,Yes,0
Scholarship Scheme 3017,Doctorate,All,SC,Christian,No,No,No,84.24,High,Yes,1
Scholarship Scheme 3018,Doctorate,All,ST,Hindu,No,Yes,Yes,51.11,High,Yes,1
Scholarship Scheme 3019,High School,All,OBC,Christian,Yes,Yes,No,52.7,High,Yes,1
Scholarship Scheme 3020,Doctorate,Male,SC,Muslim,Yes,Yes,No,76.58,High,Yes,0
Scholarship Scheme 3021,Postgraduate,Female,ST,Christian,Yes,Yes,No,59.53,Low,Yes,0
Scholarship Scheme 3022,Postgraduate,All,ST,Sikh,Yes,No,No,81.56,Low,Yes,0
Scholarship Scheme 3023,Postgraduate,All,General,Sikh,No,No,No,77.55,High,Yes,0
Scholarship Scheme 3024,High School,All,SC,Christian,Yes,Yes,Yes,79.23,Medium,Yes,1
Scholarship Scheme 3025,Doctorate,All,General,Hindu,No,Yes,No,65.09,Medium,Yes,0
Scholarship Scheme 3026,Doctorate,Female,SC,Hindu,No,Yes,Yes,81.93,High,Yes,1
Scholarship Scheme 3027,Undergraduate,Male,General,Muslim,No,Yes,No,91.39,Low,Yes,0
Scholarship Scheme 3028,Undergraduate,Female,General,Muslim,Yes,No,No,99.8,High,Yes,0
Scholarship Scheme 3029,Doctorate,All,OBC,Hindu,Yes,Yes,No,91.84,High,Yes,0
Scholarship Scheme 3030,Doctorate,Female,General,Christian,Yes,No,Yes,77.82,Low,Yes,1
Scholarship Scheme 3031,Doctorate,All,OBC,Muslim,No,No,No,59.65,Medium,Yes,0
Scholarship Scheme 3032,High School,Male,ST,Hindu,Yes,No,No,84.0,High,Yes,0
Scholarship Scheme 3033,Doctorate,Male,SC,Hindu,Yes,Yes,Yes,96.79,Low,Yes,1
Scholarship Scheme 3034,Undergraduate,Male,ST,Christian,No,Yes,Yes,60.57,Low,Yes,1
Scholarship Scheme 3035,High School,All,SC,Sikh,Yes,No,Yes,62.77,High,Yes,0
Scholarship Scheme 3036,Doctorate,Female,ST,Hindu,No,Yes,Yes,57.44,Low,Yes,0
Scholarship Scheme 3037,Undergraduate,Male,SC,Muslim,Yes,Yes,No,86.76,High,Yes,0
Scholarship Scheme 3038,High School,All,General,Christian,Yes,No,Yes,70.29,Medium,Yes,1
Scholarship Scheme 3039,Doctorate,All,SC,Christian,Yes,No,Yes,53.13,High,Yes,1
Scholarship Scheme 3040,Doctorate,Female,SC,Christian,Yes,Yes,No,93.66,Medium,Yes,1
Scholarship Scheme 3041,Doctorate,Male,ST,Sikh,Yes,No,Yes,77.83,Low,Yes,0
Scholarship Scheme 3042,High School,All,ST,Sikh,No,Yes,Yes,66.52,High,Yes,0
Scholarship Scheme 3043,Undergraduate,Female,ST,Muslim,Yes,Yes,Yes,67.16,Low,Yes,0
Scholarship Scheme 3044,Undergraduate,Male,OBC,Muslim,Yes,No,No,64.48,High,Yes,1
Scholarship Scheme 3045,Postgraduate,Female,OBC,Christian,Yes,No,Yes,72.73,Low,Yes,0
Scholarship Scheme 3046,Doctorate,Female,SC,Muslim,Yes,Yes,Yes,66.82,Medium,Yes,1
Scholarship Scheme 3047,Postgraduate,All,SC,Hindu,Yes,No,Yes,77.34,High,Yes,0
Scholarship Scheme 3048,Postgraduate,All,General,Sikh,Yes,Yes,No,88.6,Low,Yes,0
Scholarship Scheme 3049,Undergraduate,All,General,Christian,Yes,No,No,83.66,High,Yes,0
Scholarship Scheme 3050,High School,Female,SC,Christian,No,Yes,Yes,64.69,High,Yes,0
Scholarship Scheme 3051,High School,All,OBC,Hindu,No,No,No,76.38,Medium,Yes,1
Scholarship Scheme 3052,Undergraduate,Female,SC,Hindu,Yes,Yes,Yes,91.92,Low,Yes,0
Scholarship Scheme 3053,High School,Female,General,Hindu,No,Yes,No,53.4,High,Yes,0
Scholarship Scheme 3054,Postgraduate,All,OBC,Hindu,Yes,No,No,53.91,High,Yes,0
Scholarship Scheme 3055,Doctorate,Male,OBC,Christian,No,Yes,Yes,77.75,High,Yes,1
Scholarship Scheme 3056,Undergraduate,Male,General,Sikh,Yes,Yes,Yes,81.89,High,Yes,1
Scholarship Scheme 3057,Doctorate,Male,SC,Sikh,Yes,Yes,Yes,60.55,High,Yes,0
Scholarship Scheme 3058,High School,Female,ST,Hindu,No,Yes,No,87.19,Low,Yes,1
Scholarship Scheme 3059,Doctorate,Female,SC,Muslim,Yes,Yes,Yes,82.25,High,Yes,0
Scholarship Scheme 3060,High School,Female,SC,Christian,No,No,No,96.07,High,Yes,1
Scholarship Scheme 3061,High School,All,General,Sikh,Yes,Yes,No,58.43,High,Yes,1
Scholarship Scheme 3062,Postgraduate,Female,OBC,Hindu,Yes,Yes,Yes,87.49,Low,Yes,0
Scholarship Scheme 3063,High School,All,General,Muslim,Yes,Yes,No,54.17,High,Yes,1
Scholarship Scheme 3064,Postgraduate,All,SC,Muslim,Yes,No,No,78.21,High,Yes,0
Scholarship Scheme 3065,Postgraduate,Male,ST,Hindu,No,No,Yes,77.54,Medium,Yes,0
Scholarship Scheme 3066,Postgraduate,Male,ST,Christian,Yes,Yes,No,69.38,Medium,Yes,0
Scholarship Scheme 3067,Undergraduate,Male,ST,Sikh,No,Yes,No,92.14,High,Yes,0
Scholarship Scheme 3068,Undergraduate,All,General,Muslim,No,No,Yes,50.22,High,Yes,1
Scholarship Scheme 3069,High School,All,OBC,Sikh,Yes,No,Yes,75.96,Medium,Yes,0
Scholarship Scheme 3070,Postgraduate,All,General,Sikh,Yes,Yes,Yes,60.84,Low,Yes,1
Scholarship Scheme 3071,Undergraduate,Female,ST,Muslim,No,No,No,87.1,Low,Yes,0
Scholarship Scheme 3072,Postgraduate,All,SC,Hindu,No,Yes,No,52.15,Medium,Yes,0
Scholarship Scheme 3073,Doctorate,Male,OBC,Muslim,Yes,Yes,No,91.49,High,Yes,0
Scholarship Scheme 3074,Doctorate,Male,General,Muslim,No,Yes,Yes,91.82,Medium,Yes,0
Scholarship Scheme 3075,Doctorate,All,General,Christian,No,No,No,91.56,Low,Yes,1
Scholarship Scheme 3076,High School,All,OBC,Sikh,No,Yes,No,57.61,Medium,Yes,0
Scholarship Scheme 3077,Postgraduate,Male,OBC,Hindu,Yes,Yes,No,81.46,Low,Yes,0
Scholarship Scheme 3078,Doctorate,All,SC,Sikh,No,No,Yes,50.72,High,Yes,1
Scholarship Scheme 3079,Undergraduate,Male,OBC,Muslim,No,Yes,Yes,92.31,High,Yes,0
Scholarship Scheme 3080,Doctorate,Female,SC,Hindu,No,Yes,Yes,86.08,High,Yes,0
Scholarship Scheme 3081,Doctorate,Male,ST,Hindu,No,Yes,No,76.5,Low,Yes,0
Scholarship Scheme 3082,Doctorate,Female,ST,Hindu,Yes,No,No,86.46,Medium,Yes,1
Scholarship Scheme 3083,High School,All,General,Hindu,Yes,No,Yes,54.71,High,Yes,1
Scholarship Scheme 3084,Undergraduate,All,ST,Christian,No,Yes,Yes,76.38,Low,Yes,1
Scholarship Scheme 3085,Postgraduate,Female,ST,Hindu,No,No,No,64.53,High,Yes,1
Scholarship Scheme 3086,Undergraduate,All,SC,Muslim,No,Yes,Yes,98.53,Medium,Yes,1
Scholarship Scheme 3087,Postgraduate,Female,General,Christian,Yes,Yes,No,92.77,High,Yes,1
Scholarship Scheme 3088,High School,All,OBC,Muslim,Yes,No,Yes,86.59,Low,Yes,0
Scholarship Scheme 3089,High School,Male,General,Muslim,No,No,Yes,96.59,Low,Yes,0
Scholarship Scheme 3090,High School,All,ST,Sikh,No,Yes,Yes,67.31,High,Yes,0
Scholarship Scheme 3091,High School,Male,OBC,Hindu,Yes,No,No,94.95,High,Yes,1
Scholarship Scheme 3092,Postgraduate,Male,General,Hindu,No,No,Yes,66.23,Low,Yes,1
Scholarship Scheme 3093,Doctorate,Female,General,Muslim,No,No,No,86.57,High,Yes,0
Scholarship Scheme 3094,Postgraduate,All,General,Hindu,Yes,Yes,Yes,86.75,High,Yes,0
Scholarship Scheme 3095,Undergraduate,Female,General,Christian,Yes,Yes,Yes,50.92,High,Yes,0
Scholarship Scheme 3096,High School,All,SC,Sikh,Yes,No,No,68.02,Medium,Yes,1
Scholarship Scheme 3097,High School,Male,General,Hindu,Yes,Yes,No,50.97,Medium,Yes,0
Scholarship Scheme 3098,Undergraduate,Male,ST,Hindu,Yes,Yes,Yes,99.75,Medium,Yes,1
Scholarship Scheme 3099,Postgraduate,All,ST,Christian,No,No,No,56.1,High,Yes,0
Scholarship Scheme 3100,Doctorate,All,SC,Sikh,Yes,Yes,Yes,77.09,Low,Yes,1
Scholarship Scheme 3101,Doctorate,Female,OBC,Christian,Yes,No,No,89.45,High,Yes,1
Scholarship Scheme 3102,Undergraduate,All,OBC,Muslim,Yes,Yes,No,60.04,High,Yes,1
Scholarship Scheme 3103,Doctorate,All,ST,Muslim,Yes,Yes,Yes,74.2,Medium,Yes,0
Scholarship Scheme 3104,Postgraduate,All,ST,Hindu,Yes,No,Yes,80.31,Low,Yes,1
Scholarship Scheme 3105,Postgraduate,Female,SC,Sikh,Yes,Yes,No,57.99,Medium,Yes,0
Scholarship Scheme 3106,Undergraduate,All,OBC,Muslim,No,No,No,88.85,Low,Yes,1
Scholarship Scheme 3107,Postgraduate,Male,OBC,Christian,Yes,Yes,Yes,64.94,High,Yes,0
Scholarship Scheme 3108,High School,Female,General,Muslim,No,Yes,No,60.53,High,Yes,0
Scholarship Scheme 3109,Undergraduate,Female,General,Muslim,No,Yes,No,77.86,High,Yes,1
Scholarship Scheme 3110,Postgraduate,Male,General,Christian,Yes,No,No,70.47,Low,Yes,0
Scholarship Scheme 3111,Undergraduate,Male,SC,Hindu,Yes,Yes,No,95.92,Medium,Yes,1
Scholarship Scheme 3112,Doctorate,Male,ST,Sikh,No,Yes,Yes,93.92,Medium,Yes,0
Scholarship Scheme 3113,Postgraduate,All,SC,Hindu,No,No,Yes,74.12,Medium,Yes,0
Scholarship Scheme 3114,High School,Male,OBC,Christian,No,No,No,67.93,Low,Yes,1
Scholarship Scheme 3115,Postgraduate,All,ST,Muslim,Yes,Yes,No,66.24,Low,Yes,1
Scholarship Scheme 3116,Undergraduate,Female,General,Sikh,No,No,Yes,63.35,High,Yes,0
Scholarship Scheme 3117,Undergraduate,Female,SC,Hindu,Yes,No,No,77.17,Medium,Yes,0
Scholarship Scheme 3118,Postgraduate,Male,SC,Christian,Yes,No,No,90.17,Low,Yes,0
Scholarship Scheme 3119,High School,All,General,Muslim,No,No,No,65.51,Medium,Yes,0
Scholarship Scheme 3120,High School,Male,SC,Muslim,Yes,Yes,No,59.49,Medium,Yes,0
Scholarship Scheme 3121,High School,Male,General,Hindu,Yes,No,No,73.73,Low,Yes,0
Scholarship Scheme 3122,Undergraduate,All,OBC,Christian,No,Yes,Yes,53.44,Low,Yes,1
Scholarship Scheme 3123,Postgraduate,Male,ST,Muslim,No,Yes,No,84.99,High,Yes,0
Scholarship Scheme 3124,Doctorate,Female,OBC,Muslim,Yes,Yes,No,75.87,High,Yes,1
Scholarship Scheme 3125,Undergraduate,Male,OBC,Sikh,No,No,No,74.77,High,Yes,1
Scholarship Scheme 3126,High School,All,General,Muslim,Yes,No,Yes,64.99,Medium,Yes,1
Scholarship Scheme 3127,Postgraduate,All,SC,Hindu,No,Yes,No,95.14,Medium,Yes,0
Scholarship Scheme 3128,High School,Female,OBC,Christian,No,Yes,No,54.52,High,Yes,1
Scholarship Scheme 3129,Doctorate,All,OBC,Christian,No,No,Yes,93.4,Medium,Yes,1
Scholarship Scheme 3130,High School,All,OBC,Sikh,No,No,Yes,68.8,Medium,Yes,1
Scholarship Scheme 3131,High School,Female,SC,Christian,Yes,Yes,Yes,93.94,Medium,Yes,0
Scholarship Scheme 3132,Doctorate,Male,SC,Hindu,No,No,Yes,86.37,Medium,Yes,0
Scholarship Scheme 3133,Postgraduate,Female,General,Muslim,Yes,No,No,55.2,Low,Yes,1
Scholarship Scheme 3134,Undergraduate,Male,OBC,Sikh,Yes,Yes,No,91.49,Low,Yes,0
Scholarship Scheme 3135,Postgraduate,Female,ST,Christian,No,No,No,84.04,High,Yes,1
Scholarship Scheme 3136,Doctorate,Male,SC,Sikh,No,No,Yes,51.61,High,Yes,0
Scholarship Scheme 3137,High School,Female,General,Sikh,No,Yes,No,56.67,Medium,Yes,0
Scholarship Scheme 3138,Postgraduate,Male,OBC,Christian,No,No,Yes,81.72,Medium,Yes,0
Scholarship Scheme 3139,Undergraduate,Female,ST,Sikh,No,Yes,Yes,83.06,Low,Yes,0
Scholarship Scheme 3140,Doctorate,Male,SC,Christian,Yes,No,No,87.26,Medium,Yes,0
Scholarship Scheme 3141,Postgraduate,Female,ST,Hindu,No,Yes,Yes,85.94,Medium,Yes,1
Scholarship Scheme 3142,Undergraduate,All,SC,Christian,Yes,No,Yes,82.91,High,Yes,1
Scholarship Scheme 3143,Doctorate,Male,General,Muslim,Yes,Yes,No,88.24,Medium,Yes,0
Scholarship Scheme 3144,Undergraduate,Female,ST,Christian,Yes,No,No,78.7,Low,Yes,1
Scholarship Scheme 3145,Doctorate,Male,OBC,Muslim,Yes,No,Yes,63.01,Medium,Yes,0
Scholarship Scheme 3146,High School,Male,OBC,Sikh,No,No,No,95.53,Medium,Yes,0
Scholarship Scheme 3147,Postgraduate,Female,SC,Christian,No,Yes,No,50.91,Medium,Yes,1
Scholarship Scheme 3148,Undergraduate,Male,OBC,Muslim,Yes,No,Yes,68.29,Medium,Yes,0
Scholarship Scheme 3149,Doctorate,Female,ST,Christian,Yes,Yes,Yes,86.37,Medium,Yes,0
Scholarship Scheme 3150,Undergraduate,All,General,Christian,No,No,No,71.32,Low,Yes,1
Scholarship Scheme 3151,Undergraduate,Male,SC,Christian,Yes,No,No,51.24,High,Yes,1
Scholarship Scheme 3152,Postgraduate,All,ST,Hindu,No,No,Yes,53.29,Medium,Yes,0
Scholarship Scheme 3153,High School,Male,SC,Muslim,Yes,No,No,82.37,High,Yes,0
Scholarship Scheme 3154,Undergraduate,Male,General,Hindu,No,No,Yes,98.15,High,Yes,0
Scholarship Scheme 3155,Doctorate,Male,SC,Hindu,Yes,No,Yes,77.54,Low,Yes,0
Scholarship Scheme 3156,Doctorate,Female,OBC,Muslim,Yes,Yes,No,75.29,High,Yes,1
Scholarship Scheme 3157,High School,All,OBC,Christian,Yes,Yes,No,65.88,Medium,Yes,0
Scholarship Scheme 3158,Doctorate,Male,SC,Hindu,No,No,No,62.81,Medium,Yes,0
Scholarship Scheme 3159,High School,Female,General,Hindu,No,No,No,51.05,Medium,Yes,0
Scholarship Scheme 3160,Doctorate,Male,General,Hindu,No,No,No,63.62,Medium,Yes,0
Scholarship Scheme 3161,Postgraduate,Female,OBC,Christian,Yes,No,Yes,72.41,Low,Yes,1
Scholarship Scheme 3162,Undergraduate,Male,General,Hindu,Yes,No,No,59.88,High,Yes,0
Scholarship Scheme 3163,Postgraduate,All,SC,Sikh,Yes,Yes,Yes,54.36,Low,Yes,0
Scholarship Scheme 3164,Undergraduate,All,ST,Muslim,Yes,No,No,85.81,High,Yes,1
Scholarship Scheme 3165,Undergraduate,Male,SC,Sikh,Yes,No,Yes,94.64,Low,Yes,0
Scholarship Scheme 3166,Undergraduate,Female,OBC,Christian,Yes,Yes,No,96.74,Low,Yes,0
Scholarship Scheme 3167,Postgraduate,Male,OBC,Hindu,No,Yes,No,80.84,Low,Yes,1
Scholarship Scheme 3168,Undergraduate,Female,OBC,Muslim,No,Yes,Yes,52.63,Medium,Yes,0
Scholarship Scheme 3169,Postgraduate,Male,General,Hindu,No,No,No,86.97,Medium,Yes,1
Scholarship Scheme 3170,High School,Female,SC,Christian,Yes,No,No,55.49,Low,Yes,1
Scholarship Scheme 3171,Doctorate,All,ST,Muslim,No,No,Yes,83.42,High,Yes,1
Scholarship Scheme 3172,Doctorate,Male,SC,Sikh,Yes,No,Yes,88.89,High,Yes,0
Scholarship Scheme 3173,Undergraduate,All,ST,Muslim,Yes,No,Yes,86.22,Medium,Yes,0
Scholarship Scheme 3174,Postgraduate,All,SC,Hindu,No,Yes,No,97.5,Low,Yes,1
Scholarship Scheme 3175,Doctorate,Male,OBC,Muslim,Yes,No,Yes,86.83,Medium,Yes,1
Scholarship Scheme 3176,Postgraduate,Male,ST,Christian,Yes,No,Yes,84.59,Medium,Yes,1
Scholarship Scheme 3177,Postgraduate,Female,SC,Christian,Yes,No,No,63.06,Medium,Yes,1
Scholarship Scheme 3178,Undergraduate,Female,General,Muslim,Yes,Yes,No,96.15,Low,Yes,1
Scholarship Scheme 3179,Doctorate,All,General,Christian,Yes,No,No,58.96,Low,Yes,0
Scholarship Scheme 3180,Undergraduate,Female,SC,Christian,No,No,No,95.15,Medium,Yes,0
Scholarship Scheme 3181,Undergraduate,Female,OBC,Christian,No,No,No,65.6,Low,Yes,0
Scholarship Scheme 3182,Doctorate,Male,ST,Sikh,Yes,No,No,56.5,High,Yes,0
Scholarship Scheme 3183,Doctorate,Female,SC,Hindu,Yes,Yes,Yes,91.25,High,Yes,0
Scholarship Scheme 3184,High School,All,General,Christian,No,Yes,Yes,50.12,Medium,Yes,0
Scholarship Scheme 3185,High School,Female,ST,Muslim,No,Yes,No,91.52,High,Yes,0
Scholarship Scheme 3186,Postgraduate,All,General,Christian,No,No,Yes,63.09,Medium,Yes,1
Scholarship Scheme 3187,Doctorate,Male,General,Sikh,Yes,Yes,Yes,94.15,Medium,Yes,0
Scholarship Scheme 3188,High School,All,SC,Muslim,No,Yes,Yes,84.5,Medium,Yes,0
Scholarship Scheme 3189,Postgraduate,Female,General,Hindu,No,No,Yes,83.24,Low,Yes,1
Scholarship Scheme 3190,Postgraduate,Male,ST,Muslim,Yes,No,No,68.23,Low,Yes,1
Scholarship Scheme 3191,Postgraduate,Female,OBC,Muslim,Yes,Yes,No,52.96,Low,Yes,0
Scholarship Scheme 3192,High School,Male,SC,Muslim,No,Yes,Yes,91.42,Low,Yes,0
Scholarship Scheme 3193,Doctorate,Male,ST,Muslim,Yes,Yes,No,58.53,Medium,Yes,0
Scholarship Scheme 3194,Undergraduate,Female,SC,Christian,No,Yes,Yes,68.58,Low,Yes,0
Scholarship Scheme 3195,Postgraduate,Female,General,Hindu,No,No,Yes,79.96,High,Yes,0
Scholarship Scheme 3196,High School,Male,General,Christian,Yes,No,No,74.06,High,Yes,1
Scholarship Scheme 3197,High School,Male,ST,Sikh,Yes,Yes,Yes,59.91,Low,Yes,1
Scholarship Scheme 3198,Undergraduate,Female,ST,Sikh,No,Yes,No,57.02,High,Yes,1
Scholarship Scheme 3199,Undergraduate,All,OBC,Muslim,Yes,Yes,No,56.15,High,Yes,0
Scholarship Scheme 3200,High School,Female,ST,Christian,Yes,No,No,93.06,Low,Yes,0
Scholarship Scheme 3201,Doctorate,Male,ST,Christian,Yes,No,No,51.57,Medium,Yes,0
Scholarship Scheme 3202,Undergraduate,Female,SC,Hindu,Yes,No,No,98.75,Medium,Yes,0
Scholarship Scheme 3203,High School,All,General,Hindu,Yes,Yes,No,59.91,Medium,Yes,1
Scholarship Scheme 3204,Undergraduate,Female,ST,Hindu,Yes,No,No,55.51,Low,Yes,1
Scholarship Scheme 3205,Doctorate,Male,OBC,Christian,Yes,Yes,No,78.79,Medium,Yes,0
Scholarship Scheme 3206,Postgraduate,Female,ST,Hindu,No,Yes,No,53.99,Medium,Yes,1
Scholarship Scheme 3207,Undergraduate,Male,General,Hindu,Yes,No,Yes,80.06,High,Yes,1
Scholarship Scheme 3208,Doctorate,Male,ST,Hindu,No,Yes,No,92.45,Medium,Yes,0
Scholarship Scheme 3209,High School,Female,SC,Muslim,Yes,No,Yes,52.39,Low,Yes,0
Scholarship Scheme 3210,Undergraduate,Male,General,Sikh,No,No,No,89.91,Medium,Yes,0
Scholarship Scheme 3211,Undergraduate,Male,ST,Sikh,Yes,Yes,Yes,69.68,High,Yes,0
Scholarship Scheme 3212,High School,All,SC,Christian,No,Yes,No,57.96,High,Yes,0
Scholarship Scheme 3213,Postgraduate,All,General,Christian,Yes,No,No,58.79,High,Yes,0
Scholarship Scheme 3214,High School,All,ST,Muslim,No,No,No,95.85,High,Yes,1
Scholarship Scheme 3215,Undergraduate,All,SC,Sikh,Yes,No,Yes,55.52,Medium,Yes,0
Scholarship Scheme 3216,High School,Male,OBC,Hindu,Yes,No,Yes,93.25,High,Yes,0
Scholarship Scheme 3217,Doctorate,Female,SC,Hindu,No,No,No,77.16,High,Yes,1
Scholarship Scheme 3218,High School,Male,OBC,Christian,No,No,Yes,51.95,High,Yes,1
Scholarship Scheme 3219,Undergraduate,Male,ST,Sikh,Yes,No,No,73.18,Medium,Yes,0
Scholarship Scheme 3220,High School,Male,SC,Christian,No,Yes,Yes,90.79,Low,Yes,0
Scholarship Scheme 3221,Postgraduate,Female,OBC,Christian,No,No,Yes,86.24,High,Yes,1
Scholarship Scheme 3222,High School,All,General,Hindu,Yes,Yes,Yes,74.39,High,Yes,1
Scholarship Scheme 3223,Postgraduate,Male,SC,Hindu,No,Yes,No,92.92,High,Yes,1
Scholarship Scheme 3224,Doctorate,Male,ST,Sikh,Yes,No,Yes,56.01,Medium,Yes,0
Scholarship Scheme 3225,Postgraduate,All,General,Christian,No,No,Yes,95.41,Medium,Yes,1
Scholarship Scheme 3226,High School,Male,OBC,Muslim,Yes,No,No,92.24,High,Yes,0
Scholarship Scheme 3227,Undergraduate,Female,SC,Sikh,No,No,No,85.34,Low,Yes,1
Scholarship Scheme 3228,Postgraduate,Male,SC,Christian,Yes,No,Yes,90.81,High,Yes,0
Scholarship Scheme 3229,Doctorate,Male,ST,Sikh,Yes,Yes,Yes,77.14,Low,Yes,0
Scholarship Scheme 3230,Postgraduate,All,General,Sikh,No,Yes,No,83.69,Low,Yes,0
Scholarship Scheme 3231,Postgraduate,Male,SC,Sikh,No,No,No,77.97,Medium,Yes,0
Scholarship Scheme 3232,Postgraduate,Male,SC,Muslim,Yes,No,No,67.74,Medium,Yes,0
Scholarship Scheme 3233,Doctorate,Female,General,Muslim,Yes,No,No,78.39,Medium,Yes,0
Scholarship Scheme 3234,High School,All,SC,Hindu,No,No,No,62.85,Low,Yes,0
Scholarship Scheme 3235,Postgraduate,All,General,Hindu,No,Yes,Yes,71.97,Low,Yes,0
Scholarship Scheme 3236,Postgraduate,Female,General,Christian,No,Yes,No,64.01,Low,Yes,1
Scholarship Scheme 3237,Undergraduate,Male,General,Sikh,No,Yes,No,56.13,Medium,Yes,0
Scholarship Scheme 3238,Doctorate,All,ST,Christian,No,No,Yes,66.06,Medium,Yes,1
Scholarship Scheme 3239,Postgraduate,All,General,Hindu,No,No,No,92.51,Medium,Yes,1
Scholarship Scheme 3240,Doctorate,Male,General,Muslim,Yes,No,No,69.02,High,Yes,0
Scholarship Scheme 3241,Postgraduate,Male,OBC,Hindu,No,Yes,No,87.33,Low,Yes,0
Scholarship Scheme 3242,High School,All,OBC,Christian,No,Yes,Yes,58.74,Low,Yes,1
Scholarship Scheme 3243,High School,Male,ST,Hindu,No,Yes,No,71.18,High,Yes,0
Scholarship Scheme 3244,Postgraduate,All,General,Christian,No,No,No,55.73,Low,Yes,0
Scholarship Scheme 3245,High School,Male,OBC,Christian,Yes,Yes,No,56.92,Low,Yes,0
Scholarship Scheme 3246,Postgraduate,Male,OBC,Christian,Yes,No,No,80.81,High,Yes,0
Scholarship Scheme 3247,High School,Female,SC,Christian,Yes,Yes,Yes,80.31,Low,Yes,0
Scholarship Scheme 3248,Undergraduate,Male,General,Hindu,Yes,No,Yes,60.65,Medium,Yes,1
Scholarship Scheme 3249,Undergraduate,Female,OBC,Christian,No,No,No,73.67,High,Yes,1
Scholarship Scheme 3250,Undergraduate,Male,ST,Christian,Yes,No,No,93.08,Low,Yes,1
Scholarship Scheme 3251,Doctorate,All,SC,Sikh,No,No,No,58.69,Medium,Yes,0
Scholarship Scheme 3252,Doctorate,All,SC,Christian,No,Yes,No,50.96,Low,Yes,1
Scholarship Scheme 3253,Undergraduate,Male,General,Hindu,Yes,Yes,No,82.53,High,Yes,1
Scholarship Scheme 3254,Doctorate,Male,General,Christian,Yes,Yes,No,52.67,Medium,Yes,1
Scholarship Scheme 3255,High School,All,SC,Muslim,No,No,No,98.9,Low,Yes,0
Scholarship Scheme 3256,Postgraduate,Male,ST,Muslim,Yes,Yes,Yes,80.42,High,Yes,0
Scholarship Scheme 3257,Postgraduate,Female,General,Christian,Yes,No,No,73.47,Low,Yes,1
Scholarship Scheme 3258,Postgraduate,Female,General,Muslim,No,Yes,Yes,71.46,Low,Yes,0
Scholarship Scheme 3259,Undergraduate,Female,SC,Muslim,No,Yes,Yes,78.6,Medium,Yes,1
Scholarship Scheme 3260,Doctorate,Female,SC,Hindu,No,No,No,54.52,Low,Yes,0
Scholarship Scheme 3261,High School,Female,General,Sikh,No,No,Yes,96.41,High,Yes,1
Scholarship Scheme 3262,High School,Male,OBC,Muslim,No,No,Yes,81.22,High,Yes,0
Scholarship Scheme 3263,Undergraduate,Male,General,Muslim,Yes,Yes,Yes,59.18,Medium,Yes,0
Scholarship Scheme 3264,High School,Female,OBC,Sikh,No,No,No,78.07,Medium,Yes,0
Scholarship Scheme 3265,High School,Male,SC,Sikh,No,Yes,Yes,56.65,Low,Yes,1
Scholarship Scheme 3266,High School,Male,OBC,Muslim,No,Yes,Yes,50.88,High,Yes,1
Scholarship Scheme 3267,High School,Female,ST,Christian,Yes,Yes,No,81.46,Medium,Yes,0
Scholarship Scheme 3268,Doctorate,Male,SC,Muslim,No,No,No,82.36,Low,Yes,0
Scholarship Scheme 3269,High School,Male,General,Christian,No,Yes,Yes,79.13,Low,Yes,0
Scholarship Scheme 3270,Postgraduate,Male,General,Christian,Yes,No,No,59.16,High,Yes,0
Scholarship Scheme 3271,Undergraduate,Female,SC,Christian,No,No,No,80.11,High,Yes,1
Scholarship Scheme 3272,Doctorate,Male,SC,Sikh,No,Yes,Yes,52.82,Low,Yes,0
Scholarship Scheme 3273,High School,All,ST,Muslim,No,Yes,Yes,80.4,High,Yes,0
Scholarship Scheme 3274,Doctorate,All,SC,Muslim,Yes,Yes,Yes,77.65,Low,Yes,1
Scholarship Scheme 3275,High School,Female,General,Hindu,Yes,Yes,No,82.7,Low,Yes,0
Scholarship Scheme 3276,Postgraduate,All,ST,Sikh,No,No,Yes,94.68,High,Yes,1
Scholarship Scheme 3277,Undergraduate,Female,General,Hindu,No,No,Yes,92.43,Medium,Yes,0
Scholarship Scheme 3278,High School,All,OBC,Hindu,No,No,No,98.93,Low,Yes,0
Scholarship Scheme 3279,High School,All,SC,Christian,Yes,No,No,98.71,High,Yes,1
Scholarship Scheme 3280,High School,All,OBC,Sikh,Yes,No,No,88.54,Low,Yes,0
Scholarship Scheme 3281,High School,Female,General,Hindu,Yes,No,No,97.73,Low,Yes,0
Scholarship Scheme 3282,Undergraduate,Female,OBC,Muslim,Yes,No,Yes,93.28,Low,Yes,1
Scholarship Scheme 3283,Undergraduate,Male,OBC,Hindu,Yes,No,Yes,86.31,High,Yes,1
Scholarship Scheme 3284,Postgraduate,Female,General,Sikh,Yes,No,Yes,53.76,High,Yes,1
Scholarship Scheme 3285,Undergraduate,All,General,Muslim,No,Yes,No,52.45,High,Yes,1
Scholarship Scheme 3286,High School,All,SC,Muslim,Yes,Yes,Yes,91.8,Medium,Yes,0
Scholarship Scheme 3287,Postgraduate,Female,OBC,Muslim,No,No,No,74.43,Low,Yes,0
Scholarship Scheme 3288,Postgraduate,Female,ST,Christian,Yes,No,No,90.65,Medium,Yes,1
Scholarship Scheme 3289,Postgraduate,Female,ST,Muslim,No,Yes,No,65.61,Low,Yes,0
Scholarship Scheme 3290,High School,Male,General,Christian,Yes,Yes,Yes,69.84,High,Yes,0
Scholarship Scheme 3291,Doctorate,All,General,Christian,No,Yes,No,84.94,Low,Yes,0
Scholarship Scheme 3292,High School,Male,OBC,Hindu,No,No,Yes,95.67,Low,Yes,0
Scholarship Scheme 3293,Undergraduate,Male,General,Hindu,No,Yes,Yes,54.38,Low,Yes,0
Scholarship Scheme 3294,Undergraduate,All,ST,Muslim,Yes,Yes,Yes,92.99,Medium,Yes,0
Scholarship Scheme 3295,High School,All,SC,Sikh,Yes,Yes,No,89.57,High,Yes,1
Scholarship Scheme 3296,High School,Female,SC,Muslim,Yes,Yes,Yes,65.75,High,Yes,0
Scholarship Scheme 3297,Postgraduate,Female,OBC,Hindu,No,Yes,Yes,67.73,Low,Yes,1
Scholarship Scheme 3298,High School,Male,SC,Muslim,No,No,No,52.32,High,Yes,1
Scholarship Scheme 3299,Postgraduate,Female,General,Hindu,No,Yes,Yes,50.79,Medium,Yes,0
Scholarship Scheme 3300,Undergraduate,Female,General,Muslim,Yes,No,No,73.8,Medium,Yes,0
Scholarship Scheme 3301,Postgraduate,All,General,Sikh,Yes,Yes,Yes,54.77,High,Yes,0
Scholarship Scheme 3302,High School,All,General,Muslim,No,Yes,No,59.68,Medium,Yes,0
Scholarship Scheme 3303,Undergraduate,Female,OBC,Sikh,Yes,Yes,No,92.25,Medium,Yes,1
Scholarship Scheme 3304,Doctorate,All,SC,Sikh,Yes,Yes,No,78.49,High,Yes,0
Scholarship Scheme 3305,Postgraduate,Female,ST,Muslim,Yes,Yes,No,81.62,High,Yes,0
Scholarship Scheme 3306,Undergraduate,All,SC,Sikh,Yes,No,No,59.36,Low,Yes,0
Scholarship Scheme 3307,Postgraduate,All,General,Sikh,No,No,Yes,91.35,Low,Yes,1
Scholarship Scheme 3308,Undergraduate,All,ST,Hindu,Yes,No,Yes,93.31,Medium,Yes,0
Scholarship Scheme 3309,Undergraduate,All,OBC,Hindu,Yes,No,Yes,76.11,High,Yes,1
Scholarship Scheme 3310,Postgraduate,Female,General,Sikh,No,No,Yes,95.54,Medium,Yes,1
Scholarship Scheme 3311,Doctorate,Male,General,Christian,No,No,No,92.16,High,Yes,0
Scholarship Scheme 3312,Undergraduate,All,ST,Muslim,Yes,No,No,86.49,Medium,Yes,0
Scholarship Scheme 3313,Undergraduate,Female,OBC,Sikh,Yes,Yes,Yes,86.63,Medium,Yes,0
Scholarship Scheme 3314,Undergraduate,Female,ST,Muslim,Yes,No,No,55.26,Medium,Yes,0
Scholarship Scheme 3315,Doctorate,All,OBC,Hindu,Yes,Yes,Yes,63.51,Low,Yes,0
Scholarship Scheme 3316,Doctorate,Male,General,Muslim,No,Yes,No,53.34,High,Yes,0
Scholarship Scheme 3317,High School,All,SC,Sikh,No,No,No,50.43,Medium,Yes,0
Scholarship Scheme 3318,Postgraduate,Female,General,Sikh,No,Yes,Yes,57.9,Low,Yes,1
Scholarship Scheme 3319,Doctorate,Male,SC,Sikh,Yes,Yes,Yes,93.94,Medium,Yes,1
Scholarship Scheme 3320,Postgraduate,Female,SC,Sikh,Yes,No,No,61.97,Medium,Yes,1
Scholarship Scheme 3321,High School,All,OBC,Christian,No,Yes,Yes,98.41,High,Yes,0
Scholarship Scheme 3322,Postgraduate,Male,ST,Christian,Yes,No,Yes,79.8,Medium,Yes,1
Scholarship Scheme 3323,Doctorate,Female,OBC,Christian,No,Yes,Yes,61.84,High,Yes,0
Scholarship Scheme 3324,Postgraduate,Female,General,Sikh,No,No,Yes,74.81,Low,Yes,0
Scholarship Scheme 3325,Doctorate,Female,ST,Christian,No,Yes,No,60.93,Low,Yes,0
Scholarship Scheme 3326,Postgraduate,All,SC,Muslim,No,No,No,99.1,Medium,Yes,0
Scholarship Scheme 3327,Doctorate,Male,SC,Sikh,No,Yes,No,92.28,Low,Yes,0
Scholarship Scheme 3328,Doctorate,All,General,Hindu,No,No,No,51.31,High,Yes,1
Scholarship Scheme 3329,Postgraduate,All,ST,Sikh,No,Yes,Yes,97.29,High,Yes,0
Scholarship Scheme 3330,High School,All,General,Muslim,Yes,Yes,Yes,85.98,Low,Yes,0
Scholarship Scheme 3331,Undergraduate,Male,General,Christian,No,No,Yes,54.11,High,Yes,0
Scholarship Scheme 3332,High School,All,OBC,Sikh,No,Yes,No,83.46,High,Yes,1
Scholarship Scheme 3333,Postgraduate,All,General,Christian,Yes,No,No,82.28,Medium,Yes,1
Scholarship Scheme 3334,High School,All,ST,Sikh,No,Yes,No,60.92,Medium,Yes,1
Scholarship Scheme 3335,Doctorate,All,General,Muslim,Yes,Yes,No,87.85,High,Yes,0
Scholarship Scheme 3336,Undergraduate,Female,ST,Sikh,No,No,Yes,54.34,Low,Yes,1
Scholarship Scheme 3337,Postgraduate,All,SC,Christian,Yes,Yes,Yes,74.42,High,Yes,0
Scholarship Scheme 3338,Postgraduate,Female,General,Christian,Yes,No,Yes,50.5,Medium,Yes,1
Scholarship Scheme 3339,Postgraduate,All,ST,Muslim,Yes,Yes,No,98.34,Low,Yes,1
Scholarship Scheme 3340,Undergraduate,Male,SC,Sikh,No,Yes,No,87.5,High,Yes,0
Scholarship Scheme 3341,Doctorate,Female,ST,Hindu,Yes,Yes,No,57.93,Low,Yes,1
Scholarship Scheme 3342,Postgraduate,Female,SC,Sikh,No,Yes,No,67.05,Low,Yes,0
Scholarship Scheme 3343,High School,Female,OBC,Muslim,No,No,No,58.01,Low,Yes,0
Scholarship Scheme 3344,Postgraduate,Female,General,Hindu,No,No,No,88.25,High,Yes,1
Scholarship Scheme 3345,Postgraduate,Male,General,Muslim,No,Yes,Yes,52.94,Medium,Yes,0
Scholarship Scheme 3346,Postgraduate,All,SC,Sikh,No,Yes,No,91.94,Low,Yes,1
Scholarship Scheme 3347,Postgraduate,Female,OBC,Hindu,No,No,No,97.02,Low,Yes,0
Scholarship Scheme 3348,Doctorate,Male,ST,Muslim,No,Yes,No,83.76,High,Yes,1
Scholarship Scheme 3349,High School,Female,OBC,Christian,Yes,No,Yes,60.63,Medium,Yes,1
Scholarship Scheme 3350,Doctorate,All,ST,Hindu,No,Yes,Yes,67.97,Medium,Yes,1
Scholarship Scheme 3351,High School,Female,ST,Hindu,No,Yes,No,73.81,High,Yes,0
Scholarship Scheme 3352,Postgraduate,Male,General,Muslim,Yes,No,Yes,80.17,Low,Yes,0
Scholarship Scheme 3353,Undergraduate,All,SC,Christian,No,Yes,Yes,83.37,High,Yes,1
Scholarship Scheme 3354,Doctorate,Male,General,Hindu,Yes,No,Yes,77.66,Medium,Yes,1
Scholarship Scheme 3355,Undergraduate,All,General,Muslim,Yes,No,No,67.53,Low,Yes,0
Scholarship Scheme 3356,Doctorate,All,General,Hindu,No,No,Yes,94.46,Low,Yes,0
Scholarship Scheme 3357,Postgraduate,All,ST,Hindu,No,No,Yes,54.06,Medium,Yes,1
Scholarship Scheme 3358,Doctorate,Female,General,Hindu,Yes,No,Yes,73.27,Low,Yes,1
Scholarship Scheme 3359,Postgraduate,Male,ST,Christian,No,No,No,88.7,High,Yes,1
Scholarship Scheme 3360,Doctorate,Male,SC,Sikh,Yes,Yes,Yes,53.04,Medium,Yes,1
Scholarship Scheme 3361,Postgraduate,Male,ST,Sikh,Yes,No,No,85.2,Medium,Yes,0
Scholarship Scheme 3362,Postgraduate,All,ST,Christian,No,No,Yes,90.9,Low,Yes,1
Scholarship Scheme 3363,High School,Female,OBC,Christian,Yes,Yes,No,82.98,Medium,Yes,0
Scholarship Scheme 3364,Postgraduate,All,General,Muslim,No,No,No,50.65,High,Yes,0
Scholarship Scheme 3365,High School,Male,General,Hindu,No,Yes,No,58.99,Medium,Yes,0
Scholarship Scheme 3366,Postgraduate,Female,General,Christian,Yes,No,No,67.07,Low,Yes,0
Scholarship Scheme 3367,Undergraduate,Female,General,Muslim,Yes,No,No,61.66,Medium,Yes,0
Scholarship Scheme 3368,Postgraduate,Female,OBC,Sikh,No,No,Yes,98.04,Low,Yes,1
Scholarship Scheme 3369,Undergraduate,Male,OBC,Sikh,No,Yes,Yes,82.51,Low,Yes,1
Scholarship Scheme 3370,Undergraduate,Female,OBC,Sikh,No,Yes,Yes,64.82,High,Yes,1
Scholarship Scheme 3371,Postgraduate,Female,OBC,Sikh,Yes,No,No,96.39,Medium,Yes,0
Scholarship Scheme 3372,Undergraduate,All,General,Muslim,No,No,No,86.96,High,Yes,1
Scholarship Scheme 3373,High School,All,ST,Hindu,Yes,Yes,No,64.2,High,Yes,1
Scholarship Scheme 3374,Doctorate,Female,SC,Muslim,Yes,Yes,Yes,68.91,Medium,Yes,0
Scholarship Scheme 3375,Postgraduate,Female,OBC,Hindu,Yes,Yes,No,59.95,High,Yes,0
Scholarship Scheme 3376,Undergraduate,All,ST,Sikh,No,No,No,98.46,High,Yes,0
Scholarship Scheme 3377,Postgraduate,All,OBC,Christian,Yes,Yes,No,75.81,Low,Yes,0
Scholarship Scheme 3378,High School,All,General,Christian,No,Yes,No,94.71,High,Yes,0
Scholarship Scheme 3379,Postgraduate,Male,General,Christian,Yes,Yes,Yes,67.29,Medium,Yes,1
Scholarship Scheme 3380,Postgraduate,Male,ST,Hindu,No,Yes,No,92.96,Low,Yes,1
Scholarship Scheme 3381,Undergraduate,All,ST,Sikh,No,Yes,No,52.69,High,Yes,1
Scholarship Scheme 3382,High School,Female,ST,Muslim,Yes,Yes,No,99.01,High,Yes,1
Scholarship Scheme 3383,Doctorate,All,General,Christian,No,Yes,No,95.51,Medium,Yes,0
Scholarship Scheme 3384,Doctorate,Male,General,Hindu,Yes,No,Yes,68.12,High,Yes,0
Scholarship Scheme 3385,Undergraduate,Female,SC,Christian,Yes,Yes,No,88.66,Medium,Yes,0
Scholarship Scheme 3386,Postgraduate,Male,ST,Muslim,Yes,No,Yes,87.54,High,Yes,0
Scholarship Scheme 3387,Undergraduate,Female,SC,Sikh,Yes,No,Yes,94.97,High,Yes,1
Scholarship Scheme 3388,Undergraduate,Male,OBC,Muslim,Yes,Yes,No,65.33,Medium,Yes,1
Scholarship Scheme 3389,Undergraduate,Female,SC,Sikh,Yes,No,No,73.23,Low,Yes,0
Scholarship Scheme 3390,Postgraduate,Female,OBC,Sikh,Yes,No,Yes,93.16,Medium,Yes,0
Scholarship Scheme 3391,High School,Female,OBC,Sikh,No,Yes,No,88.85,Low,Yes,1
Scholarship Scheme 3392,Undergraduate,Female,SC,Christian,Yes,No,No,69.63,Low,Yes,1
Scholarship Scheme 3393,Postgraduate,Male,ST,Muslim,Yes,Yes,Yes,92.2,Medium,Yes,1
Scholarship Scheme 3394,High School,Male,OBC,Christian,No,Yes,Yes,52.34,Medium,Yes,0
Scholarship Scheme 3395,Undergraduate,Female,ST,Muslim,No,Yes,Yes,89.02,High,Yes,0
Scholarship Scheme 3396,Doctorate,Female,General,Hindu,Yes,Yes,Yes,60.32,High,Yes,0
Scholarship Scheme 3397,High School,Male,OBC,Hindu,Yes,Yes,Yes,64.28,Low,Yes,1
Scholarship Scheme 3398,Undergraduate,Female,General,Muslim,Yes,Yes,Yes,74.61,High,Yes,0
Scholarship Scheme 3399,High School,Female,SC,Muslim,No,Yes,No,72.44,Medium,Yes,0
Scholarship Scheme 3400,High School,Female,ST,Muslim,Yes,No,No,75.98,Low,Yes,1
Scholarship Scheme 3401,High School,All,SC,Muslim,No,Yes,No,77.18,High,Yes,0
Scholarship Scheme 3402,High School,Female,OBC,Sikh,Yes,No,No,66.54,High,Yes,1
Scholarship Scheme 3403,High School,All,General,Christian,Yes,Yes,No,58.74,Medium,Yes,0
Scholarship Scheme 3404,High School,Female,OBC,Sikh,No,Yes,No,88.35,Medium,Yes,0
Scholarship Scheme 3405,Undergraduate,Male,SC,Christian,Yes,Yes,No,69.96,High,Yes,1
Scholarship Scheme 3406,Doctorate,All,ST,Christian,Yes,No,No,75.24,Low,Yes,0
Scholarship Scheme 3407,Postgraduate,All,ST,Christian,Yes,No,No,82.17,Low,Yes,0
Scholarship Scheme 3408,High School,Female,OBC,Sikh,No,No,Yes,95.39,Medium,Yes,0
Scholarship Scheme 3409,Postgraduate,Female,OBC,Muslim,Yes,No,Yes,85.31,Medium,Yes,1
Scholarship Scheme 3410,Undergraduate,All,General,Sikh,Yes,No,No,52.27,Medium,Yes,1
Scholarship Scheme 3411,High School,Male,SC,Sikh,No,No,No,91.84,High,Yes,1
Scholarship Scheme 3412,Doctorate,Male,OBC,Christian,No,Yes,Yes,99.37,High,Yes,1
Scholarship Scheme 3413,Postgraduate,Female,General,Hindu,Yes,Yes,Yes,73.58,Medium,Yes,1
Scholarship Scheme 3414,High School,Male,OBC,Hindu,Yes,No,Yes,98.38,Low,Yes,0
Scholarship Scheme 3415,Undergraduate,Male,ST,Sikh,No,No,No,77.31,Medium,Yes,1
Scholarship Scheme 3416,Doctorate,Female,General,Christian,Yes,No,Yes,72.93,Medium,Yes,0
Scholarship Scheme 3417,Postgraduate,Male,General,Sikh,Yes,No,Yes,66.54,Low,Yes,1
Scholarship Scheme 3418,Postgraduate,Female,OBC,Sikh,No,No,Yes,82.81,Low,Yes,1
Scholarship Scheme 3419,High School,All,SC,Muslim,Yes,Yes,No,61.47,Low,Yes,1
Scholarship Scheme 3420,Doctorate,Female,ST,Christian,Yes,Yes,Yes,55.24,Low,Yes,0
Scholarship Scheme 3421,Doctorate,All,SC,Hindu,No,Yes,No,51.36,High,Yes,1
Scholarship Scheme 3422,Doctorate,All,General,Hindu,Yes,Yes,Yes,64.59,High,Yes,0
Scholarship Scheme 3423,Doctorate,Male,SC,Hindu,Yes,Yes,Yes,69.75,Medium,Yes,0
Scholarship Scheme 3424,Undergraduate,Male,General,Sikh,Yes,Yes,No,77.55,High,Yes,1
Scholarship Scheme 3425,Doctorate,Male,SC,Christian,No,Yes,Yes,64.61,Medium,Yes,0
Scholarship Scheme 3426,Postgraduate,Female,OBC,Muslim,Yes,Yes,Yes,99.1,Medium,Yes,0
Scholarship Scheme 3427,Postgraduate,Male,SC,Hindu,No,No,Yes,64.56,Low,Yes,1
Scholarship Scheme 3428,Undergraduate,All,General,Christian,No,No,No,72.0,Low,Yes,1
Scholarship Scheme 3429,Postgraduate,Male,ST,Hindu,Yes,Yes,No,55.15,High,Yes,1
Scholarship Scheme 3430,Postgraduate,Male,ST,Muslim,No,Yes,No,63.01,High,Yes,1
Scholarship Scheme 3431,Doctorate,Female,ST,Christian,Yes,Yes,Yes,52.41,High,Yes,0
Scholarship Scheme 3432,Postgraduate,Female,General,Sikh,Yes,No,No,77.92,High,Yes,0
Scholarship Scheme 3433,Undergraduate,All,SC,Sikh,Yes,No,Yes,87.48,Low,Yes,0
Scholarship Scheme 3434,Doctorate,Female,ST,Hindu,No,Yes,Yes,59.77,Low,Yes,0
Scholarship Scheme 3435,High School,Male,ST,Hindu,Yes,No,Yes,68.36,High,Yes,1
Scholarship Scheme 3436,Doctorate,Female,ST,Christian,Yes,Yes,Yes,50.83,Medium,Yes,0
Scholarship Scheme 3437,Undergraduate,All,OBC,Muslim,Yes,Yes,Yes,91.89,Low,Yes,0
Scholarship Scheme 3438,Doctorate,Male,General,Hindu,No,Yes,Yes,88.92,Low,Yes,1
Scholarship Scheme 3439,Doctorate,All,General,Christian,No,Yes,Yes,53.16,Low,Yes,0
Scholarship Scheme 3440,Undergraduate,Female,General,Muslim,Yes,Yes,Yes,68.21,Low,Yes,0
Scholarship Scheme 3441,Doctorate,Female,General,Hindu,Yes,No,No,97.67,High,Yes,0
Scholarship Scheme 3442,Undergraduate,All,General,Hindu,Yes,Yes,No,69.56,High,Yes,0
Scholarship Scheme 3443,Undergraduate,Male,OBC,Christian,Yes,Yes,Yes,76.26,Medium,Yes,0
Scholarship Scheme 3444,High School,Female,SC,Hindu,No,Yes,No,67.73,Low,Yes,1
Scholarship Scheme 3445,Postgraduate,Female,OBC,Sikh,No,Yes,No,79.75,High,Yes,1
Scholarship Scheme 3446,Postgraduate,Male,ST,Muslim,No,No,No,98.81,High,Yes,0
Scholarship Scheme 3447,Doctorate,Female,OBC,Muslim,No,Yes,Yes,99.78,Low,Yes,0
Scholarship Scheme 3448,Doctorate,All,General,Sikh,No,Yes,No,88.66,High,Yes,1
Scholarship Scheme 3449,High School,Female,OBC,Christian,No,No,Yes,70.18,High,Yes,0
Scholarship Scheme 3450,High School,Female,General,Sikh,No,Yes,No,74.67,High,Yes,0
Scholarship Scheme 3451,High School,Male,OBC,Sikh,Yes,Yes,No,67.8,Medium,Yes,0
Scholarship Scheme 3452,Undergraduate,All,General,Muslim,Yes,Yes,No,99.18,High,Yes,1
Scholarship Scheme 3453,High School,Male,ST,Christian,Yes,Yes,Yes,85.32,Low,Yes,1
Scholarship Scheme 3454,High School,Female,General,Hindu,Yes,No,Yes,72.4,Low,Yes,1
Scholarship Scheme 3455,Doctorate,Female,OBC,Sikh,Yes,Yes,Yes,50.6,Low,Yes,1
Scholarship Scheme 3456,High School,Male,ST,Sikh,Yes,Yes,Yes,75.97,High,Yes,0
Scholarship Scheme 3457,Undergraduate,Male,OBC,Christian,No,No,Yes,99.1,Medium,Yes,1
Scholarship Scheme 3458,Undergraduate,Male,ST,Sikh,Yes,Yes,Yes,76.1,High,Yes,0
Scholarship Scheme 3459,Doctorate,All,SC,Christian,No,Yes,Yes,59.1,Low,Yes,1
Scholarship Scheme 3460,High School,Female,SC,Hindu,Yes,No,Yes,51.1,Medium,Yes,1
Scholarship Scheme 3461,High School,Male,SC,Christian,No,Yes,Yes,67.7,Medium,Yes,1
Scholarship Scheme 3462,Undergraduate,Female,OBC,Hindu,No,No,No,95.82,High,Yes,1
Scholarship Scheme 3463,High School,All,OBC,Christian,Yes,Yes,No,99.73,Low,Yes,0
Scholarship Scheme 3464,High School,All,ST,Sikh,Yes,No,Yes,97.17,High,Yes,1
Scholarship Scheme 3465,High School,All,ST,Hindu,Yes,Yes,No,86.4,Low,Yes,1
Scholarship Scheme 3466,Postgraduate,All,ST,Sikh,Yes,Yes,No,77.85,Medium,Yes,0
Scholarship Scheme 3467,Doctorate,Female,ST,Hindu,Yes,No,Yes,79.48,High,Yes,1
Scholarship Scheme 3468,Postgraduate,All,General,Christian,No,Yes,Yes,76.9,Medium,Yes,1
Scholarship Scheme 3469,Doctorate,All,SC,Christian,Yes,No,No,85.28,Low,Yes,0
Scholarship Scheme 3470,Undergraduate,Male,General,Christian,No,No,Yes,70.9,Medium,Yes,0
Scholarship Scheme 3471,High School,All,General,Muslim,No,No,No,83.39,Medium,Yes,0
Scholarship Scheme 3472,Doctorate,Male,General,Muslim,No,No,Yes,56.07,Medium,Yes,0
Scholarship Scheme 3473,Postgraduate,All,General,Hindu,Yes,Yes,No,63.26,High,Yes,0
Scholarship Scheme 3474,High School,All,SC,Muslim,Yes,No,Yes,91.72,Low,Yes,0
Scholarship Scheme 3475,Undergraduate,Male,General,Christian,Yes,Yes,No,95.1,Medium,Yes,1
Scholarship Scheme 3476,Doctorate,All,ST,Muslim,Yes,Yes,No,76.9,Medium,Yes,0
Scholarship Scheme 3477,Doctorate,Female,OBC,Muslim,Yes,No,No,51.58,Medium,Yes,1
Scholarship Scheme 3478,Doctorate,Female,ST,Sikh,Yes,No,No,96.26,Medium,Yes,0
Scholarship Scheme 3479,High School,All,OBC,Hindu,No,Yes,Yes,85.03,Low,Yes,1
Scholarship Scheme 3480,Postgraduate,Female,ST,Hindu,Yes,No,No,70.66,Low,Yes,0
Scholarship Scheme 3481,Postgraduate,Male,ST,Hindu,No,Yes,Yes,79.86,High,Yes,1
Scholarship Scheme 3482,Doctorate,All,OBC,Muslim,No,No,No,71.45,Low,Yes,1
Scholarship Scheme 3483,Undergraduate,All,SC,Christian,Yes,Yes,Yes,73.22,Low,Yes,1
Scholarship Scheme 3484,Undergraduate,Male,General,Sikh,Yes,Yes,No,94.25,Medium,Yes,0
Scholarship Scheme 3485,Postgraduate,Male,ST,Hindu,Yes,No,Yes,58.04,High,Yes,0
Scholarship Scheme 3486,Undergraduate,Male,SC,Muslim,Yes,Yes,No,55.17,High,Yes,0
Scholarship Scheme 3487,Postgraduate,All,General,Christian,Yes,Yes,No,50.14,Medium,Yes,0
Scholarship Scheme 3488,Doctorate,Male,SC,Sikh,Yes,No,Yes,65.67,High,Yes,0
Scholarship Scheme 3489,Postgraduate,Male,SC,Sikh,No,No,No,57.36,Low,Yes,0
Scholarship Scheme 3490,Postgraduate,Female,General,Hindu,No,No,No,60.98,High,Yes,1
Scholarship Scheme 3491,Doctorate,Female,ST,Hindu,No,No,No,50.56,Medium,Yes,1
Scholarship Scheme 3492,Undergraduate,All,SC,Christian,No,No,No,61.34,High,Yes,1
Scholarship Scheme 3493,Postgraduate,Female,ST,Muslim,No,Yes,Yes,66.6,High,Yes,0
Scholarship Scheme 3494,Postgraduate,Female,ST,Christian,No,Yes,No,51.58,High,Yes,0
Scholarship Scheme 3495,Doctorate,Male,ST,Hindu,Yes,No,Yes,80.33,Medium,Yes,1
Scholarship Scheme 3496,Undergraduate,Male,General,Christian,Yes,Yes,Yes,78.38,Low,Yes,0
Scholarship Scheme 3497,Postgraduate,Female,OBC,Muslim,Yes,Yes,Yes,54.84,High,Yes,0
Scholarship Scheme 3498,Doctorate,Female,ST,Sikh,No,Yes,Yes,79.69,Low,Yes,0
Scholarship Scheme 3499,Postgraduate,Female,OBC,Sikh,No,Yes,No,99.83,Low,Yes,1
Scholarship Scheme 3500,High School,All,OBC,Sikh,No,Yes,No,97.13,Low,Yes,1
Scholarship Scheme 3501,Doctorate,All,SC,Sikh,Yes,No,Yes,50.13,High,Yes,1
Scholarship Scheme 3502,Undergraduate,All,ST,Hindu,Yes,No,No,89.69,Low,Yes,1
Scholarship Scheme 3503,Undergraduate,Female,ST,Hindu,Yes,Yes,No,67.64,High,Yes,1
Scholarship Scheme 3504,Undergraduate,Female,ST,Muslim,No,Yes,Yes,53.18,High,Yes,1
Scholarship Scheme 3505,Undergraduate,All,OBC,Muslim,No,No,Yes,64.77,High,Yes,0
Scholarship Scheme 3506,Postgraduate,All,General,Muslim,No,No,Yes,66.05,Low,Yes,1
Scholarship Scheme 3507,Postgraduate,Female,OBC,Muslim,Yes,No,No,76.11,High,Yes,0
Scholarship Scheme 3508,Undergraduate,Male,ST,Christian,No,No,Yes,82.99,Medium,Yes,1
Scholarship Scheme 3509,Undergraduate,All,ST,Muslim,Yes,Yes,Yes,87.38,Medium,Yes,0
Scholarship Scheme 3510,Undergraduate,Female,ST,Sikh,Yes,No,No,62.27,Medium,Yes,0
Scholarship Scheme 3511,Postgraduate,Female,OBC,Sikh,Yes,No,No,66.06,High,Yes,0
Scholarship Scheme 3512,Undergraduate,Male,ST,Sikh,Yes,Yes,No,65.39,Medium,Yes,0
Scholarship Scheme 3513,Undergraduate,Female,SC,Christian,Yes,No,No,68.1,High,Yes,0
Scholarship Scheme 3514,High School,Female,ST,Muslim,Yes,No,No,99.88,High,Yes,0
Scholarship Scheme 3515,High School,All,General,Sikh,Yes,No,No,88.82,High,Yes,1
Scholarship Scheme 3516,Undergraduate,All,SC,Sikh,No,No,No,98.65,Low,Yes,1
Scholarship Scheme 3517,Doctorate,Male,ST,Sikh,Yes,No,No,84.59,Medium,Yes,1
Scholarship Scheme 3518,Undergraduate,Male,SC,Sikh,No,Yes,Yes,70.27,High,Yes,1
Scholarship Scheme 3519,High School,Female,ST,Hindu,Yes,Yes,No,69.45,Medium,Yes,1
Scholarship Scheme 3520,Doctorate,All,General,Muslim,Yes,Yes,Yes,74.38,Medium,Yes,1
Scholarship Scheme 3521,Doctorate,Male,ST,Muslim,Yes,Yes,No,70.8,Low,Yes,0
Scholarship Scheme 3522,Undergraduate,Male,SC,Christian,No,Yes,No,91.33,Medium,Yes,0
Scholarship Scheme 3523,High School,Male,General,Hindu,Yes,No,Yes,73.2,High,Yes,1
Scholarship Scheme 3524,High School,Female,OBC,Christian,Yes,No,No,64.75,High,Yes,0
Scholarship Scheme 3525,Doctorate,All,General,Sikh,No,No,Yes,88.67,Medium,Yes,0
Scholarship Scheme 3526,Undergraduate,Male,General,Christian,No,No,No,92.64,Medium,Yes,1
Scholarship Scheme 3527,Postgraduate,All,General,Sikh,No,No,Yes,70.98,Low,Yes,0
Scholarship Scheme 3528,Postgraduate,Male,SC,Sikh,No,No,Yes,83.32,High,Yes,0
Scholarship Scheme 3529,High School,Male,General,Muslim,Yes,No,No,52.93,Medium,Yes,0
Scholarship Scheme 3530,Postgraduate,All,ST,Muslim,Yes,No,Yes,76.42,Medium,Yes,1
Scholarship Scheme 3531,High School,All,General,Muslim,No,No,Yes,52.24,High,Yes,1
Scholarship Scheme 3532,High School,All,General,Muslim,Yes,No,No,51.46,Medium,Yes,0
Scholarship Scheme 3533,High School,Female,ST,Muslim,No,No,No,80.58,Low,Yes,0
Scholarship Scheme 3534,Postgraduate,Male,ST,Hindu,No,No,Yes,65.14,Medium,Yes,0
Scholarship Scheme 3535,High School,Female,OBC,Muslim,No,No,No,87.05,Medium,Yes,1
Scholarship Scheme 3536,Doctorate,All,General,Christian,Yes,Yes,Yes,94.71,Low,Yes,0
Scholarship Scheme 3537,Undergraduate,Male,SC,Sikh,No,No,Yes,56.96,Low,Yes,0
Scholarship Scheme 3538,Undergraduate,Female,General,Muslim,Yes,Yes,Yes,86.15,Low,Yes,0
Scholarship Scheme 3539,High School,Male,General,Hindu,Yes,No,No,75.67,High,Yes,0
Scholarship Scheme 3540,Undergraduate,Female,ST,Christian,Yes,No,No,55.59,Medium,Yes,0
Scholarship Scheme 3541,Postgraduate,All,OBC,Christian,No,No,Yes,82.51,Medium,Yes,1
Scholarship Scheme 3542,Postgraduate,Female,General,Sikh,Yes,Yes,Yes,80.41,Low,Yes,0
Scholarship Scheme 3543,Undergraduate,Male,SC,Christian,No,Yes,Yes,75.73,High,Yes,1
Scholarship Scheme 3544,Postgraduate,Male,General,Christian,Yes,No,No,96.23,Low,Yes,0
Scholarship Scheme 3545,Undergraduate,Male,SC,Christian,Yes,No,Yes,76.0,Medium,Yes,0
Scholarship Scheme 3546,Undergraduate,Male,ST,Christian,Yes,No,No,99.43,High,Yes,0
Scholarship Scheme 3547,Undergraduate,All,OBC,Hindu,No,No,Yes,75.41,High,Yes,1
Scholarship Scheme 3548,High School,Female,General,Sikh,No,Yes,Yes,55.78,Medium,Yes,0
Scholarship Scheme 3549,Undergraduate,All,OBC,Muslim,No,Yes,Yes,73.48,High,Yes,1
Scholarship Scheme 3550,High School,All,General,Christian,No,No,Yes,59.1,High,Yes,0
Scholarship Scheme 3551,Undergraduate,All,SC,Hindu,Yes,Yes,No,79.8,Low,Yes,0
Scholarship Scheme 3552,Undergraduate,Male,OBC,Sikh,Yes,Yes,No,84.59,High,Yes,0
Scholarship Scheme 3553,Undergraduate,Male,General,Muslim,No,No,No,73.37,Low,Yes,0
Scholarship Scheme 3554,Postgraduate,Male,ST,Sikh,No,No,No,54.88,High,Yes,0
Scholarship Scheme 3555,High School,Female,SC,Hindu,No,No,No,73.39,Low,Yes,0
Scholarship Scheme 3556,High School,Male,OBC,Hindu,No,Yes,Yes,54.06,Low,Yes,0
Scholarship Scheme 3557,Undergraduate,Female,General,Hindu,Yes,No,No,84.04,High,Yes,1
Scholarship Scheme 3558,Undergraduate,Male,OBC,Christian,No,Yes,No,89.44,Low,Yes,1
Scholarship Scheme 3559,Postgraduate,Male,General,Hindu,No,No,No,98.02,Medium,Yes,0
Scholarship Scheme 3560,Postgraduate,All,SC,Muslim,Yes,No,No,57.43,Medium,Yes,0
Scholarship Scheme 3561,Postgraduate,All,ST,Christian,No,Yes,Yes,76.57,High,Yes,1
Scholarship Scheme 3562,High School,All,SC,Sikh,Yes,Yes,Yes,78.32,High,Yes,0
Scholarship Scheme 3563,High School,Female,OBC,Muslim,No,Yes,Yes,96.03,High,Yes,1
Scholarship Scheme 3564,High School,Female,OBC,Christian,Yes,Yes,No,81.3,Medium,Yes,1
Scholarship Scheme 3565,Undergraduate,Male,General,Hindu,No,Yes,Yes,57.26,High,Yes,1
Scholarship Scheme 3566,High School,Female,SC,Sikh,No,Yes,Yes,71.77,High,Yes,0
Scholarship Scheme 3567,Doctorate,Male,General,Hindu,No,No,No,82.67,Low,Yes,0
Scholarship Scheme 3568,Doctorate,Female,SC,Muslim,No,Yes,No,84.94,High,Yes,1
Scholarship Scheme 3569,Postgraduate,Female,OBC,Muslim,No,Yes,No,93.07,Medium,Yes,0
Scholarship Scheme 3570,High School,Female,General,Christian,Yes,No,Yes,59.01,Medium,Yes,1
Scholarship Scheme 3571,Doctorate,All,General,Muslim,No,Yes,No,97.48,High,Yes,0
Scholarship Scheme 3572,Postgraduate,Female,SC,Sikh,Yes,Yes,Yes,52.95,Medium,Yes,1
Scholarship Scheme 3573,High School,All,ST,Christian,Yes,No,Yes,99.09,Low,Yes,0
Scholarship Scheme 3574,Undergraduate,All,SC,Sikh,Yes,No,Yes,92.8,Low,Yes,0
Scholarship Scheme 3575,Doctorate,Female,ST,Hindu,Yes,No,Yes,82.95,High,Yes,1
Scholarship Scheme 3576,Undergraduate,Male,SC,Sikh,No,Yes,Yes,86.68,High,Yes,0
Scholarship Scheme 3577,High School,Male,OBC,Sikh,No,No,No,53.63,Low,Yes,0
Scholarship Scheme 3578,Doctorate,Male,General,Muslim,No,Yes,Yes,52.07,Low,Yes,0
Scholarship Scheme 3579,High School,Female,SC,Hindu,No,No,Yes,55.08,High,Yes,0
Scholarship Scheme 3580,Undergraduate,Male,OBC,Muslim,Yes,Yes,Yes,54.36,Medium,Yes,1
Scholarship Scheme 3581,Doctorate,All,SC,Hindu,Yes,No,Yes,77.31,High,Yes,0
Scholarship Scheme 3582,Undergraduate,Male,General,Hindu,Yes,No,Yes,60.75,High,Yes,0
Scholarship Scheme 3583,High School,Female,SC,Sikh,No,No,No,92.92,High,Yes,0
Scholarship Scheme 3584,High School,Male,ST,Muslim,No,Yes,Yes,72.24,High,Yes,0
Scholarship Scheme 3585,Undergraduate,All,General,Sikh,No,Yes,Yes,84.71,High,Yes,1
Scholarship Scheme 3586,Doctorate,Female,ST,Sikh,No,No,Yes,82.58,High,Yes,0
Scholarship Scheme 3587,Undergraduate,Male,OBC,Sikh,Yes,No,Yes,65.96,High,Yes,1
Scholarship Scheme 3588,High School,Female,OBC,Hindu,No,No,No,62.13,Medium,Yes,0
Scholarship Scheme 3589,Undergraduate,Female,SC,Muslim,No,No,Yes,67.09,High,Yes,0
Scholarship Scheme 3590,High School,Female,ST,Muslim,Yes,Yes,Yes,89.75,Low,Yes,1
Scholarship Scheme 3591,Undergraduate,Male,ST,Sikh,Yes,No,Yes,79.26,High,Yes,0
Scholarship Scheme 3592,Doctorate,Female,General,Hindu,No,No,Yes,62.65,Medium,Yes,0
Scholarship Scheme 3593,Doctorate,Male,ST,Muslim,No,Yes,No,90.81,Low,Yes,0
Scholarship Scheme 3594,Undergraduate,All,ST,Christian,Yes,Yes,No,52.73,High,Yes,0
Scholarship Scheme 3595,Undergraduate,Male,General,Muslim,No,No,No,84.89,High,Yes,0
Scholarship Scheme 3596,Doctorate,All,General,Sikh,Yes,No,Yes,71.91,Low,Yes,1
Scholarship Scheme 3597,High School,Male,ST,Christian,Yes,Yes,No,86.49,High,Yes,0
Scholarship Scheme 3598,Doctorate,Female,SC,Hindu,No,Yes,No,96.28,Medium,Yes,0
Scholarship Scheme 3599,High School,Male,General,Christian,Yes,No,No,87.43,High,Yes,1
Scholarship Scheme 3600,Undergraduate,Female,General,Christian,No,Yes,No,72.05,Medium,Yes,1
Scholarship Scheme 3601,Undergraduate,All,ST,Sikh,No,Yes,No,57.53,High,Yes,0
Scholarship Scheme 3602,High School,Male,ST,Muslim,No,No,Yes,90.24,Low,Yes,0
Scholarship Scheme 3603,Undergraduate,Female,General,Hindu,No,No,No,72.99,Medium,Yes,0
Scholarship Scheme 3604,High School,All,ST,Christian,Yes,Yes,No,53.76,High,Yes,0
Scholarship Scheme 3605,Postgraduate,All,General,Sikh,No,No,No,85.88,High,Yes,0
Scholarship Scheme 3606,Doctorate,Male,SC,Muslim,No,No,Yes,64.56,Low,Yes,0
Scholarship Scheme 3607,Postgraduate,All,SC,Christian,Yes,No,Yes,52.44,Low,Yes,0
Scholarship Scheme 3608,High School,Female,General,Sikh,No,No,No,95.05,Medium,Yes,0
Scholarship Scheme 3609,Doctorate,All,General,Sikh,No,No,Yes,74.11,Medium,Yes,0
Scholarship Scheme 3610,High School,All,OBC,Sikh,No,Yes,Yes,64.02,Medium,Yes,0
Scholarship Scheme 3611,Doctorate,Female,OBC,Hindu,No,Yes,No,85.75,High,Yes,0
Scholarship Scheme 3612,Doctorate,All,ST,Muslim,Yes,No,Yes,94.21,High,Yes,0
Scholarship Scheme 3613,Doctorate,All,ST,Christian,Yes,No,No,50.02,Medium,Yes,1
Scholarship Scheme 3614,Doctorate,All,General,Muslim,No,No,No,84.32,High,Yes,1
Scholarship Scheme 3615,High School,All,General,Muslim,Yes,Yes,No,88.27,Low,Yes,1
Scholarship Scheme 3616,Doctorate,Female,OBC,Christian,Yes,Yes,Yes,60.48,High,Yes,0
Scholarship Scheme 3617,Doctorate,All,OBC,Muslim,Yes,Yes,No,74.43,Medium,Yes,1
Scholarship Scheme 3618,Postgraduate,Female,General,Hindu,Yes,Yes,No,54.46,High,Yes,0
Scholarship Scheme 3619,Undergraduate,All,SC,Christian,No,No,Yes,87.26,Low,Yes,0
Scholarship Scheme 3620,Undergraduate,All,SC,Christian,Yes,No,No,92.29,Medium,Yes,1
Scholarship Scheme 3621,Postgraduate,All,ST,Sikh,No,Yes,Yes,55.4,Medium,Yes,0
Scholarship Scheme 3622,Postgraduate,All,General,Muslim,No,Yes,Yes,90.74,Medium,Yes,0
Scholarship Scheme 3623,High School,Female,General,Christian,Yes,No,No,88.5,Medium,Yes,0
Scholarship Scheme 3624,High School,Female,ST,Christian,No,No,Yes,67.31,High,Yes,0
Scholarship Scheme 3625,High School,Female,OBC,Hindu,Yes,No,No,84.45,Low,Yes,1
Scholarship Scheme 3626,Postgraduate,Male,OBC,Sikh,No,No,Yes,50.0,High,Yes,1
Scholarship Scheme 3627,Postgraduate,All,SC,Christian,No,No,Yes,96.5,High,Yes,0
Scholarship Scheme 3628,Doctorate,All,General,Hindu,Yes,Yes,Yes,77.46,Medium,Yes,1
Scholarship Scheme 3629,High School,Female,OBC,Christian,No,No,Yes,80.95,Low,Yes,0
Scholarship Scheme 3630,High School,Male,SC,Christian,Yes,Yes,No,83.17,High,Yes,1
Scholarship Scheme 3631,High School,All,SC,Christian,No,Yes,No,78.01,Low,Yes,1
Scholarship Scheme 3632,Undergraduate,Female,SC,Hindu,No,No,Yes,92.75,Low,Yes,0
Scholarship Scheme 3633,Doctorate,All,OBC,Muslim,Yes,Yes,No,80.42,Low,Yes,0
Scholarship Scheme 3634,High School,All,OBC,Christian,Yes,Yes,No,95.3,Low,Yes,0
Scholarship Scheme 3635,High School,Female,General,Christian,Yes,No,No,79.06,High,Yes,1
Scholarship Scheme 3636,High School,Female,General,Muslim,No,Yes,No,58.54,Low,Yes,0
Scholarship Scheme 3637,Undergraduate,All,SC,Christian,Yes,No,No,95.59,High,Yes,1
Scholarship Scheme 3638,Undergraduate,All,SC,Sikh,Yes,No,No,84.01,Low,Yes,0
Scholarship Scheme 3639,Postgraduate,Female,OBC,Christian,Yes,Yes,No,84.89,Low,Yes,1
Scholarship Scheme 3640,Doctorate,All,OBC,Sikh,Yes,No,Yes,99.18,High,Yes,0
Scholarship Scheme 3641,Postgraduate,All,General,Muslim,No,No,No,53.75,Medium,Yes,0
Scholarship Scheme 3642,Doctorate,Female,General,Hindu,No,Yes,Yes,71.39,High,Yes,0
Scholarship Scheme 3643,Undergraduate,All,ST,Muslim,No,No,Yes,61.93,Low,Yes,0
Scholarship Scheme 3644,High School,All,General,Christian,No,Yes,Yes,81.46,High,Yes,0
Scholarship Scheme 3645,Postgraduate,Male,OBC,Sikh,No,Yes,No,90.26,Low,Yes,0
Scholarship Scheme 3646,High School,Female,SC,Hindu,No,No,No,98.22,High,Yes,0
Scholarship Scheme 3647,Postgraduate,Male,ST,Christian,Yes,Yes,Yes,72.68,High,Yes,0
Scholarship Scheme 3648,Undergraduate,Male,General,Hindu,No,No,Yes,89.23,High,Yes,0
Scholarship Scheme 3649,Undergraduate,Male,General,Hindu,Yes,Yes,No,95.76,Medium,Yes,0
Scholarship Scheme 3650,Undergraduate,All,OBC,Christian,Yes,No,No,84.1,High,Yes,0
Scholarship Scheme 3651,Postgraduate,All,ST,Muslim,Yes,No,No,62.11,High,Yes,1
Scholarship Scheme 3652,Doctorate,Male,General,Christian,Yes,Yes,Yes,80.33,Medium,Yes,0
Scholarship Scheme 3653,Postgraduate,Male,SC,Christian,No,Yes,Yes,98.4,Medium,Yes,0
Scholarship Scheme 3654,Doctorate,Male,OBC,Muslim,No,No,No,99.28,Low,Yes,1
Scholarship Scheme 3655,Postgraduate,All,ST,Sikh,No,No,No,82.05,Low,Yes,0
Scholarship Scheme 3656,Postgraduate,Male,General,Christian,Yes,Yes,Yes,94.26,High,Yes,0
Scholarship Scheme 3657,Undergraduate,Male,General,Hindu,No,No,No,60.0,Low,Yes,0
Scholarship Scheme 3658,High School,Female,ST,Christian,No,No,No,62.28,High,Yes,0
Scholarship Scheme 3659,High School,Female,OBC,Christian,No,Yes,Yes,97.55,Medium,Yes,1
Scholarship Scheme 3660,Doctorate,All,ST,Hindu,No,Yes,Yes,56.75,Medium,Yes,0
Scholarship Scheme 3661,High School,Female,ST,Muslim,No,No,Yes,59.54,High,Yes,0
Scholarship Scheme 3662,Postgraduate,Female,OBC,Sikh,No,Yes,Yes,70.99,Low,Yes,1
Scholarship Scheme 3663,Postgraduate,Female,General,Sikh,Yes,Yes,No,79.42,Low,Yes,0
Scholarship Scheme 3664,Undergraduate,All,SC,Hindu,Yes,No,Yes,80.13,Low,Yes,0
Scholarship Scheme 3665,Undergraduate,Female,OBC,Muslim,No,Yes,No,64.57,High,Yes,1
Scholarship Scheme 3666,High School,All,SC,Christian,Yes,Yes,No,95.94,Low,Yes,0
Scholarship Scheme 3667,Doctorate,Male,General,Christian,Yes,No,No,95.66,Medium,Yes,0
Scholarship Scheme 3668,High School,Female,ST,Christian,No,Yes,Yes,69.56,Medium,Yes,0
Scholarship Scheme 3669,High School,All,SC,Christian,Yes,No,Yes,71.67,Medium,Yes,0
Scholarship Scheme 3670,High School,Female,General,Christian,No,Yes,No,85.05,Medium,Yes,0
Scholarship Scheme 3671,High School,Male,General,Hindu,Yes,Yes,No,83.08,Medium,Yes,1
Scholarship Scheme 3672,Postgraduate,All,ST,Christian,No,No,Yes,69.08,Medium,Yes,0
Scholarship Scheme 3673,Doctorate,All,ST,Christian,Yes,Yes,No,70.67,Medium,Yes,0
Scholarship Scheme 3674,Postgraduate,All,General,Muslim,Yes,Yes,No,67.37,Medium,Yes,0
Scholarship Scheme 3675,Doctorate,Male,General,Christian,Yes,Yes,No,61.75,Medium,Yes,1
Scholarship Scheme 3676,Undergraduate,Male,SC,Sikh,Yes,Yes,No,72.86,High,Yes,0
Scholarship Scheme 3677,High School,Male,General,Hindu,No,Yes,No,84.25,High,Yes,0
Scholarship Scheme 3678,Postgraduate,All,General,Hindu,Yes,Yes,No,87.02,Medium,Yes,0
Scholarship Scheme 3679,Doctorate,Male,SC,Hindu,No,No,No,88.87,Medium,Yes,0
Scholarship Scheme 3680,Undergraduate,Female,OBC,Sikh,No,Yes,No,68.7,Medium,Yes,0
Scholarship Scheme 3681,Undergraduate,Male,SC,Christian,Yes,Yes,Yes,88.16,Low,Yes,1
Scholarship Scheme 3682,High School,All,SC,Hindu,Yes,No,Yes,50.33,High,Yes,0
Scholarship Scheme 3683,Doctorate,Female,ST,Sikh,No,No,No,73.8,Medium,Yes,0
Scholarship Scheme 3684,Postgraduate,Male,SC,Muslim,Yes,No,No,89.62,High,Yes,0
Scholarship Scheme 3685,High School,Female,General,Christian,No,Yes,Yes,81.44,Medium,Yes,1
Scholarship Scheme 3686,Postgraduate,Female,General,Sikh,Yes,No,Yes,73.66,Low,Yes,0
Scholarship Scheme 3687,Undergraduate,All,General,Christian,No,No,Yes,82.17,Medium,Yes,1
Scholarship Scheme 3688,Postgraduate,Female,OBC,Muslim,Yes,Yes,No,95.26,High,Yes,1
Scholarship Scheme 3689,Postgraduate,Female,General,Sikh,Yes,No,Yes,78.26,High,Yes,0
Scholarship Scheme 3690,High School,All,OBC,Christian,No,Yes,Yes,89.91,High,Yes,1
Scholarship Scheme 3691,Postgraduate,All,General,Sikh,No,Yes,No,98.94,High,Yes,0
Scholarship Scheme 3692,High School,All,SC,Hindu,No,Yes,Yes,85.21,Medium,Yes,0
Scholarship Scheme 3693,Undergraduate,Female,ST,Christian,Yes,Yes,No,78.61,Low,Yes,1
Scholarship Scheme 3694,High School,Female,General,Sikh,Yes,Yes,Yes,51.87,Low,Yes,1
Scholarship Scheme 3695,High School,Female,OBC,Hindu,Yes,No,Yes,68.69,Medium,Yes,1
Scholarship Scheme 3696,Doctorate,All,OBC,Muslim,Yes,Yes,Yes,78.22,Medium,Yes,0
Scholarship Scheme 3697,Postgraduate,Male,ST,Christian,No,No,Yes,89.78,High,Yes,1
Scholarship Scheme 3698,Undergraduate,Female,General,Christian,No,Yes,Yes,71.86,Medium,Yes,1
Scholarship Scheme 3699,High School,Male,SC,Muslim,Yes,No,No,97.91,Low,Yes,0
Scholarship Scheme 3700,Undergraduate,All,General,Hindu,Yes,Yes,No,63.56,Medium,Yes,1
Scholarship Scheme 3701,Doctorate,Female,General,Muslim,Yes,Yes,Yes,87.15,Medium,Yes,1
Scholarship Scheme 3702,Postgraduate,Male,ST,Christian,No,Yes,No,70.91,Low,Yes,0
Scholarship Scheme 3703,High School,Female,General,Sikh,No,No,Yes,74.25,Low,Yes,1
Scholarship Scheme 3704,Postgraduate,Female,SC,Hindu,Yes,No,Yes,90.04,Medium,Yes,1
Scholarship Scheme 3705,Doctorate,Female,OBC,Hindu,No,No,Yes,64.78,High,Yes,1
Scholarship Scheme 3706,Doctorate,Male,ST,Hindu,Yes,Yes,Yes,54.83,High,Yes,0
Scholarship Scheme 3707,Undergraduate,All,SC,Muslim,Yes,Yes,Yes,75.96,High,Yes,1
Scholarship Scheme 3708,High School,Female,OBC,Muslim,No,No,No,76.39,Low,Yes,1
Scholarship Scheme 3709,Undergraduate,All,ST,Sikh,No,Yes,No,89.78,Low,Yes,0
Scholarship Scheme 3710,Doctorate,All,ST,Sikh,No,No,No,98.32,High,Yes,1
Scholarship Scheme 3711,Postgraduate,Male,OBC,Hindu,No,Yes,No,52.76,Medium,Yes,0
Scholarship Scheme 3712,Undergraduate,Male,OBC,Sikh,Yes,No,Yes,79.53,Medium,Yes,0
Scholarship Scheme 3713,Undergraduate,All,SC,Muslim,No,No,No,84.0,Medium,Yes,0
Scholarship Scheme 3714,Postgraduate,Female,General,Sikh,No,Yes,Yes,99.19,Low,Yes,1
Scholarship Scheme 3715,Undergraduate,Male,General,Muslim,No,No,Yes,97.04,Low,Yes,0
Scholarship Scheme 3716,Postgraduate,Female,General,Sikh,No,Yes,No,85.55,High,Yes,0
Scholarship Scheme 3717,High School,Female,General,Christian,Yes,Yes,No,76.04,Medium,Yes,0
Scholarship Scheme 3718,Postgraduate,Female,General,Muslim,Yes,Yes,Yes,58.06,Low,Yes,0
Scholarship Scheme 3719,High School,All,SC,Christian,No,No,Yes,69.17,Low,Yes,0
Scholarship Scheme 3720,Postgraduate,Female,ST,Muslim,No,No,Yes,79.2,High,Yes,1
Scholarship Scheme 3721,Doctorate,All,SC,Sikh,Yes,No,No,86.19,Medium,Yes,1
Scholarship Scheme 3722,Doctorate,All,SC,Christian,Yes,Yes,Yes,81.71,Low,Yes,0
Scholarship Scheme 3723,High School,Female,SC,Sikh,No,Yes,Yes,85.63,Low,Yes,0
Scholarship Scheme 3724,High School,Female,ST,Muslim,Yes,No,Yes,71.41,Low,Yes,1
Scholarship Scheme 3725,Doctorate,Female,SC,Christian,Yes,Yes,Yes,86.31,Low,Yes,0
Scholarship Scheme 3726,High School,Female,SC,Hindu,Yes,Yes,No,57.17,Medium,Yes,1
Scholarship Scheme 3727,Postgraduate,All,ST,Sikh,Yes,No,No,58.11,High,Yes,0
Scholarship Scheme 3728,Postgraduate,Female,SC,Muslim,No,No,Yes,58.13,Medium,Yes,0
Scholarship Scheme 3729,Doctorate,Female,General,Christian,Yes,Yes,No,94.45,High,Yes,0
Scholarship Scheme 3730,Undergraduate,All,OBC,Sikh,Yes,Yes,Yes,53.79,Low,Yes,0
Scholarship Scheme 3731,Postgraduate,Male,SC,Christian,No,No,No,90.0,Medium,Yes,0
Scholarship Scheme 3732,High School,Male,OBC,Sikh,No,No,No,61.66,High,Yes,0
Scholarship Scheme 3733,Undergraduate,All,SC,Sikh,No,Yes,No,73.37,High,Yes,0
Scholarship Scheme 3734,Undergraduate,Male,SC,Sikh,Yes,Yes,No,95.71,Low,Yes,0
Scholarship Scheme 3735,Postgraduate,All,General,Christian,No,Yes,Yes,79.24,High,Yes,0
Scholarship Scheme 3736,Postgraduate,Female,ST,Christian,Yes,No,Yes,60.48,High,Yes,1
Scholarship Scheme 3737,Undergraduate,Female,OBC,Sikh,No,Yes,Yes,64.18,High,Yes,0
Scholarship Scheme 3738,Undergraduate,Male,ST,Hindu,Yes,Yes,No,95.93,Low,Yes,1
Scholarship Scheme 3739,Doctorate,Female,General,Hindu,No,Yes,No,71.31,Medium,Yes,1
Scholarship Scheme 3740,High School,Male,General,Hindu,No,Yes,Yes,79.29,Low,Yes,0
Scholarship Scheme 3741,Doctorate,Male,OBC,Muslim,Yes,Yes,No,72.95,High,Yes,1
Scholarship Scheme 3742,Postgraduate,Female,ST,Hindu,No,Yes,No,68.88,High,Yes,0
Scholarship Scheme 3743,Doctorate,Female,General,Christian,No,No,Yes,61.14,Medium,Yes,0
Scholarship Scheme 3744,Doctorate,Male,SC,Hindu,No,No,No,84.24,High,Yes,0
Scholarship Scheme 3745,Doctorate,Female,SC,Christian,No,No,Yes,85.84,Medium,Yes,1
Scholarship Scheme 3746,Doctorate,All,SC,Muslim,No,Yes,No,63.72,High,Yes,0
Scholarship Scheme 3747,High School,Female,ST,Christian,Yes,No,Yes,89.37,High,Yes,0
Scholarship Scheme 3748,High School,Female,SC,Christian,Yes,Yes,No,92.64,Low,Yes,0
Scholarship Scheme 3749,Undergraduate,All,SC,Christian,No,Yes,No,95.94,Low,Yes,0
Scholarship Scheme 3750,Postgraduate,Female,General,Hindu,No,Yes,No,58.04,Medium,Yes,0
Scholarship Scheme 3751,Doctorate,Female,General,Sikh,Yes,Yes,No,65.17,Low,Yes,1
Scholarship Scheme 3752,Undergraduate,Male,SC,Christian,Yes,Yes,No,92.93,Medium,Yes,0
Scholarship Scheme 3753,Undergraduate,Female,SC,Hindu,No,No,Yes,59.91,Low,Yes,0
Scholarship Scheme 3754,Undergraduate,Female,General,Hindu,Yes,No,No,50.17,Medium,Yes,0
Scholarship Scheme 3755,High School,All,OBC,Hindu,No,No,Yes,93.45,High,Yes,0
Scholarship Scheme 3756,Doctorate,Male,ST,Sikh,No,Yes,Yes,66.29,Medium,Yes,0
Scholarship Scheme 3757,Doctorate,Male,ST,Sikh,No,No,Yes,70.68,Low,Yes,1
Scholarship Scheme 3758,Postgraduate,Male,General,Sikh,No,Yes,No,72.27,Medium,Yes,1
Scholarship Scheme 3759,Doctorate,Female,ST,Sikh,Yes,No,Yes,92.33,Low,Yes,1
Scholarship Scheme 3760,Doctorate,Male,General,Muslim,Yes,No,No,66.86,High,Yes,1
Scholarship Scheme 3761,Undergraduate,All,General,Sikh,Yes,No,No,94.52,Low,Yes,1
Scholarship Scheme 3762,Postgraduate,Male,General,Sikh,No,No,No,80.79,High,Yes,1
Scholarship Scheme 3763,Doctorate,All,General,Sikh,Yes,No,Yes,76.31,High,Yes,1
Scholarship Scheme 3764,High School,Male,OBC,Christian,No,No,No,66.25,Low,Yes,1
Scholarship Scheme 3765,Doctorate,Male,SC,Christian,No,Yes,No,62.16,High,Yes,1
Scholarship Scheme 3766,Undergraduate,All,SC,Sikh,Yes,Yes,No,81.14,Low,Yes,1
Scholarship Scheme 3767,High School,Male,OBC,Muslim,No,Yes,Yes,72.3,Medium,Yes,0
Scholarship Scheme 3768,Undergraduate,Male,ST,Christian,No,Yes,Yes,95.43,High,Yes,0
Scholarship Scheme 3769,Doctorate,Male,ST,Hindu,No,Yes,Yes,74.53,Medium,Yes,1
Scholarship Scheme 3770,High School,Female,SC,Christian,Yes,No,Yes,75.54,Medium,Yes,0
Scholarship Scheme 3771,Postgraduate,All,ST,Hindu,No,Yes,No,70.79,Low,Yes,1
Scholarship Scheme 3772,Postgraduate,Male,SC,Christian,Yes,Yes,Yes,89.38,Low,Yes,1
Scholarship Scheme 3773,High School,All,SC,Sikh,No,Yes,No,71.2,High,Yes,0
Scholarship Scheme 3774,High School,All,OBC,Christian,Yes,Yes,Yes,63.44,Low,Yes,0
Scholarship Scheme 3775,Undergraduate,All,ST,Sikh,No,Yes,No,93.02,Medium,Yes,0
Scholarship Scheme 3776,High School,Male,OBC,Sikh,Yes,Yes,Yes,79.78,Medium,Yes,0
Scholarship Scheme 3777,Undergraduate,Male,SC,Christian,Yes,Yes,Yes,79.52,Medium,Yes,0
Scholarship Scheme 3778,Doctorate,All,SC,Hindu,No,Yes,Yes,80.48,High,Yes,1
Scholarship Scheme 3779,Undergraduate,Female,SC,Hindu,No,Yes,No,85.87,Low,Yes,0
Scholarship Scheme 3780,High School,All,General,Christian,No,No,No,65.62,Medium,Yes,0
Scholarship Scheme 3781,High School,Female,General,Sikh,No,Yes,Yes,51.69,High,Yes,0
Scholarship Scheme 3782,Doctorate,All,General,Hindu,Yes,Yes,Yes,90.45,Low,Yes,1
Scholarship Scheme 3783,High School,All,OBC,Muslim,No,No,Yes,56.43,Low,Yes,0
Scholarship Scheme 3784,High School,All,SC,Sikh,Yes,No,Yes,86.02,Medium,Yes,1
Scholarship Scheme 3785,Postgraduate,Male,ST,Christian,No,Yes,Yes,54.11,High,Yes,0
Scholarship Scheme 3786,Postgraduate,Female,OBC,Sikh,Yes,Yes,Yes,68.73,Medium,Yes,0
Scholarship Scheme 3787,Doctorate,Female,OBC,Muslim,Yes,Yes,No,53.15,Medium,Yes,0
Scholarship Scheme 3788,Undergraduate,All,OBC,Muslim,Yes,No,No,76.06,High,Yes,1
Scholarship Scheme 3789,Postgraduate,Male,ST,Hindu,No,Yes,No,82.59,Medium,Yes,0
Scholarship Scheme 3790,Undergraduate,Male,SC,Muslim,No,No,No,58.55,High,Yes,1
Scholarship Scheme 3791,High School,Female,General,Sikh,Yes,No,No,68.54,High,Yes,1
Scholarship Scheme 3792,Postgraduate,Male,SC,Hindu,Yes,No,No,96.42,Medium,Yes,1
Scholarship Scheme 3793,Doctorate,Female,SC,Muslim,Yes,No,Yes,72.08,Medium,Yes,0
Scholarship Scheme 3794,Doctorate,Female,OBC,Hindu,Yes,No,Yes,90.05,Low,Yes,1
Scholarship Scheme 3795,Doctorate,Female,OBC,Hindu,Yes,Yes,Yes,96.27,Low,Yes,1
Scholarship Scheme 3796,Postgraduate,Male,OBC,Christian,No,Yes,Yes,98.62,High,Yes,1
Scholarship Scheme 3797,Undergraduate,Female,General,Hindu,Yes,No,Yes,94.83,High,Yes,1
Scholarship Scheme 3798,High School,Female,General,Hindu,No,No,No,65.84,High,Yes,0
Scholarship Scheme 3799,Undergraduate,All,General,Muslim,No,No,No,98.03,Low,Yes,0
Scholarship Scheme 3800,Undergraduate,Female,SC,Sikh,No,No,No,90.54,Medium,Yes,1
Scholarship Scheme 3801,High School,Female,OBC,Sikh,Yes,Yes,No,91.78,Medium,Yes,0
Scholarship Scheme 3802,High School,All,ST,Muslim,Yes,No,No,50.76,Low,Yes,1
Scholarship Scheme 3803,Postgraduate,All,SC,Sikh,Yes,No,Yes,97.62,Medium,Yes,1
Scholarship Scheme 3804,Postgraduate,Male,General,Hindu,Yes,Yes,No,88.83,Medium,Yes,1
Scholarship Scheme 3805,Postgraduate,Female,ST,Christian,No,Yes,No,88.32,Medium,Yes,1
Scholarship Scheme 3806,Postgraduate,Male,ST,Hindu,No,Yes,No,54.07,Low,Yes,0
Scholarship Scheme 3807,Postgraduate,Male,OBC,Hindu,No,Yes,Yes,61.61,High,Yes,1
Scholarship Scheme 3808,High School,All,ST,Christian,Yes,No,Yes,98.02,Medium,Yes,0
Scholarship Scheme 3809,Undergraduate,Male,General,Muslim,Yes,No,Yes,74.98,Medium,Yes,0
Scholarship Scheme 3810,Postgraduate,Female,OBC,Hindu,Yes,No,Yes,69.85,High,Yes,1
Scholarship Scheme 3811,Postgraduate,All,ST,Hindu,Yes,No,Yes,91.91,Medium,Yes,0
Scholarship Scheme 3812,Undergraduate,Female,OBC,Muslim,Yes,No,Yes,54.36,Medium,Yes,1
Scholarship Scheme 3813,Postgraduate,Female,ST,Hindu,Yes,No,No,70.81,High,Yes,0
Scholarship Scheme 3814,Undergraduate,All,SC,Hindu,No,No,No,68.75,Low,Yes,1
Scholarship Scheme 3815,Undergraduate,Female,SC,Sikh,No,No,No,67.46,Low,Yes,0
Scholarship Scheme 3816,High School,All,General,Muslim,Yes,No,Yes,65.35,Medium,Yes,1
Scholarship Scheme 3817,Doctorate,Female,SC,Hindu,No,Yes,Yes,60.48,Medium,Yes,1
Scholarship Scheme 3818,High School,All,SC,Hindu,No,No,Yes,58.63,High,Yes,1
Scholarship Scheme 3819,Doctorate,Male,SC,Christian,No,Yes,Yes,81.96,High,Yes,0
Scholarship Scheme 3820,Doctorate,Female,ST,Christian,No,Yes,No,95.88,Medium,Yes,1
Scholarship Scheme 3821,Doctorate,All,ST,Christian,Yes,Yes,Yes,75.39,Medium,Yes,0
Scholarship Scheme 3822,Postgraduate,Female,OBC,Hindu,No,Yes,Yes,64.87,Low,Yes,1
Scholarship Scheme 3823,High School,Female,ST,Hindu,Yes,No,Yes,57.94,Low,Yes,0
Scholarship Scheme 3824,Doctorate,Female,SC,Christian,Yes,Yes,Yes,91.42,Low,Yes,0
Scholarship Scheme 3825,Undergraduate,All,ST,Sikh,No,Yes,Yes,98.48,Low,Yes,0
Scholarship Scheme 3826,Postgraduate,Male,General,Sikh,Yes,No,No,67.42,High,Yes,0
Scholarship Scheme 3827,High School,Male,OBC,Sikh,No,Yes,Yes,64.52,Low,Yes,1
Scholarship Scheme 3828,Doctorate,Male,OBC,Sikh,Yes,No,Yes,80.01,Low,Yes,0
Scholarship Scheme 3829,Undergraduate,All,ST,Muslim,Yes,No,No,88.69,Medium,Yes,1
Scholarship Scheme 3830,High School,Male,SC,Christian,No,No,Yes,72.72,Low,Yes,0
Scholarship Scheme 3831,High School,All,OBC,Hindu,No,No,Yes,81.44,Medium,Yes,1
Scholarship Scheme 3832,Postgraduate,Female,General,Christian,Yes,Yes,No,85.76,Medium,Yes,0
Scholarship Scheme 3833,High School,Female,General,Sikh,No,No,No,97.93,Low,Yes,0
Scholarship Scheme 3834,Postgraduate,Male,OBC,Hindu,Yes,Yes,No,58.24,Low,Yes,1
Scholarship Scheme 3835,Doctorate,All,SC,Muslim,No,Yes,No,99.77,Medium,Yes,1
Scholarship Scheme 3836,Postgraduate,Female,SC,Christian,Yes,No,No,69.57,High,Yes,0
Scholarship Scheme 3837,Undergraduate,All,ST,Hindu,Yes,Yes,No,86.09,Medium,Yes,0
Scholarship Scheme 3838,Postgraduate,All,ST,Hindu,Yes,No,No,78.56,High,Yes,0
Scholarship Scheme 3839,Undergraduate,Female,OBC,Sikh,Yes,Yes,No,74.28,High,Yes,0
Scholarship Scheme 3840,Postgraduate,All,ST,Sikh,Yes,Yes,No,84.83,Low,Yes,1
Scholarship Scheme 3841,High School,Female,ST,Christian,No,Yes,No,69.75,Low,Yes,0
Scholarship Scheme 3842,Doctorate,Female,ST,Muslim,Yes,Yes,Yes,56.29,Low,Yes,0
Scholarship Scheme 3843,Undergraduate,Female,General,Hindu,No,No,No,74.4,Low,Yes,0
Scholarship Scheme 3844,Postgraduate,All,ST,Sikh,No,No,No,76.04,Medium,Yes,0
Scholarship Scheme 3845,Postgraduate,Female,OBC,Christian,Yes,Yes,No,60.07,High,Yes,1
Scholarship Scheme 3846,Postgraduate,All,SC,Sikh,Yes,Yes,No,96.69,Medium,Yes,1
Scholarship Scheme 3847,High School,Female,ST,Christian,No,Yes,No,61.35,High,Yes,0
Scholarship Scheme 3848,High School,Female,SC,Sikh,Yes,Yes,Yes,70.42,Medium,Yes,0
Scholarship Scheme 3849,Undergraduate,Male,ST,Muslim,Yes,No,Yes,57.73,High,Yes,0
Scholarship Scheme 3850,Undergraduate,Male,OBC,Hindu,No,Yes,Yes,76.74,Low,Yes,1
Scholarship Scheme 3851,High School,Male,General,Sikh,No,Yes,No,65.35,High,Yes,0
Scholarship Scheme 3852,Undergraduate,All,OBC,Hindu,No,Yes,No,74.41,Low,Yes,0
Scholarship Scheme 3853,Doctorate,All,General,Christian,No,No,Yes,61.21,High,Yes,0
Scholarship Scheme 3854,Doctorate,Female,ST,Muslim,No,Yes,No,52.68,Medium,Yes,1
Scholarship Scheme 3855,High School,Female,ST,Hindu,No,No,No,88.88,High,Yes,1
Scholarship Scheme 3856,Undergraduate,Female,General,Sikh,Yes,No,Yes,81.99,Medium,Yes,0
Scholarship Scheme 3857,Postgraduate,Female,OBC,Hindu,No,Yes,No,67.0,Medium,Yes,0
Scholarship Scheme 3858,Doctorate,All,OBC,Hindu,No,Yes,No,52.37,Low,Yes,1
Scholarship Scheme 3859,High School,Female,General,Christian,Yes,Yes,No,93.19,High,Yes,0
Scholarship Scheme 3860,Undergraduate,Female,ST,Muslim,Yes,No,No,58.47,Medium,Yes,0
Scholarship Scheme 3861,High School,Male,General,Muslim,Yes,No,No,96.44,High,Yes,1
Scholarship Scheme 3862,Postgraduate,Female,ST,Hindu,Yes,Yes,No,73.88,Low,Yes,1
Scholarship Scheme 3863,Doctorate,Female,General,Hindu,Yes,No,No,66.99,Low,Yes,1
Scholarship Scheme 3864,High School,Female,ST,Christian,Yes,Yes,Yes,87.01,High,Yes,0
Scholarship Scheme 3865,High School,All,General,Hindu,No,Yes,Yes,93.75,Medium,Yes,0
Scholarship Scheme 3866,High School,Male,SC,Christian,Yes,Yes,No,68.5,Medium,Yes,0
Scholarship Scheme 3867,Postgraduate,Female,ST,Muslim,Yes,Yes,No,70.33,Medium,Yes,1
Scholarship Scheme 3868,High School,Female,OBC,Muslim,Yes,Yes,Yes,71.61,High,Yes,1
Scholarship Scheme 3869,Postgraduate,Male,General,Christian,Yes,Yes,Yes,96.02,Medium,Yes,1
Scholarship Scheme 3870,Postgraduate,Female,OBC,Hindu,No,No,Yes,84.56,Medium,Yes,1
Scholarship Scheme 3871,Postgraduate,All,General,Muslim,Yes,No,Yes,62.36,Medium,Yes,1
Scholarship Scheme 3872,Doctorate,Female,OBC,Sikh,Yes,No,Yes,59.23,Low,Yes,0
Scholarship Scheme 3873,Doctorate,All,OBC,Christian,No,Yes,Yes,61.5,Medium,Yes,0
Scholarship Scheme 3874,High School,All,General,Muslim,No,Yes,Yes,63.15,High,Yes,0
Scholarship Scheme 3875,High School,Female,General,Muslim,No,Yes,No,61.49,High,Yes,0
Scholarship Scheme 3876,Doctorate,Male,OBC,Muslim,Yes,No,Yes,82.86,Medium,Yes,0
Scholarship Scheme 3877,Undergraduate,All,OBC,Sikh,No,Yes,Yes,55.79,High,Yes,1
Scholarship Scheme 3878,Doctorate,Male,OBC,Sikh,No,No,Yes,69.33,High,Yes,0
Scholarship Scheme 3879,Postgraduate,Female,ST,Sikh,No,Yes,No,81.19,Medium,Yes,1
Scholarship Scheme 3880,Doctorate,All,ST,Hindu,Yes,No,No,64.51,Low,Yes,1
Scholarship Scheme 3881,Postgraduate,Female,SC,Christian,Yes,Yes,No,53.26,Medium,Yes,0
Scholarship Scheme 3882,High School,Male,ST,Hindu,No,Yes,Yes,54.08,High,Yes,0
Scholarship Scheme 3883,Undergraduate,Female,ST,Sikh,Yes,No,Yes,56.29,High,Yes,0
Scholarship Scheme 3884,High School,Female,General,Christian,Yes,No,Yes,91.71,Medium,Yes,0
Scholarship Scheme 3885,Postgraduate,All,SC,Hindu,Yes,No,No,82.83,High,Yes,0
Scholarship Scheme 3886,Postgraduate,Female,SC,Hindu,Yes,Yes,No,53.22,Low,Yes,1
Scholarship Scheme 3887,Postgraduate,Female,ST,Hindu,Yes,No,No,69.51,Medium,Yes,1
Scholarship Scheme 3888,Undergraduate,Female,General,Sikh,No,No,No,63.9,High,Yes,0
Scholarship Scheme 3889,Doctorate,All,General,Muslim,No,Yes,No,78.84,Low,Yes,0
Scholarship Scheme 3890,High School,Male,SC,Christian,No,Yes,No,76.09,High,Yes,1
Scholarship Scheme 3891,High School,Male,General,Sikh,No,No,Yes,74.01,Low,Yes,0
Scholarship Scheme 3892,Doctorate,Female,OBC,Christian,Yes,Yes,No,65.69,High,Yes,0
Scholarship Scheme 3893,High School,All,ST,Sikh,No,No,No,56.88,Medium,Yes,1
Scholarship Scheme 3894,Undergraduate,Female,OBC,Hindu,No,No,No,87.04,High,Yes,0
Scholarship Scheme 3895,High School,Male,SC,Hindu,Yes,No,No,93.9,Medium,Yes,1
Scholarship Scheme 3896,Postgraduate,All,SC,Muslim,Yes,Yes,Yes,97.11,Low,Yes,0
Scholarship Scheme 3897,Doctorate,Male,General,Muslim,Yes,No,Yes,52.93,Low,Yes,0
Scholarship Scheme 3898,Undergraduate,Male,General,Christian,Yes,No,No,86.92,High,Yes,0
Scholarship Scheme 3899,Doctorate,All,SC,Muslim,No,Yes,Yes,86.25,Medium,Yes,1
Scholarship Scheme 3900,Undergraduate,All,SC,Muslim,Yes,No,Yes,97.26,Medium,Yes,1
Scholarship Scheme 3901,Postgraduate,Female,OBC,Christian,Yes,No,Yes,62.62,Low,Yes,0
Scholarship Scheme 3902,Doctorate,Female,OBC,Sikh,Yes,No,Yes,87.03,Low,Yes,1
Scholarship Scheme 3903,High School,Male,General,Muslim,Yes,Yes,Yes,52.73,High,Yes,0
Scholarship Scheme 3904,Undergraduate,All,OBC,Sikh,Yes,No,Yes,81.5,Low,Yes,0
Scholarship Scheme 3905,Doctorate,All,General,Hindu,Yes,Yes,Yes,67.51,Low,Yes,0
Scholarship Scheme 3906,High School,Female,General,Muslim,No,Yes,No,88.37,Medium,Yes,0
Scholarship Scheme 3907,Doctorate,Male,ST,Hindu,No,No,Yes,93.08,Medium,Yes,0
Scholarship Scheme 3908,Doctorate,Male,General,Hindu,No,No,No,68.2,Medium,Yes,0
Scholarship Scheme 3909,Doctorate,Female,OBC,Sikh,Yes,Yes,Yes,76.23,Low,Yes,1
Scholarship Scheme 3910,Undergraduate,All,SC,Christian,Yes,No,Yes,55.86,High,Yes,1
Scholarship Scheme 3911,High School,Female,SC,Muslim,No,No,Yes,70.8,High,Yes,1
Scholarship Scheme 3912,Postgraduate,Female,OBC,Sikh,No,Yes,No,68.0,Low,Yes,0
Scholarship Scheme 3913,Undergraduate,Female,SC,Christian,No,No,Yes,59.14,High,Yes,1
Scholarship Scheme 3914,Undergraduate,Female,General,Hindu,No,No,No,94.63,Low,Yes,0
Scholarship Scheme 3915,Undergraduate,All,SC,Muslim,Yes,Yes,Yes,57.39,High,Yes,1
Scholarship Scheme 3916,Postgraduate,Female,OBC,Hindu,No,No,Yes,81.72,Low,Yes,1
Scholarship Scheme 3917,High School,All,SC,Hindu,Yes,Yes,No,94.42,Medium,Yes,1
Scholarship Scheme 3918,High School,Female,General,Muslim,Yes,Yes,Yes,95.51,High,Yes,0
Scholarship Scheme 3919,High School,Male,General,Christian,Yes,No,Yes,89.58,Medium,Yes,0
Scholarship Scheme 3920,Doctorate,All,OBC,Christian,No,Yes,Yes,58.79,Medium,Yes,1
Scholarship Scheme 3921,Doctorate,Male,OBC,Muslim,No,No,No,90.79,High,Yes,0
Scholarship Scheme 3922,Doctorate,Female,OBC,Muslim,No,No,Yes,63.8,Low,Yes,1
Scholarship Scheme 3923,Postgraduate,Female,ST,Sikh,Yes,Yes,Yes,96.03,Medium,Yes,0
Scholarship Scheme 3924,Doctorate,Female,ST,Sikh,Yes,Yes,Yes,85.38,Medium,Yes,0
Scholarship Scheme 3925,Postgraduate,All,General,Hindu,No,Yes,No,89.18,Low,Yes,1
Scholarship Scheme 3926,High School,Male,ST,Muslim,Yes,Yes,Yes,54.24,Low,Yes,0
Scholarship Scheme 3927,Doctorate,All,ST,Christian,No,Yes,No,79.08,High,Yes,0
Scholarship Scheme 3928,Doctorate,All,SC,Hindu,Yes,Yes,Yes,90.97,High,Yes,0
Scholarship Scheme 3929,Undergraduate,Female,ST,Hindu,Yes,No,Yes,92.99,Low,Yes,1
Scholarship Scheme 3930,Postgraduate,Male,SC,Hindu,Yes,No,No,51.43,Medium,Yes,0
Scholarship Scheme 3931,High School,Female,OBC,Hindu,Yes,Yes,No,96.86,Low,Yes,0
Scholarship Scheme 3932,Undergraduate,All,SC,Christian,Yes,No,No,52.16,High,Yes,1
Scholarship Scheme 3933,Undergraduate,Female,SC,Hindu,Yes,Yes,No,80.66,Medium,Yes,0
Scholarship Scheme 3934,High School,Male,OBC,Muslim,Yes,Yes,No,84.6,Medium,Yes,0
Scholarship Scheme 3935,Undergraduate,Female,OBC,Sikh,No,No,Yes,55.36,High,Yes,0
Scholarship Scheme 3936,Postgraduate,Male,General,Christian,Yes,No,Yes,52.4,Medium,Yes,0
Scholarship Scheme 3937,Postgraduate,Male,General,Muslim,Yes,Yes,No,89.17,Low,Yes,0
Scholarship Scheme 3938,Doctorate,Female,General,Muslim,No,Yes,Yes,69.2,High,Yes,1
Scholarship Scheme 3939,Undergraduate,All,General,Muslim,No,Yes,Yes,55.34,Medium,Yes,1
Scholarship Scheme 3940,Doctorate,Female,SC,Sikh,No,No,No,88.06,High,Yes,0
Scholarship Scheme 3941,Undergraduate,All,SC,Sikh,No,Yes,No,92.37,Medium,Yes,0
Scholarship Scheme 3942,Postgraduate,All,General,Sikh,Yes,Yes,No,79.31,Low,Yes,0
Scholarship Scheme 3943,Postgraduate,Female,ST,Muslim,Yes,No,Yes,58.05,High,Yes,0
Scholarship Scheme 3944,Postgraduate,All,General,Sikh,No,No,No,50.76,Medium,Yes,1
Scholarship Scheme 3945,Undergraduate,All,ST,Hindu,Yes,No,Yes,84.97,Low,Yes,0
Scholarship Scheme 3946,Postgraduate,Female,OBC,Sikh,No,Yes,No,77.45,Low,Yes,1
Scholarship Scheme 3947,Undergraduate,Female,SC,Christian,Yes,Yes,No,82.47,Low,Yes,0
Scholarship Scheme 3948,Doctorate,Female,SC,Muslim,Yes,No,No,90.58,Medium,Yes,0
Scholarship Scheme 3949,Undergraduate,All,ST,Muslim,Yes,Yes,No,71.67,Medium,Yes,0
Scholarship Scheme 3950,Doctorate,Male,General,Hindu,Yes,Yes,Yes,56.21,Low,Yes,0
Scholarship Scheme 3951,Undergraduate,All,SC,Sikh,Yes,No,Yes,96.91,Low,Yes,1
Scholarship Scheme 3952,Doctorate,Male,ST,Sikh,No,No,Yes,77.21,Low,Yes,0
Scholarship Scheme 3953,Postgraduate,Female,OBC,Christian,Yes,Yes,No,80.7,Low,Yes,0
Scholarship Scheme 3954,Doctorate,Male,OBC,Hindu,Yes,No,Yes,96.58,Low,Yes,1
Scholarship Scheme 3955,Postgraduate,Female,SC,Christian,Yes,No,Yes,96.49,Medium,Yes,1
Scholarship Scheme 3956,Postgraduate,Female,General,Christian,Yes,Yes,Yes,78.55,High,Yes,1
Scholarship Scheme 3957,Doctorate,Male,ST,Muslim,Yes,Yes,No,64.85,High,Yes,0
Scholarship Scheme 3958,Undergraduate,Female,SC,Muslim,No,Yes,Yes,99.76,High,Yes,1
Scholarship Scheme 3959,Undergraduate,Male,OBC,Sikh,Yes,Yes,No,83.97,Medium,Yes,0
Scholarship Scheme 3960,High School,Female,General,Sikh,No,Yes,No,70.38,High,Yes,1
Scholarship Scheme 3961,Undergraduate,All,ST,Christian,Yes,Yes,Yes,77.94,High,Yes,1
Scholarship Scheme 3962,High School,All,SC,Sikh,Yes,No,Yes,70.75,High,Yes,0
Scholarship Scheme 3963,Undergraduate,Female,ST,Christian,No,No,No,94.33,High,Yes,0
Scholarship Scheme 3964,Undergraduate,Female,General,Sikh,Yes,No,No,74.08,Low,Yes,1
Scholarship Scheme 3965,Postgraduate,Male,General,Sikh,Yes,Yes,No,91.09,Medium,Yes,0
Scholarship Scheme 3966,High School,All,OBC,Muslim,No,Yes,Yes,91.92,High,Yes,1
Scholarship Scheme 3967,Undergraduate,Male,General,Muslim,Yes,Yes,No,91.13,Low,Yes,0
Scholarship Scheme 3968,High School,Female,SC,Muslim,No,Yes,No,86.04,High,Yes,1
Scholarship Scheme 3969,Postgraduate,Female,ST,Muslim,No,Yes,No,92.66,High,Yes,1
Scholarship Scheme 3970,Postgraduate,Male,General,Hindu,No,No,Yes,69.32,High,Yes,0
Scholarship Scheme 3971,High School,Female,General,Muslim,Yes,Yes,No,55.72,High,Yes,0
Scholarship Scheme 3972,Postgraduate,All,SC,Hindu,Yes,No,No,92.04,High,Yes,0
Scholarship Scheme 3973,Doctorate,Male,ST,Muslim,No,Yes,No,74.86,Low,Yes,0
Scholarship Scheme 3974,Doctorate,All,ST,Sikh,Yes,No,No,56.36,High,Yes,0
Scholarship Scheme 3975,Postgraduate,All,OBC,Christian,No,No,No,55.75,Low,Yes,1
Scholarship Scheme 3976,Doctorate,All,OBC,Sikh,Yes,No,Yes,57.95,High,Yes,1
Scholarship Scheme 3977,Undergraduate,Male,ST,Sikh,No,No,Yes,87.47,Medium,Yes,1
Scholarship Scheme 3978,High School,Female,SC,Hindu,Yes,No,No,85.47,Low,Yes,1
Scholarship Scheme 3979,Undergraduate,All,SC,Muslim,No,No,No,60.17,High,Yes,1
Scholarship Scheme 3980,High School,All,OBC,Christian,Yes,No,No,92.26,Low,Yes,1
Scholarship Scheme 3981,Postgraduate,All,General,Christian,No,Yes,No,64.04,High,Yes,1
Scholarship Scheme 3982,Undergraduate,Female,SC,Muslim,Yes,Yes,No,89.57,High,Yes,0
Scholarship Scheme 3983,Postgraduate,Female,General,Hindu,No,No,No,74.39,Low,Yes,0
Scholarship Scheme 3984,Postgraduate,Male,SC,Hindu,Yes,Yes,Yes,86.5,High,Yes,0
Scholarship Scheme 3985,High School,Female,ST,Hindu,Yes,Yes,No,69.03,High,Yes,1
Scholarship Scheme 3986,High School,Male,OBC,Christian,No,No,No,67.32,High,Yes,0
Scholarship Scheme 3987,High School,Male,General,Hindu,Yes,Yes,Yes,91.98,High,Yes,0
Scholarship Scheme 3988,Undergraduate,Male,General,Hindu,Yes,No,Yes,51.76,High,Yes,0
Scholarship Scheme 3989,Doctorate,Male,ST,Christian,Yes,Yes,Yes,98.64,High,Yes,1
Scholarship Scheme 3990,High School,Male,SC,Christian,Yes,No,Yes,82.34,Low,Yes,1
Scholarship Scheme 3991,High School,All,General,Sikh,No,Yes,No,71.58,Medium,Yes,0
Scholarship Scheme 3992,Undergraduate,Female,SC,Christian,Yes,No,Yes,81.34,High,Yes,1
Scholarship Scheme 3993,High School,All,ST,Muslim,Yes,Yes,Yes,56.12,Low,Yes,1
Scholarship Scheme 3994,Undergraduate,Male,OBC,Christian,No,Yes,Yes,75.65,Medium,Yes,0
Scholarship Scheme 3995,Postgraduate,Female,General,Christian,Yes,Yes,No,99.16,Low,Yes,0
Scholarship Scheme 3996,High School,All,SC,Hindu,No,No,No,61.74,Medium,Yes,0
Scholarship Scheme 3997,High School,All,General,Sikh,Yes,No,No,86.04,Medium,Yes,0
Scholarship Scheme 3998,Postgraduate,Male,SC,Hindu,No,Yes,Yes,71.71,Medium,Yes,1
Scholarship Scheme 3999,Postgraduate,All,SC,Sikh,Yes,Yes,No,82.56,Low,Yes,1
Scholarship Scheme 4000,Postgraduate,All,SC,Hindu,No,No,Yes,60.22,Medium,Yes,1
Scholarship Scheme 4001,High School,All,ST,Muslim,No,Yes,Yes,73.48,High,Yes,0
Scholarship Scheme 4002,Doctorate,All,OBC,Hindu,No,Yes,Yes,98.91,High,Yes,1
Scholarship Scheme 4003,Doctorate,All,General,Hindu,Yes,No,Yes,59.74,Medium,Yes,0
Scholarship Scheme 4004,Doctorate,Male,OBC,Muslim,No,No,No,81.76,Medium,Yes,0
Scholarship Scheme 4005,High School,Male,SC,Muslim,Yes,Yes,No,78.72,High,Yes,0
Scholarship Scheme 4006,Postgraduate,All,SC,Christian,No,No,No,78.2,Low,Yes,1
Scholarship Scheme 4007,High School,Male,OBC,Hindu,No,Yes,No,80.69,Low,Yes,1
Scholarship Scheme 4008,Postgraduate,Male,OBC,Muslim,No,Yes,Yes,75.06,High,Yes,0
Scholarship Scheme 4009,High School,Female,General,Muslim,Yes,No,Yes,50.84,Low,Yes,1
Scholarship Scheme 4010,High School,All,SC,Christian,Yes,Yes,Yes,94.91,Low,Yes,0
Scholarship Scheme 4011,Postgraduate,Male,OBC,Sikh,No,No,Yes,91.27,Medium,Yes,0
Scholarship Scheme 4012,Doctorate,Male,ST,Muslim,No,No,Yes,58.69,Low,Yes,0
Scholarship Scheme 4013,Postgraduate,All,SC,Muslim,No,Yes,No,70.62,High,Yes,0
Scholarship Scheme 4014,Undergraduate,Female,SC,Hindu,No,No,No,88.45,Low,Yes,1
Scholarship Scheme 4015,Undergraduate,All,General,Christian,No,Yes,Yes,98.91,Medium,Yes,1
Scholarship Scheme 4016,Postgraduate,Female,ST,Hindu,No,No,Yes,97.46,High,Yes,0
Scholarship Scheme 4017,High School,All,General,Sikh,No,Yes,No,94.88,High,Yes,0
Scholarship Scheme 4018,Undergraduate,All,ST,Christian,No,No,No,57.9,High,Yes,1
Scholarship Scheme 4019,Undergraduate,All,General,Hindu,Yes,Yes,Yes,95.63,Medium,Yes,0
Scholarship Scheme 4020,High School,All,ST,Muslim,No,Yes,No,93.83,High,Yes,0
Scholarship Scheme 4021,High School,Female,ST,Muslim,Yes,No,No,68.81,Medium,Yes,0
Scholarship Scheme 4022,Doctorate,Female,ST,Christian,No,Yes,Yes,69.69,Medium,Yes,0
Scholarship Scheme 4023,High School,Male,OBC,Muslim,Yes,Yes,Yes,72.95,Low,Yes,0
Scholarship Scheme 4024,Postgraduate,All,SC,Hindu,Yes,Yes,No,82.74,High,Yes,0
Scholarship Scheme 4025,Postgraduate,Female,ST,Christian,No,Yes,No,63.02,Low,Yes,0
Scholarship Scheme 4026,Doctorate,Female,OBC,Muslim,Yes,Yes,Yes,51.15,Low,Yes,0
Scholarship Scheme 4027,Undergraduate,Female,OBC,Muslim,Yes,Yes,No,57.05,Medium,Yes,0
Scholarship Scheme 4028,Undergraduate,All,General,Sikh,No,No,No,71.96,Low,Yes,1
Scholarship Scheme 4029,High School,Male,SC,Sikh,No,No,No,64.07,Low,Yes,1
Scholarship Scheme 4030,Postgraduate,Female,SC,Christian,No,No,Yes,88.15,Low,Yes,0
Scholarship Scheme 4031,Undergraduate,All,General,Sikh,Yes,No,No,55.32,High,Yes,0
Scholarship Scheme 4032,Doctorate,Female,SC,Hindu,No,Yes,No,95.78,Low,Yes,0
Scholarship Scheme 4033,Doctorate,Female,General,Muslim,Yes,Yes,Yes,94.68,Medium,Yes,0
Scholarship Scheme 4034,Postgraduate,Male,OBC,Muslim,No,No,Yes,95.35,High,Yes,1
Scholarship Scheme 4035,Doctorate,Female,OBC,Muslim,No,Yes,No,86.91,Medium,Yes,0
Scholarship Scheme 4036,Doctorate,Female,ST,Christian,Yes,No,Yes,55.34,High,Yes,0
Scholarship Scheme 4037,Postgraduate,All,General,Christian,Yes,Yes,Yes,71.86,High,Yes,0
Scholarship Scheme 4038,High School,All,OBC,Sikh,Yes,Yes,No,56.56,High,Yes,0
Scholarship Scheme 4039,High School,Male,OBC,Muslim,No,No,Yes,99.29,Medium,Yes,0
Scholarship Scheme 4040,Doctorate,All,General,Muslim,No,Yes,No,66.62,Low,Yes,1
Scholarship Scheme 4041,High School,All,OBC,Muslim,No,No,No,79.21,High,Yes,1
Scholarship Scheme 4042,High School,Male,SC,Muslim,Yes,No,Yes,88.89,Medium,Yes,0
Scholarship Scheme 4043,Doctorate,Female,OBC,Muslim,Yes,No,No,95.94,High,Yes,1
Scholarship Scheme 4044,High School,Male,General,Hindu,Yes,Yes,No,87.7,Low,Yes,0
Scholarship Scheme 4045,Doctorate,All,SC,Muslim,Yes,Yes,No,83.66,High,Yes,0
Scholarship Scheme 4046,Undergraduate,Male,SC,Hindu,No,No,No,73.25,Medium,Yes,1
Scholarship Scheme 4047,Postgraduate,Female,OBC,Muslim,Yes,Yes,No,80.21,High,Yes,0
Scholarship Scheme 4048,Postgraduate,Male,ST,Christian,Yes,No,Yes,54.7,Medium,Yes,1
Scholarship Scheme 4049,High School,All,SC,Christian,No,No,Yes,94.11,Low,Yes,1
Scholarship Scheme 4050,High School,All,General,Hindu,No,Yes,No,77.13,Low,Yes,1
Scholarship Scheme 4051,High School,Male,ST,Muslim,Yes,No,No,52.0,High,Yes,1
Scholarship Scheme 4052,Postgraduate,Female,ST,Christian,Yes,Yes,Yes,95.9,Low,Yes,0
Scholarship Scheme 4053,Undergraduate,Male,SC,Christian,Yes,Yes,No,74.42,Medium,Yes,1
Scholarship Scheme 4054,Undergraduate,Female,OBC,Muslim,Yes,Yes,No,93.34,High,Yes,0
Scholarship Scheme 4055,Postgraduate,Female,ST,Muslim,Yes,No,No,92.76,Medium,Yes,1
Scholarship Scheme 4056,Undergraduate,Male,OBC,Christian,Yes,No,Yes,90.71,High,Yes,0
Scholarship Scheme 4057,Postgraduate,Female,SC,Muslim,No,Yes,No,53.06,Medium,Yes,1
Scholarship Scheme 4058,Undergraduate,All,General,Sikh,No,Yes,Yes,62.33,High,Yes,1
Scholarship Scheme 4059,Doctorate,Male,ST,Muslim,No,No,No,93.69,Medium,Yes,1
Scholarship Scheme 4060,Doctorate,Female,General,Christian,No,Yes,No,94.86,Medium,Yes,1
Scholarship Scheme 4061,Postgraduate,All,OBC,Christian,Yes,Yes,Yes,72.86,High,Yes,1
Scholarship Scheme 4062,Undergraduate,Male,OBC,Hindu,Yes,No,Yes,71.96,Medium,Yes,0
Scholarship Scheme 4063,High School,All,General,Sikh,Yes,No,No,58.74,Low,Yes,1
Scholarship Scheme 4064,Undergraduate,All,SC,Christian,Yes,No,No,98.32,Medium,Yes,1
Scholarship Scheme 4065,Doctorate,All,SC,Sikh,No,Yes,No,60.64,High,Yes,1
Scholarship Scheme 4066,Doctorate,Female,ST,Muslim,Yes,No,Yes,59.53,Low,Yes,1
Scholarship Scheme 4067,Undergraduate,Male,ST,Christian,Yes,No,No,82.97,Low,Yes,0
Scholarship Scheme 4068,Undergraduate,Male,SC,Hindu,Yes,No,Yes,62.12,Medium,Yes,0
Scholarship Scheme 4069,High School,Female,SC,Christian,Yes,No,No,96.84,Medium,Yes,1
Scholarship Scheme 4070,High School,Male,General,Hindu,No,No,No,50.54,Medium,Yes,0
Scholarship Scheme 4071,Undergraduate,All,OBC,Sikh,Yes,No,No,50.29,Low,Yes,0
Scholarship Scheme 4072,Undergraduate,Male,OBC,Hindu,No,No,No,75.19,Low,Yes,1
Scholarship Scheme 4073,Undergraduate,Female,ST,Muslim,Yes,Yes,No,74.35,Low,Yes,0
Scholarship Scheme 4074,Undergraduate,All,SC,Muslim,Yes,No,No,58.15,High,Yes,1
Scholarship Scheme 4075,Postgraduate,Female,General,Muslim,Yes,Yes,No,74.68,High,Yes,1
Scholarship Scheme 4076,Undergraduate,All,ST,Christian,No,Yes,Yes,70.54,Medium,Yes,0
Scholarship Scheme 4077,High School,All,General,Muslim,Yes,No,No,94.43,High,Yes,1
Scholarship Scheme 4078,Doctorate,Male,SC,Muslim,Yes,Yes,No,50.46,High,Yes,0
Scholarship Scheme 4079,Postgraduate,All,SC,Christian,Yes,No,No,98.72,Medium,Yes,1
Scholarship Scheme 4080,Undergraduate,Female,SC,Sikh,No,Yes,No,81.16,Medium,Yes,0
Scholarship Scheme 4081,Doctorate,Male,OBC,Muslim,No,No,Yes,57.58,Low,Yes,1
Scholarship Scheme 4082,Postgraduate,Female,SC,Muslim,Yes,Yes,Yes,52.33,Low,Yes,0
Scholarship Scheme 4083,Doctorate,All,ST,Christian,No,No,No,76.85,Medium,Yes,1
Scholarship Scheme 4084,Undergraduate,Female,OBC,Sikh,Yes,No,No,61.72,Medium,Yes,1
Scholarship Scheme 4085,Undergraduate,Female,General,Sikh,Yes,Yes,Yes,65.03,High,Yes,0
Scholarship Scheme 4086,High School,All,ST,Sikh,No,Yes,Yes,62.23,High,Yes,1
Scholarship Scheme 4087,Undergraduate,Male,ST,Christian,Yes,No,Yes,82.44,High,Yes,1
Scholarship Scheme 4088,Undergraduate,Female,General,Hindu,Yes,Yes,No,77.62,Medium,Yes,1
Scholarship Scheme 4089,Postgraduate,All,OBC,Hindu,No,No,Yes,53.89,Medium,Yes,1
Scholarship Scheme 4090,High School,Male,ST,Muslim,No,Yes,Yes,76.27,Low,Yes,0
Scholarship Scheme 4091,Postgraduate,Male,ST,Muslim,No,No,No,89.48,High,Yes,0
Scholarship Scheme 4092,Doctorate,Male,ST,Muslim,No,Yes,No,54.05,Low,Yes,0
Scholarship Scheme 4093,Undergraduate,Female,OBC,Hindu,Yes,No,No,94.4,Medium,Yes,0
Scholarship Scheme 4094,Doctorate,Female,OBC,Christian,Yes,Yes,Yes,78.86,High,Yes,0
Scholarship Scheme 4095,Postgraduate,Female,OBC,Muslim,Yes,No,Yes,97.44,Low,Yes,1
Scholarship Scheme 4096,Undergraduate,Male,ST,Christian,Yes,Yes,Yes,57.39,Medium,Yes,0
Scholarship Scheme 4097,Undergraduate,Female,SC,Muslim,Yes,No,Yes,99.58,Low,Yes,0
Scholarship Scheme 4098,Postgraduate,All,General,Christian,Yes,Yes,No,82.15,High,Yes,1
Scholarship Scheme 4099,Postgraduate,Female,SC,Christian,Yes,Yes,Yes,78.32,Low,Yes,0
Scholarship Scheme 4100,Postgraduate,Female,OBC,Hindu,Yes,No,No,75.71,Low,Yes,0
Scholarship Scheme 4101,Postgraduate,Male,ST,Christian,No,Yes,Yes,51.18,Medium,Yes,0
Scholarship Scheme 4102,Postgraduate,Female,ST,Sikh,Yes,Yes,Yes,96.89,High,Yes,0
Scholarship Scheme 4103,Undergraduate,All,SC,Hindu,Yes,No,Yes,82.14,Low,Yes,1
Scholarship Scheme 4104,Postgraduate,Male,SC,Muslim,Yes,No,No,54.57,Medium,Yes,1
Scholarship Scheme 4105,Undergraduate,All,General,Hindu,Yes,No,Yes,51.05,High,Yes,0
Scholarship Scheme 4106,Undergraduate,Male,ST,Sikh,Yes,No,No,52.53,Medium,Yes,0
Scholarship Scheme 4107,Postgraduate,Male,SC,Sikh,No,Yes,No,80.41,High,Yes,1
Scholarship Scheme 4108,Postgraduate,Female,General,Christian,No,Yes,No,80.64,Medium,Yes,1
Scholarship Scheme 4109,High School,All,OBC,Sikh,No,Yes,No,74.93,Medium,Yes,0
Scholarship Scheme 4110,Undergraduate,Male,SC,Sikh,Yes,No,Yes,65.31,Medium,Yes,1
Scholarship Scheme 4111,Postgraduate,Female,OBC,Sikh,Yes,Yes,Yes,76.53,Low,Yes,0
Scholarship Scheme 4112,Postgraduate,Male,General,Sikh,Yes,Yes,No,75.76,Low,Yes,0
Scholarship Scheme 4113,Postgraduate,Male,OBC,Muslim,Yes,No,No,50.97,Medium,Yes,0
Scholarship Scheme 4114,High School,Male,ST,Muslim,No,Yes,Yes,64.1,High,Yes,1
Scholarship Scheme 4115,High School,Male,ST,Hindu,No,Yes,Yes,52.65,Medium,Yes,1
Scholarship Scheme 4116,Doctorate,Male,OBC,Christian,Yes,No,No,94.92,Low,Yes,0
Scholarship Scheme 4117,Undergraduate,Male,ST,Muslim,Yes,Yes,Yes,86.19,High,Yes,1
Scholarship Scheme 4118,Doctorate,Female,General,Sikh,No,No,Yes,99.71,Low,Yes,0
Scholarship Scheme 4119,Postgraduate,Male,ST,Christian,No,No,Yes,65.08,Medium,Yes,0
Scholarship Scheme 4120,High School,All,OBC,Muslim,No,Yes,No,93.84,Low,Yes,0
Scholarship Scheme 4121,High School,Female,OBC,Hindu,No,Yes,No,80.09,Low,Yes,1
Scholarship Scheme 4122,Doctorate,All,OBC,Sikh,No,Yes,No,72.61,Low,Yes,0
Scholarship Scheme 4123,High School,Male,SC,Christian,No,No,No,61.11,Medium,Yes,0
Scholarship Scheme 4124,Postgraduate,All,OBC,Muslim,No,No,No,86.85,Low,Yes,0
Scholarship Scheme 4125,High School,Male,General,Christian,Yes,Yes,Yes,95.12,Medium,Yes,1
Scholarship Scheme 4126,Doctorate,Male,ST,Muslim,Yes,Yes,Yes,61.74,Medium,Yes,0
Scholarship Scheme 4127,Postgraduate,Female,ST,Hindu,No,No,Yes,58.75,Low,Yes,0
Scholarship Scheme 4128,Doctorate,Female,SC,Sikh,Yes,Yes,No,84.74,High,Yes,0
Scholarship Scheme 4129,High School,Male,SC,Hindu,No,Yes,Yes,98.75,Low,Yes,0
Scholarship Scheme 4130,Doctorate,Female,General,Sikh,Yes,No,No,87.42,Low,Yes,1
Scholarship Scheme 4131,Doctorate,All,OBC,Sikh,No,Yes,No,64.2,Low,Yes,1
Scholarship Scheme 4132,Undergraduate,Female,SC,Christian,Yes,Yes,No,70.96,High,Yes,0
Scholarship Scheme 4133,High School,Female,ST,Muslim,No,Yes,No,69.18,High,Yes,1
Scholarship Scheme 4134,High School,All,SC,Hindu,Yes,Yes,No,92.52,Medium,Yes,0
Scholarship Scheme 4135,Doctorate,Female,SC,Hindu,Yes,No,No,88.49,High,Yes,0
Scholarship Scheme 4136,Undergraduate,Male,OBC,Hindu,No,No,Yes,79.39,High,Yes,0
Scholarship Scheme 4137,High School,All,SC,Christian,No,No,No,63.72,Low,Yes,1
Scholarship Scheme 4138,Postgraduate,Male,General,Christian,No,No,Yes,96.81,Medium,Yes,1
Scholarship Scheme 4139,Doctorate,All,ST,Christian,Yes,Yes,No,82.6,Medium,Yes,1
Scholarship Scheme 4140,High School,Male,OBC,Sikh,Yes,Yes,Yes,98.43,High,Yes,0
Scholarship Scheme 4141,Postgraduate,Male,ST,Hindu,Yes,Yes,No,78.95,High,Yes,1
Scholarship Scheme 4142,High School,Female,General,Sikh,Yes,Yes,No,90.98,Low,Yes,1
Scholarship Scheme 4143,Postgraduate,Male,General,Hindu,No,No,Yes,90.57,High,Yes,0
Scholarship Scheme 4144,Doctorate,Female,SC,Hindu,No,Yes,No,66.83,High,Yes,1
Scholarship Scheme 4145,High School,All,SC,Muslim,Yes,Yes,No,98.1,Medium,Yes,0
Scholarship Scheme 4146,High School,Male,SC,Hindu,No,No,Yes,51.09,High,Yes,1
Scholarship Scheme 4147,Undergraduate,Male,ST,Christian,No,No,Yes,88.36,Low,Yes,0
Scholarship Scheme 4148,Doctorate,All,General,Christian,No,No,No,98.18,Medium,Yes,1
Scholarship Scheme 4149,Postgraduate,All,OBC,Christian,No,Yes,Yes,66.91,Medium,Yes,1
Scholarship Scheme 4150,High School,Male,SC,Muslim,Yes,No,Yes,82.34,High,Yes,0
Scholarship Scheme 4151,High School,All,ST,Muslim,No,Yes,No,78.05,Low,Yes,1
Scholarship Scheme 4152,Postgraduate,Female,SC,Sikh,No,Yes,Yes,88.0,Medium,Yes,0
Scholarship Scheme 4153,Doctorate,All,General,Hindu,No,No,No,93.22,Low,Yes,0
Scholarship Scheme 4154,Undergraduate,All,OBC,Hindu,Yes,No,Yes,80.09,Low,Yes,1
Scholarship Scheme 4155,Undergraduate,Male,General,Christian,No,No,No,90.71,High,Yes,0
Scholarship Scheme 4156,High School,Female,ST,Christian,Yes,Yes,No,65.58,Low,Yes,0
Scholarship Scheme 4157,Postgraduate,All,SC,Christian,Yes,Yes,No,61.41,Medium,Yes,1
Scholarship Scheme 4158,High School,Female,General,Christian,No,Yes,Yes,71.49,High,Yes,1
Scholarship Scheme 4159,Postgraduate,Female,ST,Christian,No,No,No,83.82,Medium,Yes,1
Scholarship Scheme 4160,Undergraduate,Female,SC,Christian,Yes,Yes,Yes,59.34,Low,Yes,1
Scholarship Scheme 4161,Doctorate,Male,OBC,Hindu,Yes,Yes,No,83.95,Low,Yes,1
Scholarship Scheme 4162,Postgraduate,All,General,Muslim,Yes,Yes,No,69.67,High,Yes,1
Scholarship Scheme 4163,Undergraduate,Male,SC,Christian,Yes,Yes,No,89.7,High,Yes,0
Scholarship Scheme 4164,High School,All,SC,Hindu,No,No,Yes,51.84,Medium,Yes,0
Scholarship Scheme 4165,Postgraduate,All,SC,Christian,Yes,Yes,No,83.33,Medium,Yes,1
Scholarship Scheme 4166,Doctorate,Male,SC,Sikh,No,No,No,82.43,Low,Yes,0
Scholarship Scheme 4167,High School,Female,General,Sikh,No,No,Yes,96.95,High,Yes,0
Scholarship Scheme 4168,High School,Female,SC,Hindu,Yes,Yes,No,85.6,Low,Yes,1
Scholarship Scheme 4169,Undergraduate,All,ST,Muslim,No,Yes,No,89.74,Low,Yes,1
Scholarship Scheme 4170,Postgraduate,Male,General,Sikh,Yes,No,Yes,95.14,Medium,Yes,0
Scholarship Scheme 4171,High School,Female,SC,Sikh,Yes,Yes,Yes,83.69,Medium,Yes,0
Scholarship Scheme 4172,Doctorate,Female,General,Muslim,Yes,No,Yes,64.48,Medium,Yes,0
Scholarship Scheme 4173,Postgraduate,All,ST,Sikh,No,Yes,No,93.4,High,Yes,0
Scholarship Scheme 4174,Doctorate,All,ST,Christian,No,Yes,Yes,87.3,Medium,Yes,0
Scholarship Scheme 4175,High School,Male,General,Muslim,Yes,No,No,71.18,High,Yes,1
Scholarship Scheme 4176,Doctorate,All,SC,Sikh,No,Yes,No,85.46,Low,Yes,0
Scholarship Scheme 4177,Undergraduate,Female,SC,Muslim,No,No,Yes,93.3,High,Yes,0
Scholarship Scheme 4178,Doctorate,Female,ST,Christian,No,No,Yes,98.69,Medium,Yes,1
Scholarship Scheme 4179,Postgraduate,Female,SC,Sikh,No,Yes,No,97.52,High,Yes,1
Scholarship Scheme 4180,Doctorate,Female,ST,Hindu,No,No,Yes,66.23,High,Yes,0
Scholarship Scheme 4181,Doctorate,Male,SC,Sikh,Yes,Yes,Yes,71.04,Medium,Yes,0
Scholarship Scheme 4182,Undergraduate,Male,ST,Sikh,No,Yes,No,55.47,Medium,Yes,0
Scholarship Scheme 4183,Doctorate,All,OBC,Christian,No,Yes,Yes,62.35,Low,Yes,1
Scholarship Scheme 4184,Doctorate,All,SC,Hindu,Yes,No,Yes,94.03,High,Yes,0
Scholarship Scheme 4185,High School,All,SC,Hindu,No,Yes,Yes,68.01,Low,Yes,1
Scholarship Scheme 4186,High School,Male,SC,Hindu,No,Yes,No,80.97,Low,Yes,1
Scholarship Scheme 4187,Postgraduate,Female,General,Christian,No,No,Yes,83.23,High,Yes,0
Scholarship Scheme 4188,High School,All,SC,Christian,Yes,No,Yes,89.01,Low,Yes,0
Scholarship Scheme 4189,High School,Female,General,Christian,No,No,No,59.12,High,Yes,1
Scholarship Scheme 4190,High School,All,General,Christian,No,No,No,65.21,Low,Yes,0
Scholarship Scheme 4191,High School,All,ST,Christian,Yes,Yes,No,72.37,Low,Yes,0
Scholarship Scheme 4192,Undergraduate,All,General,Hindu,Yes,Yes,No,68.21,High,Yes,0
Scholarship Scheme 4193,High School,All,General,Muslim,No,Yes,Yes,99.05,Medium,Yes,0
Scholarship Scheme 4194,Undergraduate,All,OBC,Christian,Yes,Yes,No,91.66,High,Yes,0
Scholarship Scheme 4195,Undergraduate,Female,SC,Muslim,Yes,No,No,73.94,Medium,Yes,1
Scholarship Scheme 4196,High School,All,General,Sikh,Yes,No,Yes,93.88,High,Yes,0
Scholarship Scheme 4197,Doctorate,Female,SC,Sikh,No,Yes,No,67.35,High,Yes,1
Scholarship Scheme 4198,Undergraduate,Male,General,Christian,No,No,No,89.21,Medium,Yes,0
Scholarship Scheme 4199,Doctorate,All,ST,Sikh,Yes,No,Yes,61.16,Medium,Yes,0
Scholarship Scheme 4200,Doctorate,Female,OBC,Muslim,Yes,No,No,88.54,High,Yes,0
Scholarship Scheme 4201,High School,Male,General,Sikh,Yes,No,No,72.78,High,Yes,1
Scholarship Scheme 4202,Postgraduate,Male,SC,Sikh,Yes,No,Yes,55.36,High,Yes,0
Scholarship Scheme 4203,High School,Male,ST,Muslim,No,Yes,Yes,63.64,Medium,Yes,1
Scholarship Scheme 4204,Postgraduate,Female,SC,Sikh,Yes,Yes,Yes,70.07,High,Yes,0
Scholarship Scheme 4205,Postgraduate,All,ST,Christian,No,No,Yes,87.39,Medium,Yes,1
Scholarship Scheme 4206,High School,All,OBC,Muslim,Yes,No,Yes,53.64,Low,Yes,0
Scholarship Scheme 4207,High School,Female,ST,Muslim,No,Yes,Yes,82.91,Medium,Yes,0
Scholarship Scheme 4208,Postgraduate,All,SC,Hindu,No,Yes,Yes,85.73,Low,Yes,1
Scholarship Scheme 4209,High School,Female,SC,Hindu,Yes,No,Yes,82.63,High,Yes,0
Scholarship Scheme 4210,Postgraduate,All,General,Muslim,No,No,Yes,87.96,High,Yes,0
Scholarship Scheme 4211,Doctorate,Male,ST,Muslim,No,No,Yes,58.89,Medium,Yes,0
Scholarship Scheme 4212,High School,All,SC,Hindu,No,Yes,Yes,79.3,Low,Yes,1
Scholarship Scheme 4213,Doctorate,Female,General,Christian,Yes,No,Yes,96.96,High,Yes,0
Scholarship Scheme 4214,Undergraduate,Female,OBC,Sikh,No,No,No,80.48,High,Yes,0
Scholarship Scheme 4215,Doctorate,Male,SC,Sikh,No,No,Yes,80.51,Low,Yes,1
Scholarship Scheme 4216,Doctorate,Female,General,Sikh,Yes,No,Yes,86.75,High,Yes,0
Scholarship Scheme 4217,Postgraduate,All,SC,Muslim,Yes,No,Yes,66.63,High,Yes,0
Scholarship Scheme 4218,Doctorate,All,ST,Christian,No,No,Yes,84.95,Medium,Yes,1
Scholarship Scheme 4219,High School,Male,General,Hindu,No,No,Yes,95.72,High,Yes,1
Scholarship Scheme 4220,Postgraduate,Female,ST,Christian,Yes,No,No,50.54,Low,Yes,0
Scholarship Scheme 4221,Undergraduate,Male,OBC,Christian,Yes,Yes,No,93.42,High,Yes,1
Scholarship Scheme 4222,High School,All,ST,Sikh,No,Yes,No,60.91,Medium,Yes,0
Scholarship Scheme 4223,Undergraduate,Male,General,Hindu,No,Yes,No,72.75,High,Yes,0
Scholarship Scheme 4224,Doctorate,Female,SC,Christian,Yes,No,Yes,92.53,Low,Yes,0
Scholarship Scheme 4225,High School,Male,General,Hindu,Yes,Yes,No,91.11,High,Yes,0
Scholarship Scheme 4226,High School,Female,ST,Muslim,No,Yes,No,94.51,Low,Yes,0
Scholarship Scheme 4227,Undergraduate,Female,ST,Sikh,No,Yes,Yes,96.93,Medium,Yes,1
Scholarship Scheme 4228,High School,All,SC,Hindu,Yes,Yes,No,72.31,High,Yes,0
Scholarship Scheme 4229,High School,All,OBC,Muslim,No,Yes,No,82.75,High,Yes,0
Scholarship Scheme 4230,High School,All,General,Muslim,No,No,Yes,69.48,Medium,Yes,0
Scholarship Scheme 4231,Doctorate,Female,SC,Muslim,No,Yes,Yes,67.5,Low,Yes,0
Scholarship Scheme 4232,Undergraduate,Male,SC,Christian,No,No,No,71.54,Low,Yes,0
Scholarship Scheme 4233,High School,Female,SC,Christian,Yes,No,Yes,87.08,High,Yes,0
Scholarship Scheme 4234,Postgraduate,All,General,Sikh,Yes,Yes,No,75.02,Low,Yes,0
Scholarship Scheme 4235,Postgraduate,All,General,Sikh,No,No,Yes,90.62,Low,Yes,1
Scholarship Scheme 4236,Postgraduate,Male,General,Muslim,No,Yes,No,87.19,High,Yes,0
Scholarship Scheme 4237,Postgraduate,All,OBC,Sikh,No,No,No,51.02,Low,Yes,1
Scholarship Scheme 4238,Doctorate,All,SC,Christian,No,No,No,81.45,Low,Yes,1
Scholarship Scheme 4239,High School,All,ST,Sikh,Yes,Yes,Yes,71.78,High,Yes,0
Scholarship Scheme 4240,Undergraduate,Male,ST,Hindu,No,No,Yes,72.79,High,Yes,0
Scholarship Scheme 4241,High School,Female,SC,Christian,No,No,No,90.84,Low,Yes,0
Scholarship Scheme 4242,Doctorate,All,ST,Muslim,Yes,No,Yes,77.33,High,Yes,0
Scholarship Scheme 4243,Postgraduate,Male,OBC,Muslim,Yes,No,Yes,94.19,Low,Yes,1
Scholarship Scheme 4244,Doctorate,All,OBC,Sikh,No,No,No,85.57,Low,Yes,0
Scholarship Scheme 4245,High School,Male,General,Christian,Yes,No,Yes,77.59,Low,Yes,0
Scholarship Scheme 4246,Undergraduate,All,General,Muslim,Yes,No,Yes,87.65,Low,Yes,0
Scholarship Scheme 4247,Doctorate,Male,General,Muslim,No,No,No,51.91,High,Yes,0
Scholarship Scheme 4248,Undergraduate,All,General,Christian,No,Yes,No,51.35,High,Yes,0
Scholarship Scheme 4249,Doctorate,Female,General,Christian,Yes,No,Yes,54.16,Medium,Yes,0
Scholarship Scheme 4250,Undergraduate,All,ST,Muslim,No,Yes,Yes,71.83,High,Yes,0
Scholarship Scheme 4251,Undergraduate,Male,ST,Sikh,Yes,Yes,Yes,61.75,Medium,Yes,0
Scholarship Scheme 4252,Postgraduate,All,General,Sikh,Yes,No,No,99.11,Low,Yes,0
Scholarship Scheme 4253,Undergraduate,Female,OBC,Sikh,Yes,No,Yes,77.06,High,Yes,1
Scholarship Scheme 4254,Postgraduate,All,ST,Hindu,No,Yes,Yes,83.05,Low,Yes,0
Scholarship Scheme 4255,High School,Male,OBC,Christian,No,Yes,Yes,63.91,Medium,Yes,0
Scholarship Scheme 4256,High School,Male,OBC,Muslim,Yes,Yes,Yes,66.06,High,Yes,0
Scholarship Scheme 4257,Postgraduate,Female,SC,Hindu,Yes,No,Yes,66.74,High,Yes,1
Scholarship Scheme 4258,Postgraduate,Male,SC,Sikh,No,No,Yes,84.87,High,Yes,0
Scholarship Scheme 4259,Doctorate,All,General,Hindu,Yes,No,No,73.64,High,Yes,0
Scholarship Scheme 4260,Doctorate,All,OBC,Muslim,Yes,Yes,No,75.83,Low,Yes,0
Scholarship Scheme 4261,Doctorate,All,ST,Muslim,No,No,No,79.54,High,Yes,1
Scholarship Scheme 4262,High School,Male,SC,Christian,No,No,Yes,88.36,Medium,Yes,1
Scholarship Scheme 4263,Doctorate,All,SC,Sikh,No,No,Yes,54.51,High,Yes,0
Scholarship Scheme 4264,Undergraduate,All,OBC,Sikh,No,No,No,88.77,Medium,Yes,0
Scholarship Scheme 4265,Undergraduate,All,SC,Hindu,Yes,Yes,No,78.11,Medium,Yes,0
Scholarship Scheme 4266,Doctorate,Female,SC,Sikh,No,No,No,83.39,Low,Yes,0
Scholarship Scheme 4267,Undergraduate,Male,ST,Hindu,No,No,No,66.34,High,Yes,1
Scholarship Scheme 4268,High School,Male,OBC,Muslim,Yes,Yes,No,70.43,Medium,Yes,1
Scholarship Scheme 4269,Undergraduate,Male,SC,Muslim,Yes,No,Yes,61.54,High,Yes,0
Scholarship Scheme 4270,High School,Female,OBC,Muslim,Yes,Yes,Yes,98.87,Low,Yes,1
Scholarship Scheme 4271,Postgraduate,Male,SC,Muslim,No,Yes,Yes,74.8,Low,Yes,0
Scholarship Scheme 4272,Postgraduate,Female,ST,Muslim,Yes,No,Yes,99.7,High,Yes,0
Scholarship Scheme 4273,Postgraduate,Female,OBC,Hindu,No,Yes,Yes,74.44,Medium,Yes,0
Scholarship Scheme 4274,Postgraduate,Male,SC,Muslim,Yes,No,No,60.97,Low,Yes,0
Scholarship Scheme 4275,Undergraduate,All,ST,Hindu,No,Yes,No,75.32,Medium,Yes,0
Scholarship Scheme 4276,Doctorate,All,SC,Muslim,Yes,Yes,Yes,51.98,Medium,Yes,0
Scholarship Scheme 4277,Undergraduate,Male,OBC,Hindu,No,No,No,95.15,High,Yes,0
Scholarship Scheme 4278,High School,Male,SC,Hindu,No,Yes,Yes,90.85,Low,Yes,0
Scholarship Scheme 4279,Undergraduate,Female,OBC,Hindu,Yes,No,Yes,86.22,High,Yes,1
Scholarship Scheme 4280,Undergraduate,Male,OBC,Sikh,Yes,No,No,80.43,High,Yes,1
Scholarship Scheme 4281,High School,Female,SC,Hindu,No,No,Yes,78.93,High,Yes,0
Scholarship Scheme 4282,Postgraduate,Male,ST,Hindu,Yes,No,Yes,99.74,Medium,Yes,1
Scholarship Scheme 4283,Postgraduate,All,General,Muslim,No,Yes,Yes,63.87,High,Yes,1
Scholarship Scheme 4284,Postgraduate,All,ST,Hindu,No,No,No,88.91,Low,Yes,1
Scholarship Scheme 4285,Doctorate,Male,ST,Hindu,No,Yes,No,79.01,Medium,Yes,0
Scholarship Scheme 4286,High School,Female,SC,Christian,Yes,No,Yes,98.7,High,Yes,0
Scholarship Scheme 4287,High School,All,ST,Sikh,No,Yes,Yes,91.31,Low,Yes,0
Scholarship Scheme 4288,Undergraduate,Female,ST,Christian,No,Yes,No,99.83,High,Yes,0
Scholarship Scheme 4289,Doctorate,Male,General,Muslim,No,Yes,No,79.36,High,Yes,0
Scholarship Scheme 4290,Postgraduate,Male,ST,Sikh,No,Yes,No,60.21,High,Yes,1
Scholarship Scheme 4291,Doctorate,All,General,Sikh,Yes,No,No,75.13,Medium,Yes,0
Scholarship Scheme 4292,High School,Male,SC,Christian,Yes,No,Yes,85.48,High,Yes,0
Scholarship Scheme 4293,High School,All,General,Sikh,No,Yes,Yes,88.64,Low,Yes,0
Scholarship Scheme 4294,Undergraduate,Female,OBC,Christian,Yes,Yes,Yes,50.03,High,Yes,0
Scholarship Scheme 4295,Undergraduate,All,OBC,Hindu,Yes,No,No,75.2,High,Yes,1
Scholarship Scheme 4296,High School,All,General,Christian,No,Yes,No,61.74,Medium,Yes,1
Scholarship Scheme 4297,Postgraduate,Female,OBC,Sikh,Yes,Yes,Yes,93.66,High,Yes,1
Scholarship Scheme 4298,Postgraduate,All,SC,Sikh,Yes,No,No,57.63,Low,Yes,0
Scholarship Scheme 4299,Doctorate,All,OBC,Muslim,Yes,Yes,Yes,83.26,Low,Yes,0
Scholarship Scheme 4300,High School,Male,General,Muslim,Yes,Yes,No,63.28,High,Yes,1
Scholarship Scheme 4301,High School,Female,SC,Muslim,Yes,No,Yes,67.79,Low,Yes,0
Scholarship Scheme 4302,Postgraduate,All,OBC,Muslim,Yes,Yes,Yes,96.93,Low,Yes,0
Scholarship Scheme 4303,Postgraduate,Female,SC,Sikh,No,No,Yes,62.0,High,Yes,0
Scholarship Scheme 4304,High School,Female,General,Muslim,Yes,No,Yes,54.74,Low,Yes,1
Scholarship Scheme 4305,Undergraduate,All,OBC,Christian,No,No,No,53.46,Low,Yes,1
Scholarship Scheme 4306,High School,Male,SC,Hindu,No,No,Yes,75.18,High,Yes,0
Scholarship Scheme 4307,High School,Female,SC,Sikh,No,Yes,Yes,82.02,Medium,Yes,0
Scholarship Scheme 4308,Postgraduate,All,OBC,Muslim,Yes,No,Yes,66.33,Medium,Yes,1
Scholarship Scheme 4309,Postgraduate,Female,SC,Sikh,Yes,No,Yes,84.44,High,Yes,0
Scholarship Scheme 4310,Undergraduate,Male,SC,Muslim,No,Yes,No,53.05,Medium,Yes,0
Scholarship Scheme 4311,Undergraduate,Male,General,Sikh,No,No,Yes,92.78,Medium,Yes,0
Scholarship Scheme 4312,Doctorate,Male,General,Muslim,No,Yes,Yes,90.75,Medium,Yes,0
Scholarship Scheme 4313,High School,All,General,Hindu,Yes,No,No,99.18,Medium,Yes,0
Scholarship Scheme 4314,Postgraduate,All,General,Muslim,Yes,No,Yes,96.73,High,Yes,0
Scholarship Scheme 4315,Undergraduate,Male,General,Christian,Yes,No,Yes,67.77,Medium,Yes,1
Scholarship Scheme 4316,Doctorate,All,General,Sikh,No,No,Yes,69.92,Medium,Yes,0
Scholarship Scheme 4317,Doctorate,Male,OBC,Sikh,Yes,Yes,Yes,87.22,High,Yes,0
Scholarship Scheme 4318,Postgraduate,All,General,Christian,Yes,Yes,No,56.69,High,Yes,0
Scholarship Scheme 4319,Postgraduate,Male,SC,Christian,No,Yes,No,65.67,Medium,Yes,0
Scholarship Scheme 4320,Doctorate,Female,OBC,Hindu,Yes,No,No,55.92,Low,Yes,1
Scholarship Scheme 4321,Undergraduate,Male,SC,Sikh,No,No,No,72.7,High,Yes,0
Scholarship Scheme 4322,Doctorate,Male,General,Hindu,Yes,No,No,77.55,High,Yes,1
Scholarship Scheme 4323,High School,All,General,Sikh,No,Yes,No,60.54,Medium,Yes,0
Scholarship Scheme 4324,High School,All,SC,Sikh,Yes,No,Yes,51.33,Low,Yes,1
Scholarship Scheme 4325,Postgraduate,All,SC,Hindu,No,Yes,Yes,85.9,High,Yes,1
Scholarship Scheme 4326,Undergraduate,All,SC,Sikh,Yes,Yes,Yes,51.0,High,Yes,1
Scholarship Scheme 4327,Undergraduate,All,ST,Sikh,No,Yes,Yes,98.57,High,Yes,1
Scholarship Scheme 4328,High School,All,ST,Hindu,No,No,No,61.06,Low,Yes,0
Scholarship Scheme 4329,Doctorate,Female,ST,Muslim,Yes,No,Yes,83.13,High,Yes,1
Scholarship Scheme 4330,Postgraduate,Male,ST,Hindu,Yes,No,Yes,71.69,High,Yes,1
Scholarship Scheme 4331,Doctorate,Male,OBC,Sikh,No,No,No,52.98,Low,Yes,1
Scholarship Scheme 4332,Doctorate,Male,General,Christian,Yes,Yes,Yes,73.56,High,Yes,0
Scholarship Scheme 4333,Doctorate,Female,SC,Muslim,No,Yes,Yes,75.79,Low,Yes,0
Scholarship Scheme 4334,Undergraduate,Male,General,Christian,No,No,No,92.65,Low,Yes,0
Scholarship Scheme 4335,High School,Female,SC,Muslim,Yes,No,Yes,86.54,Low,Yes,0
Scholarship Scheme 4336,Undergraduate,Female,General,Christian,Yes,No,Yes,53.96,Medium,Yes,1
Scholarship Scheme 4337,High School,Female,OBC,Muslim,Yes,Yes,No,60.44,High,Yes,0
Scholarship Scheme 4338,Postgraduate,Male,ST,Hindu,No,No,Yes,65.56,High,Yes,0
Scholarship Scheme 4339,Postgraduate,Female,General,Muslim,No,Yes,Yes,55.81,High,Yes,1
Scholarship Scheme 4340,Doctorate,Male,SC,Muslim,Yes,Yes,Yes,72.8,Low,Yes,1
Scholarship Scheme 4341,High School,Male,General,Muslim,No,Yes,Yes,99.12,Medium,Yes,0
Scholarship Scheme 4342,High School,All,OBC,Sikh,No,Yes,Yes,75.68,Low,Yes,0
Scholarship Scheme 4343,High School,All,OBC,Christian,Yes,Yes,No,87.02,High,Yes,1
Scholarship Scheme 4344,Doctorate,Female,General,Hindu,No,Yes,Yes,84.08,Low,Yes,0
Scholarship Scheme 4345,Doctorate,Female,ST,Christian,No,Yes,Yes,92.41,Medium,Yes,1
Scholarship Scheme 4346,Postgraduate,Male,SC,Christian,No,No,Yes,60.76,High,Yes,0
Scholarship Scheme 4347,Undergraduate,Female,OBC,Hindu,Yes,No,No,87.62,Low,Yes,0
Scholarship Scheme 4348,High School,Female,OBC,Sikh,Yes,No,No,93.98,Medium,Yes,1
Scholarship Scheme 4349,High School,Male,General,Muslim,No,Yes,No,58.56,Low,Yes,1
Scholarship Scheme 4350,Undergraduate,Female,OBC,Sikh,Yes,Yes,Yes,67.31,Low,Yes,0
Scholarship Scheme 4351,High School,Female,OBC,Sikh,No,No,Yes,98.41,High,Yes,1
Scholarship Scheme 4352,Doctorate,Male,SC,Muslim,Yes,Yes,Yes,88.96,Medium,Yes,0
Scholarship Scheme 4353,Doctorate,Male,ST,Christian,No,Yes,Yes,64.1,Low,Yes,0
Scholarship Scheme 4354,High School,All,SC,Muslim,No,Yes,Yes,78.14,Medium,Yes,1
Scholarship Scheme 4355,Doctorate,Male,ST,Hindu,No,Yes,No,70.18,High,Yes,1
Scholarship Scheme 4356,Doctorate,All,SC,Muslim,No,Yes,Yes,74.45,High,Yes,1
Scholarship Scheme 4357,High School,Female,General,Christian,Yes,Yes,Yes,67.72,High,Yes,0
Scholarship Scheme 4358,Postgraduate,Male,OBC,Sikh,No,Yes,No,63.94,Medium,Yes,1
Scholarship Scheme 4359,Undergraduate,Male,ST,Sikh,No,Yes,No,83.67,Medium,Yes,0
Scholarship Scheme 4360,Doctorate,Male,General,Muslim,Yes,Yes,No,88.85,Low,Yes,0
Scholarship Scheme 4361,Postgraduate,Female,OBC,Hindu,Yes,Yes,No,93.61,Medium,Yes,0
Scholarship Scheme 4362,Doctorate,All,OBC,Christian,No,Yes,No,57.75,High,Yes,1
Scholarship Scheme 4363,Doctorate,Female,OBC,Sikh,No,Yes,Yes,91.06,Low,Yes,0
Scholarship Scheme 4364,Undergraduate,Female,SC,Muslim,Yes,No,Yes,62.71,Medium,Yes,0
Scholarship Scheme 4365,Doctorate,Male,General,Hindu,No,Yes,Yes,71.32,High,Yes,1
Scholarship Scheme 4366,Undergraduate,All,General,Hindu,No,Yes,Yes,94.98,High,Yes,0
Scholarship Scheme 4367,Undergraduate,Female,OBC,Sikh,No,No,Yes,72.68,Low,Yes,1
Scholarship Scheme 4368,Undergraduate,Male,ST,Sikh,No,No,No,59.83,High,Yes,0
Scholarship Scheme 4369,Postgraduate,Female,General,Christian,No,No,Yes,57.98,Medium,Yes,1
Scholarship Scheme 4370,High School,Female,SC,Hindu,No,Yes,Yes,73.6,High,Yes,0
Scholarship Scheme 4371,Postgraduate,Male,ST,Christian,No,Yes,No,88.06,Low,Yes,0
Scholarship Scheme 4372,High School,Male,ST,Hindu,No,No,No,99.76,High,Yes,1
Scholarship Scheme 4373,High School,All,ST,Hindu,No,No,Yes,89.29,High,Yes,1
Scholarship Scheme 4374,Undergraduate,Female,ST,Muslim,Yes,No,Yes,93.76,Medium,Yes,0
Scholarship Scheme 4375,Doctorate,Male,General,Sikh,Yes,Yes,No,87.32,Medium,Yes,0
Scholarship Scheme 4376,Undergraduate,Male,OBC,Hindu,Yes,Yes,Yes,94.68,Medium,Yes,0
Scholarship Scheme 4377,Doctorate,All,ST,Christian,No,No,No,53.81,Medium,Yes,0
Scholarship Scheme 4378,High School,All,SC,Sikh,No,Yes,Yes,96.4,High,Yes,0
Scholarship Scheme 4379,Undergraduate,Male,SC,Christian,No,Yes,No,69.78,Medium,Yes,0
Scholarship Scheme 4380,Doctorate,All,OBC,Sikh,Yes,No,No,95.99,High,Yes,0
Scholarship Scheme 4381,Postgraduate,Male,General,Sikh,Yes,No,No,53.78,Medium,Yes,0
Scholarship Scheme 4382,Doctorate,Female,OBC,Hindu,No,No,Yes,85.69,Medium,Yes,0
Scholarship Scheme 4383,Undergraduate,All,ST,Muslim,Yes,Yes,No,86.71,Medium,Yes,0
Scholarship Scheme 4384,Postgraduate,Female,General,Hindu,Yes,Yes,No,99.75,High,Yes,1
Scholarship Scheme 4385,Doctorate,Female,General,Sikh,No,Yes,Yes,88.37,Medium,Yes,1
Scholarship Scheme 4386,Doctorate,Female,ST,Hindu,No,Yes,Yes,69.09,High,Yes,0
Scholarship Scheme 4387,Doctorate,Male,SC,Hindu,Yes,Yes,Yes,77.81,Medium,Yes,0
Scholarship Scheme 4388,Doctorate,Female,ST,Sikh,No,No,No,68.29,Medium,Yes,0
Scholarship Scheme 4389,Doctorate,Female,OBC,Sikh,Yes,Yes,No,59.78,Low,Yes,0
Scholarship Scheme 4390,Postgraduate,Female,ST,Hindu,Yes,Yes,No,62.4,Medium,Yes,0
Scholarship Scheme 4391,High School,Male,SC,Hindu,Yes,No,Yes,61.08,High,Yes,0
Scholarship Scheme 4392,Postgraduate,Female,ST,Hindu,No,No,Yes,77.39,Low,Yes,1
Scholarship Scheme 4393,Postgraduate,Female,OBC,Christian,Yes,No,No,95.22,High,Yes,0
Scholarship Scheme 4394,Postgraduate,All,OBC,Hindu,Yes,No,Yes,95.55,High,Yes,1
Scholarship Scheme 4395,High School,Male,SC,Christian,No,Yes,Yes,52.73,Low,Yes,0
Scholarship Scheme 4396,Undergraduate,Female,OBC,Muslim,No,Yes,No,53.99,Medium,Yes,0
Scholarship Scheme 4397,High School,All,OBC,Christian,Yes,No,No,62.23,Low,Yes,0
Scholarship Scheme 4398,Postgraduate,Male,ST,Hindu,No,Yes,Yes,62.73,High,Yes,0
Scholarship Scheme 4399,Doctorate,Male,General,Muslim,No,No,No,54.73,Medium,Yes,0
Scholarship Scheme 4400,Doctorate,Male,OBC,Christian,Yes,Yes,Yes,69.38,Low,Yes,1
Scholarship Scheme 4401,Postgraduate,Male,OBC,Christian,No,Yes,Yes,79.33,High,Yes,1
Scholarship Scheme 4402,Doctorate,Male,SC,Sikh,Yes,Yes,No,78.85,Medium,Yes,0
Scholarship Scheme 4403,Postgraduate,Male,SC,Muslim,No,No,No,77.12,High,Yes,1
Scholarship Scheme 4404,Doctorate,Female,ST,Sikh,No,No,Yes,66.9,Medium,Yes,0
Scholarship Scheme 4405,High School,Female,ST,Muslim,Yes,Yes,Yes,85.25,Medium,Yes,0
Scholarship Scheme 4406,Undergraduate,Female,OBC,Christian,Yes,Yes,No,91.24,Low,Yes,1
Scholarship Scheme 4407,Undergraduate,Female,General,Sikh,No,No,Yes,67.28,Medium,Yes,1
Scholarship Scheme 4408,High School,All,General,Hindu,No,No,Yes,54.27,High,Yes,0
Scholarship Scheme 4409,High School,Female,ST,Christian,No,Yes,Yes,64.79,Medium,Yes,0
Scholarship Scheme 4410,Postgraduate,Male,SC,Muslim,Yes,Yes,Yes,56.85,High,Yes,0
Scholarship Scheme 4411,Postgraduate,Female,OBC,Muslim,No,No,Yes,73.32,Medium,Yes,0
Scholarship Scheme 4412,Postgraduate,Female,OBC,Sikh,Yes,Yes,No,57.78,Medium,Yes,1
Scholarship Scheme 4413,Doctorate,Male,General,Sikh,No,No,Yes,73.1,Low,Yes,0
Scholarship Scheme 4414,Postgraduate,Female,ST,Muslim,No,No,Yes,61.03,Medium,Yes,1
Scholarship Scheme 4415,High School,Female,General,Christian,No,Yes,No,86.86,Medium,Yes,1
Scholarship Scheme 4416,Undergraduate,Female,General,Sikh,No,Yes,No,51.38,High,Yes,0
Scholarship Scheme 4417,Doctorate,All,ST,Hindu,No,Yes,No,77.68,High,Yes,0
Scholarship Scheme 4418,Postgraduate,Female,SC,Muslim,Yes,No,Yes,58.46,High,Yes,1
Scholarship Scheme 4419,Doctorate,Male,OBC,Hindu,Yes,No,Yes,50.05,Medium,Yes,0
Scholarship Scheme 4420,Doctorate,Male,SC,Muslim,Yes,No,No,93.37,High,Yes,0
Scholarship Scheme 4421,Postgraduate,Female,ST,Hindu,No,Yes,No,83.51,High,Yes,0
Scholarship Scheme 4422,Doctorate,Female,ST,Christian,Yes,Yes,No,54.94,Medium,Yes,0
Scholarship Scheme 4423,Undergraduate,Female,OBC,Muslim,Yes,No,No,83.14,High,Yes,0
Scholarship Scheme 4424,High School,Male,SC,Christian,No,No,No,80.52,Low,Yes,0
Scholarship Scheme 4425,High School,Male,OBC,Sikh,No,Yes,Yes,73.62,Low,Yes,1
Scholarship Scheme 4426,Undergraduate,All,General,Muslim,Yes,No,No,70.92,High,Yes,1
Scholarship Scheme 4427,Doctorate,All,General,Christian,Yes,Yes,Yes,94.26,High,Yes,0
Scholarship Scheme 4428,Postgraduate,All,General,Hindu,Yes,Yes,Yes,62.23,High,Yes,0
Scholarship Scheme 4429,Doctorate,Male,SC,Christian,Yes,No,No,69.88,Medium,Yes,0
Scholarship Scheme 4430,Undergraduate,All,General,Muslim,Yes,No,No,66.42,Low,Yes,0
Scholarship Scheme 4431,Doctorate,Female,OBC,Christian,Yes,No,No,88.48,Low,Yes,1
Scholarship Scheme 4432,High School,Female,SC,Hindu,Yes,No,No,95.73,High,Yes,1
Scholarship Scheme 4433,Doctorate,Male,OBC,Hindu,No,No,No,92.4,High,Yes,0
Scholarship Scheme 4434,Undergraduate,All,ST,Hindu,Yes,Yes,Yes,89.81,Medium,Yes,1
Scholarship Scheme 4435,High School,Female,SC,Sikh,No,No,No,99.24,Medium,Yes,1
Scholarship Scheme 4436,Doctorate,Male,OBC,Muslim,No,Yes,No,84.79,Low,Yes,0
Scholarship Scheme 4437,Doctorate,All,OBC,Hindu,No,No,Yes,87.48,Medium,Yes,1
Scholarship Scheme 4438,High School,Female,SC,Sikh,Yes,No,No,99.04,Low,Yes,0
Scholarship Scheme 4439,Postgraduate,All,ST,Hindu,Yes,No,No,50.35,High,Yes,1
Scholarship Scheme 4440,High School,Male,SC,Christian,No,No,No,81.64,High,Yes,0
Scholarship Scheme 4441,Postgraduate,All,General,Muslim,Yes,No,Yes,86.87,Low,Yes,0
Scholarship Scheme 4442,Undergraduate,Male,General,Christian,Yes,No,No,95.8,High,Yes,1
Scholarship Scheme 4443,Undergraduate,All,ST,Sikh,No,Yes,No,94.1,Medium,Yes,0
Scholarship Scheme 4444,High School,Female,OBC,Christian,Yes,No,No,92.01,High,Yes,1
Scholarship Scheme 4445,High School,Male,OBC,Christian,No,No,No,97.19,High,Yes,0
Scholarship Scheme 4446,Undergraduate,Male,OBC,Hindu,No,No,Yes,76.82,Low,Yes,1
Scholarship Scheme 4447,Postgraduate,Male,SC,Christian,No,No,No,50.35,Medium,Yes,0
Scholarship Scheme 4448,Undergraduate,All,SC,Hindu,No,Yes,Yes,50.55,Medium,Yes,1
Scholarship Scheme 4449,High School,All,ST,Hindu,Yes,Yes,No,77.18,High,Yes,0
Scholarship Scheme 4450,Undergraduate,Female,General,Muslim,No,Yes,No,71.72,High,Yes,0
Scholarship Scheme 4451,High School,Male,OBC,Sikh,Yes,Yes,No,72.52,Medium,Yes,0
Scholarship Scheme 4452,High School,Male,General,Sikh,Yes,Yes,Yes,69.98,Medium,Yes,1
Scholarship Scheme 4453,Undergraduate,All,SC,Sikh,Yes,Yes,No,95.79,Low,Yes,0
Scholarship Scheme 4454,Postgraduate,All,SC,Hindu,Yes,No,No,67.92,High,Yes,1
Scholarship Scheme 4455,Doctorate,Female,SC,Sikh,No,No,Yes,92.73,High,Yes,0
Scholarship Scheme 4456,Undergraduate,Female,General,Hindu,No,Yes,No,95.05,Medium,Yes,1
Scholarship Scheme 4457,Doctorate,All,ST,Muslim,No,No,No,74.93,Low,Yes,1
Scholarship Scheme 4458,Undergraduate,Male,ST,Sikh,No,No,No,72.3,Medium,Yes,1
Scholarship Scheme 4459,Doctorate,Female,SC,Hindu,No,No,No,87.97,High,Yes,1
Scholarship Scheme 4460,Postgraduate,All,OBC,Sikh,Yes,No,Yes,85.33,High,Yes,0
Scholarship Scheme 4461,Postgraduate,All,General,Sikh,No,No,Yes,66.39,High,Yes,0
Scholarship Scheme 4462,Undergraduate,Male,SC,Muslim,Yes,Yes,Yes,55.12,High,Yes,0
Scholarship Scheme 4463,High School,All,General,Christian,Yes,Yes,No,63.22,Low,Yes,0
Scholarship Scheme 4464,Doctorate,All,General,Sikh,No,Yes,No,56.54,High,Yes,0
Scholarship Scheme 4465,High School,Female,ST,Muslim,Yes,Yes,No,64.71,Medium,Yes,0
Scholarship Scheme 4466,High School,All,SC,Sikh,Yes,Yes,No,63.06,Low,Yes,0
Scholarship Scheme 4467,High School,All,ST,Sikh,No,Yes,Yes,81.82,Low,Yes,0
Scholarship Scheme 4468,Postgraduate,Female,SC,Sikh,No,No,No,97.63,High,Yes,1
Scholarship Scheme 4469,Undergraduate,Male,General,Sikh,No,Yes,Yes,84.22,Low,Yes,0
Scholarship Scheme 4470,Undergraduate,Male,ST,Christian,Yes,No,No,96.24,High,Yes,0
Scholarship Scheme 4471,Postgraduate,Female,General,Christian,No,No,No,89.13,Low,Yes,1
Scholarship Scheme 4472,Postgraduate,Female,SC,Sikh,No,Yes,Yes,86.32,Low,Yes,0
Scholarship Scheme 4473,Undergraduate,Male,OBC,Sikh,Yes,Yes,No,70.66,Medium,Yes,0
Scholarship Scheme 4474,High School,Male,ST,Muslim,No,Yes,Yes,66.21,Medium,Yes,0
Scholarship Scheme 4475,Doctorate,Male,ST,Muslim,Yes,No,Yes,92.23,Medium,Yes,1
Scholarship Scheme 4476,Doctorate,Male,General,Hindu,Yes,Yes,No,95.18,Low,Yes,0
Scholarship Scheme 4477,Doctorate,Male,General,Christian,No,Yes,Yes,72.55,Medium,Yes,0
Scholarship Scheme 4478,High School,Female,OBC,Sikh,Yes,Yes,Yes,50.45,Medium,Yes,0
Scholarship Scheme 4479,Undergraduate,All,ST,Christian,Yes,No,No,89.55,Medium,Yes,0
Scholarship Scheme 4480,Postgraduate,Male,SC,Muslim,No,Yes,Yes,64.22,Low,Yes,1
Scholarship Scheme 4481,Undergraduate,Male,SC,Christian,No,Yes,Yes,50.49,High,Yes,1
Scholarship Scheme 4482,High School,All,ST,Christian,No,No,No,90.17,Medium,Yes,1
Scholarship Scheme 4483,Postgraduate,All,ST,Sikh,Yes,No,Yes,75.82,Low,Yes,0
Scholarship Scheme 4484,High School,All,ST,Sikh,Yes,No,No,84.19,Low,Yes,1
Scholarship Scheme 4485,Doctorate,All,OBC,Muslim,No,Yes,Yes,95.64,High,Yes,0
Scholarship Scheme 4486,Doctorate,All,SC,Sikh,No,Yes,No,77.0,Medium,Yes,0
Scholarship Scheme 4487,High School,All,SC,Muslim,No,No,No,75.11,Low,Yes,0
Scholarship Scheme 4488,Postgraduate,Female,General,Muslim,Yes,Yes,No,64.5,Low,Yes,1
Scholarship Scheme 4489,Postgraduate,All,General,Hindu,No,No,No,65.23,Low,Yes,1
Scholarship Scheme 4490,Undergraduate,All,ST,Hindu,Yes,No,No,89.75,High,Yes,0
Scholarship Scheme 4491,Doctorate,Female,General,Hindu,No,No,Yes,72.41,Medium,Yes,1
Scholarship Scheme 4492,Undergraduate,All,OBC,Christian,Yes,No,No,58.16,Low,Yes,1
Scholarship Scheme 4493,Undergraduate,Male,SC,Hindu,Yes,No,No,54.72,Low,Yes,0
Scholarship Scheme 4494,High School,Male,SC,Sikh,No,Yes,Yes,73.6,Low,Yes,1
Scholarship Scheme 4495,High School,All,General,Sikh,Yes,Yes,No,73.2,Low,Yes,0
Scholarship Scheme 4496,Undergraduate,Female,ST,Hindu,Yes,Yes,Yes,82.61,Medium,Yes,1
Scholarship Scheme 4497,Doctorate,Male,General,Christian,No,Yes,Yes,73.51,Medium,Yes,1
Scholarship Scheme 4498,High School,Female,ST,Muslim,No,No,No,57.16,Low,Yes,0
Scholarship Scheme 4499,Undergraduate,Male,OBC,Christian,Yes,Yes,Yes,75.34,Low,Yes,1
Scholarship Scheme 4500,Undergraduate,All,SC,Christian,Yes,No,Yes,95.25,Low,Yes,0
Scholarship Scheme 4501,Undergraduate,Female,OBC,Muslim,Yes,No,Yes,57.96,High,Yes,1
Scholarship Scheme 4502,Undergraduate,Female,SC,Muslim,No,Yes,No,84.42,High,Yes,0
Scholarship Scheme 4503,Undergraduate,Female,OBC,Muslim,Yes,Yes,Yes,79.63,High,Yes,1
Scholarship Scheme 4504,Undergraduate,Male,General,Sikh,Yes,No,No,87.35,Low,Yes,0
Scholarship Scheme 4505,High School,Male,OBC,Muslim,No,Yes,No,57.51,High,Yes,1
Scholarship Scheme 4506,Doctorate,Male,OBC,Muslim,No,Yes,Yes,96.99,Medium,Yes,0
Scholarship Scheme 4507,Undergraduate,All,General,Christian,No,Yes,No,80.99,High,Yes,1
Scholarship Scheme 4508,Postgraduate,Male,SC,Christian,No,Yes,Yes,92.27,Low,Yes,0
Scholarship Scheme 4509,High School,All,SC,Hindu,No,No,Yes,62.31,Medium,Yes,0
Scholarship Scheme 4510,High School,Female,General,Christian,Yes,No,No,86.9,Low,Yes,0
Scholarship Scheme 4511,Undergraduate,Female,OBC,Muslim,Yes,Yes,No,88.97,Medium,Yes,1
Scholarship Scheme 4512,High School,All,OBC,Sikh,Yes,No,No,69.83,High,Yes,0
Scholarship Scheme 4513,Undergraduate,Male,OBC,Christian,No,No,Yes,69.16,High,Yes,0
Scholarship Scheme 4514,Doctorate,All,ST,Christian,No,Yes,Yes,82.82,Medium,Yes,1
Scholarship Scheme 4515,Doctorate,Female,SC,Muslim,No,Yes,Yes,54.66,Medium,Yes,1
Scholarship Scheme 4516,High School,Female,OBC,Christian,Yes,No,No,86.71,Low,Yes,0
Scholarship Scheme 4517,High School,All,SC,Christian,No,No,Yes,52.14,Medium,Yes,0
Scholarship Scheme 4518,Postgraduate,Male,OBC,Muslim,No,No,Yes,59.51,Low,Yes,0
Scholarship Scheme 4519,High School,Male,General,Christian,No,Yes,Yes,83.14,Medium,Yes,1
Scholarship Scheme 4520,Postgraduate,All,General,Sikh,Yes,No,Yes,54.91,Medium,Yes,1
Scholarship Scheme 4521,Doctorate,All,SC,Hindu,No,No,No,98.49,High,Yes,1
Scholarship Scheme 4522,Doctorate,Male,SC,Christian,No,Yes,Yes,93.33,High,Yes,1
Scholarship Scheme 4523,Undergraduate,Female,General,Sikh,Yes,No,No,81.25,Low,Yes,0
Scholarship Scheme 4524,Doctorate,All,ST,Christian,No,Yes,Yes,90.87,Low,Yes,0
Scholarship Scheme 4525,Postgraduate,Male,General,Hindu,No,Yes,Yes,94.29,Low,Yes,0
Scholarship Scheme 4526,High School,Male,OBC,Muslim,No,No,Yes,62.95,Medium,Yes,0
Scholarship Scheme 4527,Undergraduate,Female,ST,Hindu,Yes,Yes,No,92.39,Medium,Yes,1
Scholarship Scheme 4528,Postgraduate,Female,General,Christian,No,Yes,No,59.72,Low,Yes,0
Scholarship Scheme 4529,High School,Female,ST,Hindu,No,No,No,70.63,Medium,Yes,1
Scholarship Scheme 4530,Undergraduate,Female,ST,Hindu,Yes,Yes,Yes,77.86,High,Yes,1
Scholarship Scheme 4531,Doctorate,Female,ST,Muslim,Yes,No,Yes,85.62,Medium,Yes,1
Scholarship Scheme 4532,Postgraduate,All,SC,Christian,No,Yes,No,51.5,High,Yes,0
Scholarship Scheme 4533,High School,Male,General,Hindu,Yes,Yes,Yes,64.5,Low,Yes,0
Scholarship Scheme 4534,Undergraduate,All,SC,Hindu,No,No,Yes,80.37,Medium,Yes,0
Scholarship Scheme 4535,Undergraduate,All,SC,Muslim,Yes,No,No,67.83,Low,Yes,1
Scholarship Scheme 4536,Doctorate,All,OBC,Sikh,No,No,Yes,88.67,High,Yes,0
Scholarship Scheme 4537,High School,All,OBC,Christian,No,Yes,Yes,82.52,Low,Yes,0
Scholarship Scheme 4538,Doctorate,All,ST,Sikh,No,No,Yes,61.7,High,Yes,1
Scholarship Scheme 4539,Doctorate,Female,ST,Sikh,Yes,Yes,No,57.28,High,Yes,1
Scholarship Scheme 4540,High School,Female,OBC,Muslim,Yes,No,Yes,81.39,Low,Yes,1
Scholarship Scheme 4541,High School,Male,OBC,Muslim,No,Yes,No,72.48,High,Yes,0
Scholarship Scheme 4542,High School,All,General,Christian,No,No,Yes,58.43,Low,Yes,1
Scholarship Scheme 4543,Postgraduate,Male,ST,Sikh,No,Yes,No,66.29,Low,Yes,1
Scholarship Scheme 4544,High School,Female,ST,Hindu,No,No,No,65.12,Low,Yes,1
Scholarship Scheme 4545,Undergraduate,Female,OBC,Sikh,Yes,Yes,No,55.4,High,Yes,0
Scholarship Scheme 4546,Doctorate,Female,General,Muslim,Yes,Yes,No,77.29,High,Yes,1
Scholarship Scheme 4547,Postgraduate,All,OBC,Hindu,No,Yes,Yes,88.11,Medium,Yes,1
Scholarship Scheme 4548,High School,All,OBC,Hindu,Yes,Yes,No,78.72,Low,Yes,0
Scholarship Scheme 4549,Postgraduate,Female,SC,Muslim,Yes,No,Yes,91.23,Low,Yes,0
Scholarship Scheme 4550,High School,Male,ST,Hindu,Yes,Yes,Yes,56.37,Low,Yes,1
Scholarship Scheme 4551,Postgraduate,Male,General,Sikh,No,No,No,71.74,Low,Yes,1
Scholarship Scheme 4552,Doctorate,Female,SC,Muslim,No,Yes,Yes,80.41,Low,Yes,1
Scholarship Scheme 4553,Doctorate,Male,ST,Christian,Yes,No,Yes,83.73,Low,Yes,0
Scholarship Scheme 4554,Undergraduate,Female,OBC,Muslim,Yes,Yes,Yes,84.72,Low,Yes,0
Scholarship Scheme 4555,Undergraduate,Male,General,Christian,No,Yes,Yes,86.38,Medium,Yes,0
Scholarship Scheme 4556,High School,Female,ST,Christian,No,No,No,82.51,Medium,Yes,1
Scholarship Scheme 4557,Doctorate,Male,OBC,Muslim,No,No,Yes,54.7,Low,Yes,1
Scholarship Scheme 4558,Postgraduate,All,SC,Muslim,Yes,Yes,Yes,84.7,Low,Yes,0
Scholarship Scheme 4559,Postgraduate,Female,General,Christian,Yes,No,Yes,86.17,Medium,Yes,1
Scholarship Scheme 4560,Postgraduate,Female,ST,Christian,Yes,No,Yes,99.57,Medium,Yes,1
Scholarship Scheme 4561,Undergraduate,Male,SC,Hindu,No,No,Yes,84.6,Low,Yes,0
Scholarship Scheme 4562,Postgraduate,Female,OBC,Muslim,No,Yes,No,84.27,Low,Yes,0
Scholarship Scheme 4563,Undergraduate,Female,OBC,Muslim,No,No,Yes,75.69,Medium,Yes,0
Scholarship Scheme 4564,Undergraduate,Female,ST,Hindu,No,Yes,No,93.31,Medium,Yes,0
Scholarship Scheme 4565,High School,All,OBC,Muslim,No,No,Yes,99.74,Low,Yes,0
Scholarship Scheme 4566,Postgraduate,All,General,Hindu,Yes,No,No,88.87,Medium,Yes,1
Scholarship Scheme 4567,Postgraduate,Male,ST,Hindu,Yes,Yes,Yes,80.56,Low,Yes,1
Scholarship Scheme 4568,Doctorate,All,SC,Muslim,Yes,No,Yes,53.94,High,Yes,0
Scholarship Scheme 4569,High School,Male,ST,Sikh,No,No,No,86.26,Low,Yes,0
Scholarship Scheme 4570,Doctorate,All,ST,Christian,Yes,No,No,85.36,Low,Yes,1
Scholarship Scheme 4571,High School,Male,SC,Muslim,No,No,No,88.7,Low,Yes,0
Scholarship Scheme 4572,Postgraduate,All,OBC,Sikh,Yes,No,Yes,56.22,Medium,Yes,1
Scholarship Scheme 4573,Undergraduate,All,SC,Hindu,Yes,No,No,82.62,Low,Yes,0
Scholarship Scheme 4574,Undergraduate,Male,General,Sikh,No,No,No,64.76,Low,Yes,0
Scholarship Scheme 4575,Undergraduate,Female,OBC,Muslim,Yes,Yes,No,87.94,Medium,Yes,1
Scholarship Scheme 4576,Undergraduate,Female,ST,Muslim,Yes,Yes,Yes,61.99,High,Yes,1
Scholarship Scheme 4577,Undergraduate,All,OBC,Sikh,Yes,Yes,Yes,84.13,High,Yes,0
Scholarship Scheme 4578,Doctorate,Male,OBC,Muslim,Yes,Yes,Yes,64.72,Medium,Yes,0
Scholarship Scheme 4579,High School,Female,General,Christian,Yes,Yes,No,50.45,Low,Yes,1
Scholarship Scheme 4580,Postgraduate,Male,OBC,Sikh,Yes,No,Yes,81.6,High,Yes,0
Scholarship Scheme 4581,Doctorate,Female,OBC,Hindu,Yes,Yes,Yes,55.65,High,Yes,0
Scholarship Scheme 4582,High School,Male,OBC,Sikh,No,Yes,Yes,82.9,Medium,Yes,1
Scholarship Scheme 4583,Undergraduate,All,ST,Sikh,Yes,No,Yes,96.19,High,Yes,1
Scholarship Scheme 4584,High School,Male,OBC,Sikh,No,Yes,No,98.37,High,Yes,1
Scholarship Scheme 4585,High School,Female,SC,Sikh,Yes,No,Yes,61.77,Medium,Yes,0
Scholarship Scheme 4586,Undergraduate,All,OBC,Hindu,No,No,No,90.38,High,Yes,0
Scholarship Scheme 4587,Undergraduate,Male,General,Hindu,No,Yes,No,67.64,Low,Yes,0
Scholarship Scheme 4588,Undergraduate,Female,OBC,Hindu,Yes,Yes,No,94.93,Medium,Yes,1
Scholarship Scheme 4589,Postgraduate,All,OBC,Sikh,No,No,No,89.3,Low,Yes,1
Scholarship Scheme 4590,Undergraduate,Male,ST,Christian,No,No,No,53.69,Low,Yes,0
Scholarship Scheme 4591,Postgraduate,Female,SC,Christian,Yes,Yes,No,70.32,Medium,Yes,0
Scholarship Scheme 4592,Undergraduate,Male,OBC,Hindu,No,No,Yes,66.83,High,Yes,1
Scholarship Scheme 4593,Postgraduate,Male,SC,Christian,Yes,Yes,No,89.18,Medium,Yes,0
Scholarship Scheme 4594,High School,All,General,Christian,No,Yes,Yes,70.47,High,Yes,0
Scholarship Scheme 4595,Doctorate,All,ST,Christian,No,Yes,No,84.16,Low,Yes,0
Scholarship Scheme 4596,High School,Female,SC,Christian,No,Yes,Yes,80.06,High,Yes,1
Scholarship Scheme 4597,High School,All,ST,Christian,No,No,No,98.68,Low,Yes,1
Scholarship Scheme 4598,Undergraduate,Female,OBC,Muslim,Yes,No,Yes,96.8,Low,Yes,0
Scholarship Scheme 4599,Postgraduate,Male,General,Hindu,Yes,Yes,Yes,71.34,Low,Yes,0
Scholarship Scheme 4600,Doctorate,Male,ST,Sikh,Yes,Yes,No,86.11,Medium,Yes,0
Scholarship Scheme 4601,Undergraduate,Female,OBC,Christian,Yes,No,No,91.39,High,Yes,0
Scholarship Scheme 4602,Undergraduate,Male,SC,Muslim,Yes,No,No,94.85,High,Yes,0
Scholarship Scheme 4603,Undergraduate,All,General,Sikh,No,No,No,53.4,High,Yes,0
Scholarship Scheme 4604,High School,Male,General,Muslim,Yes,No,Yes,65.07,Low,Yes,1
Scholarship Scheme 4605,Postgraduate,All,SC,Christian,No,No,Yes,65.98,Medium,Yes,0
Scholarship Scheme 4606,Postgraduate,Female,SC,Christian,Yes,Yes,No,71.68,High,Yes,1
Scholarship Scheme 4607,Doctorate,Female,General,Christian,Yes,Yes,No,58.45,High,Yes,1
Scholarship Scheme 4608,Postgraduate,Male,ST,Christian,Yes,Yes,Yes,74.76,Medium,Yes,0
Scholarship Scheme 4609,Postgraduate,Male,General,Sikh,Yes,Yes,No,83.09,High,Yes,0
Scholarship Scheme 4610,Undergraduate,All,SC,Sikh,No,No,Yes,74.82,Medium,Yes,1
Scholarship Scheme 4611,Undergraduate,All,ST,Muslim,Yes,No,No,83.22,Medium,Yes,1
Scholarship Scheme 4612,High School,Male,OBC,Hindu,No,Yes,No,53.32,High,Yes,0
Scholarship Scheme 4613,Undergraduate,Male,General,Christian,No,Yes,Yes,93.71,Medium,Yes,0
Scholarship Scheme 4614,Undergraduate,Female,SC,Muslim,Yes,No,Yes,96.86,Medium,Yes,1
Scholarship Scheme 4615,Undergraduate,Female,OBC,Muslim,No,Yes,No,80.83,High,Yes,0
Scholarship Scheme 4616,Undergraduate,Female,General,Muslim,No,Yes,Yes,93.98,Low,Yes,0
Scholarship Scheme 4617,High School,Male,General,Christian,Yes,No,No,56.56,High,Yes,1
Scholarship Scheme 4618,Undergraduate,Male,ST,Christian,No,No,Yes,89.79,High,Yes,1
Scholarship Scheme 4619,Doctorate,Male,SC,Muslim,Yes,No,No,55.95,Low,Yes,1
Scholarship Scheme 4620,Doctorate,Female,OBC,Christian,Yes,Yes,No,70.36,Medium,Yes,0
Scholarship Scheme 4621,Doctorate,Male,General,Muslim,No,No,No,66.16,High,Yes,0
Scholarship Scheme 4622,Doctorate,All,ST,Sikh,No,No,Yes,79.22,Low,Yes,1
Scholarship Scheme 4623,Undergraduate,Male,OBC,Christian,No,Yes,Yes,65.05,Low,Yes,1
Scholarship Scheme 4624,Doctorate,Male,OBC,Sikh,No,No,Yes,81.8,High,Yes,0
Scholarship Scheme 4625,Undergraduate,Male,General,Hindu,No,Yes,Yes,68.33,High,Yes,1
Scholarship Scheme 4626,High School,Male,OBC,Christian,No,Yes,No,92.95,Low,Yes,0
Scholarship Scheme 4627,Doctorate,Male,General,Hindu,No,Yes,Yes,81.63,High,Yes,0
Scholarship Scheme 4628,Postgraduate,All,ST,Muslim,Yes,Yes,Yes,60.74,Low,Yes,0
Scholarship Scheme 4629,Doctorate,All,ST,Christian,Yes,No,Yes,66.77,High,Yes,1
Scholarship Scheme 4630,Doctorate,Male,OBC,Christian,Yes,Yes,No,92.29,Low,Yes,1
Scholarship Scheme 4631,Undergraduate,Female,General,Christian,No,No,Yes,69.29,High,Yes,1
Scholarship Scheme 4632,Doctorate,Male,SC,Hindu,No,No,Yes,76.74,High,Yes,0
Scholarship Scheme 4633,Postgraduate,Male,ST,Hindu,No,No,No,82.38,High,Yes,1
Scholarship Scheme 4634,Undergraduate,Male,General,Muslim,Yes,No,No,67.36,Medium,Yes,0
Scholarship Scheme 4635,Undergraduate,Female,General,Sikh,Yes,No,No,64.67,High,Yes,0
Scholarship Scheme 4636,High School,Female,General,Sikh,Yes,Yes,No,73.72,Low,Yes,1
Scholarship Scheme 4637,High School,Female,OBC,Hindu,No,No,No,60.72,Low,Yes,0
Scholarship Scheme 4638,Doctorate,All,SC,Christian,Yes,Yes,No,64.18,Medium,Yes,0
Scholarship Scheme 4639,High School,Female,OBC,Sikh,Yes,Yes,No,53.1,Medium,Yes,0
Scholarship Scheme 4640,High School,All,ST,Sikh,No,Yes,Yes,65.17,Medium,Yes,0
Scholarship Scheme 4641,High School,All,OBC,Hindu,Yes,No,No,66.0,High,Yes,0
Scholarship Scheme 4642,Undergraduate,Female,General,Muslim,Yes,No,No,98.0,High,Yes,0
Scholarship Scheme 4643,Undergraduate,Female,OBC,Hindu,Yes,No,No,79.43,Low,Yes,0
Scholarship Scheme 4644,Undergraduate,Female,General,Hindu,No,No,No,89.29,Low,Yes,0
Scholarship Scheme 4645,High School,All,SC,Christian,Yes,Yes,No,52.26,High,Yes,1
Scholarship Scheme 4646,Undergraduate,Male,OBC,Hindu,No,No,Yes,55.32,Low,Yes,0
Scholarship Scheme 4647,High School,Female,OBC,Christian,No,No,Yes,90.65,High,Yes,1
Scholarship Scheme 4648,Undergraduate,Female,OBC,Muslim,Yes,Yes,Yes,81.12,Medium,Yes,1
Scholarship Scheme 4649,Undergraduate,Female,General,Christian,Yes,Yes,Yes,59.53,High,Yes,1
Scholarship Scheme 4650,Postgraduate,All,General,Muslim,No,Yes,Yes,70.2,High,Yes,1
Scholarship Scheme 4651,Doctorate,All,OBC,Muslim,No,Yes,Yes,76.88,High,Yes,0
Scholarship Scheme 4652,High School,Male,OBC,Muslim,No,Yes,Yes,92.1,Low,Yes,0
Scholarship Scheme 4653,Postgraduate,Female,SC,Hindu,No,Yes,No,53.01,High,Yes,1
Scholarship Scheme 4654,Undergraduate,All,SC,Christian,No,Yes,No,79.78,High,Yes,1
Scholarship Scheme 4655,High School,Male,ST,Sikh,Yes,No,No,85.78,High,Yes,0
Scholarship Scheme 4656,Undergraduate,Female,SC,Hindu,No,No,No,98.8,Medium,Yes,0
Scholarship Scheme 4657,Doctorate,All,SC,Muslim,Yes,Yes,No,90.28,High,Yes,1
Scholarship Scheme 4658,Postgraduate,Female,SC,Sikh,No,Yes,No,63.78,High,Yes,1
Scholarship Scheme 4659,Doctorate,Female,General,Hindu,Yes,No,Yes,85.41,High,Yes,1
Scholarship Scheme 4660,Postgraduate,All,SC,Sikh,No,Yes,No,88.09,Low,Yes,0
Scholarship Scheme 4661,Undergraduate,All,SC,Muslim,Yes,Yes,No,86.41,Medium,Yes,0
Scholarship Scheme 4662,Doctorate,All,OBC,Sikh,Yes,Yes,No,90.93,Medium,Yes,0
Scholarship Scheme 4663,Doctorate,Female,General,Sikh,No,Yes,Yes,95.1,High,Yes,0
Scholarship Scheme 4664,Undergraduate,Female,ST,Muslim,No,Yes,Yes,54.91,High,Yes,1
Scholarship Scheme 4665,Doctorate,Male,ST,Sikh,Yes,No,Yes,55.23,Low,Yes,0
Scholarship Scheme 4666,High School,Female,SC,Hindu,Yes,Yes,No,89.74,High,Yes,0
Scholarship Scheme 4667,Postgraduate,All,ST,Sikh,Yes,Yes,No,62.59,Low,Yes,0
Scholarship Scheme 4668,Postgraduate,Female,ST,Christian,No,Yes,No,52.92,High,Yes,1
Scholarship Scheme 4669,Postgraduate,Male,ST,Hindu,No,No,Yes,70.02,Low,Yes,0
Scholarship Scheme 4670,High School,Male,SC,Sikh,No,No,Yes,90.91,Medium,Yes,1
Scholarship Scheme 4671,Postgraduate,All,ST,Christian,No,Yes,No,56.32,High,Yes,1
Scholarship Scheme 4672,Undergraduate,All,SC,Christian,Yes,Yes,Yes,83.52,Low,Yes,0
Scholarship Scheme 4673,Doctorate,Male,OBC,Christian,No,Yes,No,50.18,Low,Yes,0
Scholarship Scheme 4674,High School,Male,OBC,Sikh,No,Yes,Yes,55.48,High,Yes,1
Scholarship Scheme 4675,Postgraduate,Male,ST,Muslim,No,No,Yes,67.51,Low,Yes,1
Scholarship Scheme 4676,Undergraduate,All,OBC,Christian,No,No,Yes,54.17,High,Yes,0
Scholarship Scheme 4677,Doctorate,Male,SC,Muslim,No,Yes,No,92.21,High,Yes,0
Scholarship Scheme 4678,Doctorate,Male,OBC,Hindu,Yes,Yes,Yes,93.12,Low,Yes,1
Scholarship Scheme 4679,High School,All,ST,Muslim,No,No,No,87.7,Low,Yes,0
Scholarship Scheme 4680,High School,Female,SC,Muslim,Yes,No,No,62.1,Low,Yes,0
Scholarship Scheme 4681,High School,Female,General,Muslim,No,Yes,No,76.11,Medium,Yes,1
Scholarship Scheme 4682,Undergraduate,Male,SC,Muslim,No,Yes,Yes,59.19,High,Yes,0
Scholarship Scheme 4683,Undergraduate,Female,OBC,Muslim,No,Yes,Yes,64.04,High,Yes,1
Scholarship Scheme 4684,High School,Female,General,Hindu,No,No,Yes,75.75,Medium,Yes,0
Scholarship Scheme 4685,Postgraduate,Female,SC,Hindu,Yes,No,No,86.68,Medium,Yes,0
Scholarship Scheme 4686,Doctorate,Female,General,Muslim,Yes,No,Yes,54.72,Low,Yes,1
Scholarship Scheme 4687,Doctorate,Male,General,Muslim,No,No,Yes,64.81,High,Yes,0
Scholarship Scheme 4688,Undergraduate,Female,General,Christian,Yes,Yes,No,96.24,Medium,Yes,1
Scholarship Scheme 4689,Doctorate,Female,SC,Hindu,Yes,No,No,71.41,Medium,Yes,0
Scholarship Scheme 4690,Postgraduate,All,OBC,Sikh,No,No,No,96.85,High,Yes,0
Scholarship Scheme 4691,Doctorate,Male,SC,Hindu,Yes,No,Yes,99.47,High,Yes,0
Scholarship Scheme 4692,Undergraduate,All,OBC,Sikh,Yes,Yes,Yes,76.28,High,Yes,1
Scholarship Scheme 4693,Undergraduate,All,SC,Christian,No,No,No,64.37,Low,Yes,0
Scholarship Scheme 4694,Postgraduate,Male,SC,Muslim,No,No,Yes,89.46,Medium,Yes,0
Scholarship Scheme 4695,Postgraduate,Female,SC,Christian,Yes,No,No,57.95,Low,Yes,0
Scholarship Scheme 4696,Doctorate,All,OBC,Muslim,No,Yes,Yes,62.58,High,Yes,1
Scholarship Scheme 4697,Doctorate,Male,SC,Hindu,No,No,No,89.17,High,Yes,0
Scholarship Scheme 4698,Undergraduate,Female,General,Muslim,No,Yes,Yes,71.64,Medium,Yes,1
Scholarship Scheme 4699,Postgraduate,Male,SC,Sikh,Yes,Yes,No,60.06,Low,Yes,1
Scholarship Scheme 4700,Postgraduate,All,General,Sikh,No,No,No,82.49,Low,Yes,0
Scholarship Scheme 4701,Postgraduate,Female,ST,Christian,No,Yes,No,86.56,Low,Yes,0
Scholarship Scheme 4702,Doctorate,Female,ST,Hindu,Yes,No,Yes,56.24,High,Yes,1
Scholarship Scheme 4703,Postgraduate,Male,OBC,Sikh,Yes,Yes,Yes,63.82,Medium,Yes,0
Scholarship Scheme 4704,Undergraduate,Female,OBC,Christian,Yes,Yes,Yes,61.04,Low,Yes,1
Scholarship Scheme 4705,Undergraduate,All,ST,Hindu,Yes,No,No,68.95,High,Yes,0
Scholarship Scheme 4706,Doctorate,All,SC,Hindu,Yes,No,No,88.1,High,Yes,0
Scholarship Scheme 4707,High School,All,SC,Christian,No,Yes,No,85.61,Low,Yes,1
Scholarship Scheme 4708,Doctorate,Male,SC,Sikh,Yes,Yes,No,83.06,Medium,Yes,0
Scholarship Scheme 4709,High School,Female,ST,Sikh,No,Yes,No,50.31,Medium,Yes,0
Scholarship Scheme 4710,Postgraduate,Female,General,Christian,Yes,Yes,No,57.09,Low,Yes,1
Scholarship Scheme 4711,Doctorate,Female,OBC,Sikh,No,No,No,61.14,High,Yes,1
Scholarship Scheme 4712,Undergraduate,All,General,Christian,No,Yes,No,63.57,High,Yes,0
Scholarship Scheme 4713,Postgraduate,Female,ST,Sikh,Yes,Yes,No,57.31,Low,Yes,1
Scholarship Scheme 4714,Undergraduate,All,General,Sikh,Yes,No,Yes,70.47,High,Yes,1
Scholarship Scheme 4715,Postgraduate,Female,SC,Christian,Yes,Yes,No,53.75,High,Yes,1
Scholarship Scheme 4716,Doctorate,All,SC,Christian,Yes,No,Yes,87.43,Low,Yes,1
Scholarship Scheme 4717,High School,Female,General,Sikh,Yes,No,No,89.31,High,Yes,1
Scholarship Scheme 4718,Postgraduate,Male,ST,Christian,Yes,No,Yes,78.66,Low,Yes,1
Scholarship Scheme 4719,High School,Male,General,Sikh,No,Yes,No,54.48,Low,Yes,0
Scholarship Scheme 4720,Postgraduate,All,SC,Muslim,No,No,Yes,94.42,Low,Yes,1
Scholarship Scheme 4721,Undergraduate,All,SC,Hindu,No,No,No,98.19,High,Yes,0
Scholarship Scheme 4722,Undergraduate,Female,ST,Hindu,No,No,No,60.1,Low,Yes,0
Scholarship Scheme 4723,Postgraduate,Female,General,Sikh,No,Yes,No,85.16,High,Yes,1
Scholarship Scheme 4724,High School,Male,SC,Hindu,Yes,Yes,Yes,92.01,Low,Yes,0
Scholarship Scheme 4725,Doctorate,Female,SC,Sikh,Yes,Yes,No,76.94,Medium,Yes,1
Scholarship Scheme 4726,Doctorate,All,General,Christian,No,Yes,Yes,66.13,High,Yes,1
Scholarship Scheme 4727,Undergraduate,All,General,Muslim,No,No,Yes,73.88,High,Yes,0
Scholarship Scheme 4728,Doctorate,All,OBC,Hindu,Yes,No,Yes,75.56,High,Yes,0
Scholarship Scheme 4729,Undergraduate,All,ST,Hindu,Yes,No,Yes,69.99,Medium,Yes,0
Scholarship Scheme 4730,Doctorate,All,ST,Christian,Yes,Yes,Yes,96.4,Low,Yes,1
Scholarship Scheme 4731,Postgraduate,Male,General,Muslim,Yes,No,No,87.12,Medium,Yes,1
Scholarship Scheme 4732,Undergraduate,Male,ST,Muslim,No,Yes,Yes,62.04,Low,Yes,0
Scholarship Scheme 4733,Undergraduate,All,SC,Muslim,No,Yes,Yes,79.22,Low,Yes,1
Scholarship Scheme 4734,Postgraduate,Female,General,Christian,Yes,Yes,Yes,84.37,Low,Yes,0
Scholarship Scheme 4735,Undergraduate,All,General,Hindu,Yes,No,Yes,56.99,Low,Yes,0
Scholarship Scheme 4736,Doctorate,Male,General,Hindu,No,No,No,67.89,Low,Yes,0
Scholarship Scheme 4737,Doctorate,All,OBC,Muslim,No,Yes,No,95.19,Medium,Yes,0
Scholarship Scheme 4738,Undergraduate,Male,ST,Christian,No,No,No,78.3,High,Yes,1
Scholarship Scheme 4739,Doctorate,Male,OBC,Christian,Yes,Yes,Yes,60.83,Medium,Yes,0
Scholarship Scheme 4740,High School,All,SC,Christian,No,No,Yes,56.13,High,Yes,1
Scholarship Scheme 4741,Undergraduate,All,ST,Muslim,Yes,Yes,Yes,75.86,High,Yes,1
Scholarship Scheme 4742,Postgraduate,Female,OBC,Christian,Yes,Yes,No,77.33,High,Yes,0
Scholarship Scheme 4743,High School,Male,General,Muslim,Yes,Yes,Yes,66.69,Medium,Yes,0
Scholarship Scheme 4744,Undergraduate,Female,OBC,Muslim,No,No,No,81.46,Low,Yes,0
Scholarship Scheme 4745,Postgraduate,All,General,Muslim,No,No,Yes,53.43,Low,Yes,0
Scholarship Scheme 4746,Doctorate,Male,OBC,Sikh,Yes,No,Yes,57.24,High,Yes,0
Scholarship Scheme 4747,Postgraduate,Female,OBC,Muslim,No,No,No,77.26,Low,Yes,0
Scholarship Scheme 4748,High School,Female,OBC,Christian,Yes,No,Yes,53.08,Low,Yes,0
Scholarship Scheme 4749,Doctorate,Female,General,Sikh,No,Yes,No,93.96,Medium,Yes,1
Scholarship Scheme 4750,Undergraduate,All,OBC,Hindu,Yes,No,Yes,57.09,Low,Yes,0
Scholarship Scheme 4751,Doctorate,All,ST,Hindu,Yes,Yes,No,83.63,Low,Yes,1
Scholarship Scheme 4752,Undergraduate,All,ST,Christian,No,No,Yes,69.52,Medium,Yes,0
Scholarship Scheme 4753,Undergraduate,Male,ST,Christian,No,No,Yes,69.95,Low,Yes,1
Scholarship Scheme 4754,Postgraduate,All,General,Christian,Yes,No,Yes,88.17,High,Yes,0
Scholarship Scheme 4755,Postgraduate,Male,General,Christian,No,Yes,Yes,74.92,Medium,Yes,1
Scholarship Scheme 4756,Postgraduate,Female,ST,Sikh,Yes,No,Yes,86.21,Low,Yes,0
Scholarship Scheme 4757,High School,Female,ST,Christian,Yes,Yes,No,75.21,Low,Yes,0
Scholarship Scheme 4758,High School,All,ST,Muslim,Yes,No,No,79.59,Medium,Yes,1
Scholarship Scheme 4759,Postgraduate,Female,SC,Hindu,Yes,Yes,Yes,87.96,High,Yes,1
Scholarship Scheme 4760,High School,All,ST,Christian,Yes,Yes,No,80.3,Medium,Yes,1
Scholarship Scheme 4761,Doctorate,Male,OBC,Muslim,Yes,Yes,No,80.72,High,Yes,0
Scholarship Scheme 4762,Doctorate,Female,SC,Christian,Yes,Yes,No,89.38,Medium,Yes,1
Scholarship Scheme 4763,High School,All,SC,Muslim,Yes,No,No,97.36,Low,Yes,0
Scholarship Scheme 4764,High School,Female,General,Sikh,No,No,Yes,68.8,Medium,Yes,0
Scholarship Scheme 4765,Doctorate,Female,OBC,Hindu,No,Yes,No,78.8,Medium,Yes,1
Scholarship Scheme 4766,Undergraduate,All,General,Hindu,Yes,No,No,54.31,High,Yes,0
Scholarship Scheme 4767,Doctorate,Female,General,Sikh,Yes,Yes,Yes,67.9,Medium,Yes,1
Scholarship Scheme 4768,Doctorate,Female,OBC,Muslim,Yes,No,Yes,70.56,High,Yes,0
Scholarship Scheme 4769,High School,Female,General,Christian,No,No,Yes,91.68,Medium,Yes,1
Scholarship Scheme 4770,Doctorate,Female,OBC,Muslim,Yes,No,Yes,75.62,Low,Yes,1
Scholarship Scheme 4771,High School,Male,OBC,Hindu,Yes,Yes,Yes,86.48,Medium,Yes,0
Scholarship Scheme 4772,High School,Female,General,Sikh,Yes,No,Yes,50.95,Low,Yes,0
Scholarship Scheme 4773,Postgraduate,Female,ST,Sikh,No,Yes,Yes,73.18,High,Yes,1
Scholarship Scheme 4774,Doctorate,All,General,Muslim,No,No,Yes,94.98,High,Yes,1
Scholarship Scheme 4775,Undergraduate,Male,SC,Muslim,No,Yes,No,61.19,High,Yes,0
Scholarship Scheme 4776,Postgraduate,All,General,Sikh,Yes,No,Yes,51.57,High,Yes,1
Scholarship Scheme 4777,High School,All,OBC,Hindu,Yes,Yes,No,71.63,Medium,Yes,0
Scholarship Scheme 4778,High School,All,SC,Christian,No,Yes,Yes,85.15,Medium,Yes,1
Scholarship Scheme 4779,Undergraduate,Male,OBC,Christian,Yes,Yes,Yes,72.68,Medium,Yes,1
Scholarship Scheme 4780,High School,All,ST,Muslim,No,No,No,72.95,Low,Yes,0
Scholarship Scheme 4781,Doctorate,All,ST,Sikh,No,Yes,Yes,83.42,Medium,Yes,1
Scholarship Scheme 4782,Postgraduate,All,SC,Sikh,Yes,No,Yes,62.69,Low,Yes,0
Scholarship Scheme 4783,High School,Female,ST,Sikh,Yes,Yes,No,87.52,Low,Yes,0
Scholarship Scheme 4784,High School,All,ST,Hindu,Yes,Yes,No,57.64,Medium,Yes,1
Scholarship Scheme 4785,Undergraduate,Male,General,Muslim,Yes,Yes,No,69.75,Low,Yes,0
Scholarship Scheme 4786,Doctorate,Male,General,Muslim,No,No,No,82.73,High,Yes,0
Scholarship Scheme 4787,High School,Female,ST,Muslim,No,No,No,91.34,Medium,Yes,1
Scholarship Scheme 4788,Undergraduate,Male,ST,Hindu,No,No,No,89.5,Medium,Yes,0
Scholarship Scheme 4789,High School,Male,General,Muslim,No,No,Yes,86.01,Low,Yes,0
Scholarship Scheme 4790,Undergraduate,Female,ST,Christian,No,No,Yes,67.92,Medium,Yes,0
Scholarship Scheme 4791,Undergraduate,All,ST,Muslim,No,No,Yes,56.1,Medium,Yes,0
Scholarship Scheme 4792,Doctorate,Female,OBC,Muslim,Yes,No,Yes,60.82,Low,Yes,0
Scholarship Scheme 4793,High School,All,ST,Muslim,No,Yes,Yes,93.16,Medium,Yes,1
Scholarship Scheme 4794,Doctorate,All,SC,Hindu,Yes,Yes,No,92.78,Medium,Yes,0
Scholarship Scheme 4795,Undergraduate,Male,OBC,Christian,Yes,No,No,97.48,Medium,Yes,0
Scholarship Scheme 4796,Postgraduate,Female,SC,Christian,No,No,Yes,53.79,Low,Yes,0
Scholarship Scheme 4797,High School,Male,ST,Sikh,No,No,No,76.79,Medium,Yes,0
Scholarship Scheme 4798,Postgraduate,Male,General,Sikh,Yes,No,Yes,82.37,Medium,Yes,0
Scholarship Scheme 4799,High School,All,OBC,Christian,Yes,No,No,85.46,Medium,Yes,1
Scholarship Scheme 4800,Doctorate,Male,General,Muslim,No,Yes,Yes,82.13,High,Yes,0
Scholarship Scheme 4801,Doctorate,Female,OBC,Muslim,No,No,Yes,88.42,Medium,Yes,1
Scholarship Scheme 4802,Doctorate,Male,General,Muslim,Yes,No,Yes,67.94,Low,Yes,0
Scholarship Scheme 4803,Doctorate,Male,OBC,Hindu,No,No,No,58.95,High,Yes,0
Scholarship Scheme 4804,Doctorate,All,OBC,Muslim,No,Yes,No,60.21,Low,Yes,0
Scholarship Scheme 4805,Postgraduate,Female,SC,Hindu,No,Yes,Yes,50.6,Medium,Yes,0
Scholarship Scheme 4806,Doctorate,Male,General,Christian,No,Yes,No,67.48,Medium,Yes,1
Scholarship Scheme 4807,Undergraduate,All,SC,Muslim,No,Yes,Yes,54.58,Medium,Yes,1
Scholarship Scheme 4808,Undergraduate,Male,SC,Muslim,Yes,No,Yes,66.04,High,Yes,0
Scholarship Scheme 4809,Postgraduate,Female,General,Sikh,No,Yes,No,81.35,Medium,Yes,1
Scholarship Scheme 4810,High School,Male,OBC,Christian,No,Yes,Yes,94.63,Low,Yes,1
Scholarship Scheme 4811,Undergraduate,Male,SC,Muslim,Yes,Yes,Yes,91.9,High,Yes,1
Scholarship Scheme 4812,High School,All,General,Hindu,Yes,Yes,Yes,62.61,Low,Yes,0
Scholarship Scheme 4813,Postgraduate,Male,OBC,Christian,No,Yes,No,56.69,Low,Yes,0
Scholarship Scheme 4814,High School,All,SC,Sikh,No,No,Yes,59.63,Low,Yes,0
Scholarship Scheme 4815,High School,Female,SC,Christian,Yes,Yes,Yes,98.45,Low,Yes,0
Scholarship Scheme 4816,High School,Male,SC,Hindu,No,Yes,Yes,77.42,Low,Yes,1
Scholarship Scheme 4817,High School,Female,OBC,Sikh,No,Yes,Yes,59.11,Medium,Yes,1
Scholarship Scheme 4818,Postgraduate,Female,SC,Hindu,No,No,No,91.95,Low,Yes,0
Scholarship Scheme 4819,Undergraduate,Male,OBC,Christian,Yes,No,Yes,69.72,Low,Yes,1
Scholarship Scheme 4820,Doctorate,All,ST,Sikh,No,No,Yes,94.87,Medium,Yes,1
Scholarship Scheme 4821,High School,Female,SC,Hindu,No,No,No,63.01,High,Yes,1
Scholarship Scheme 4822,Undergraduate,Female,ST,Christian,Yes,No,No,69.62,Medium,Yes,1
Scholarship Scheme 4823,Undergraduate,Male,General,Hindu,No,No,No,75.2,High,Yes,1
Scholarship Scheme 4824,Postgraduate,Male,SC,Muslim,No,No,No,94.54,Low,Yes,0
Scholarship Scheme 4825,Undergraduate,Male,General,Christian,No,No,No,93.35,Medium,Yes,1
Scholarship Scheme 4826,Postgraduate,Male,General,Sikh,No,Yes,No,78.66,High,Yes,0
Scholarship Scheme 4827,High School,Male,General,Sikh,Yes,Yes,Yes,61.07,High,Yes,0
Scholarship Scheme 4828,High School,Male,ST,Muslim,Yes,No,Yes,70.13,Medium,Yes,0
Scholarship Scheme 4829,Doctorate,All,OBC,Hindu,No,Yes,No,98.68,Medium,Yes,1
Scholarship Scheme 4830,Doctorate,Female,ST,Hindu,No,No,Yes,80.33,Medium,Yes,0
Scholarship Scheme 4831,Doctorate,All,ST,Sikh,No,Yes,No,88.98,Medium,Yes,1
Scholarship Scheme 4832,Undergraduate,All,General,Hindu,No,Yes,Yes,72.45,Medium,Yes,0
Scholarship Scheme 4833,High School,Male,SC,Christian,Yes,No,No,76.55,Low,Yes,0
Scholarship Scheme 4834,Postgraduate,Female,OBC,Christian,Yes,Yes,No,71.4,Low,Yes,0
Scholarship Scheme 4835,Doctorate,All,General,Sikh,Yes,No,Yes,85.08,Medium,Yes,0
Scholarship Scheme 4836,Postgraduate,Male,OBC,Christian,No,No,No,92.49,Medium,Yes,0
Scholarship Scheme 4837,Postgraduate,Male,ST,Sikh,No,Yes,Yes,75.32,Low,Yes,0
Scholarship Scheme 4838,Doctorate,Female,OBC,Hindu,No,No,No,74.0,High,Yes,0
Scholarship Scheme 4839,High School,All,OBC,Hindu,Yes,Yes,No,66.98,Low,Yes,1
Scholarship Scheme 4840,Doctorate,All,SC,Hindu,Yes,Yes,Yes,58.84,Medium,Yes,0
Scholarship Scheme 4841,Postgraduate,All,General,Muslim,Yes,No,No,96.87,High,Yes,1
Scholarship Scheme 4842,Doctorate,Male,OBC,Sikh,Yes,No,Yes,65.77,Medium,Yes,0
Scholarship Scheme 4843,Postgraduate,Female,OBC,Christian,Yes,No,Yes,89.95,High,Yes,0
Scholarship Scheme 4844,Postgraduate,Female,ST,Hindu,No,No,Yes,85.7,Medium,Yes,1
Scholarship Scheme 4845,Doctorate,All,ST,Muslim,No,No,Yes,89.47,Low,Yes,1
Scholarship Scheme 4846,Undergraduate,Male,OBC,Christian,No,Yes,Yes,96.74,Medium,Yes,0
Scholarship Scheme 4847,Doctorate,All,General,Christian,Yes,No,No,81.11,Low,Yes,0
Scholarship Scheme 4848,Undergraduate,Female,OBC,Christian,No,Yes,No,94.81,High,Yes,1
Scholarship Scheme 4849,Postgraduate,Male,OBC,Hindu,No,No,Yes,58.37,Low,Yes,0
Scholarship Scheme 4850,Postgraduate,All,SC,Christian,Yes,Yes,No,81.27,High,Yes,0
Scholarship Scheme 4851,Undergraduate,All,General,Sikh,Yes,Yes,Yes,88.54,Medium,Yes,0
Scholarship Scheme 4852,Postgraduate,Male,SC,Muslim,Yes,Yes,No,63.55,Low,Yes,1
Scholarship Scheme 4853,Undergraduate,Female,General,Christian,No,Yes,Yes,86.96,High,Yes,1
Scholarship Scheme 4854,Undergraduate,Male,General,Christian,Yes,Yes,No,88.85,High,Yes,0
Scholarship Scheme 4855,Postgraduate,All,General,Sikh,No,No,Yes,91.48,High,Yes,0
Scholarship Scheme 4856,High School,All,SC,Christian,No,Yes,No,65.61,High,Yes,0
Scholarship Scheme 4857,Undergraduate,All,SC,Hindu,Yes,No,Yes,84.01,Medium,Yes,0
Scholarship Scheme 4858,Doctorate,All,SC,Hindu,No,Yes,Yes,65.18,Medium,Yes,0
Scholarship Scheme 4859,Doctorate,Female,ST,Hindu,Yes,No,No,86.88,Medium,Yes,0
Scholarship Scheme 4860,Postgraduate,Female,SC,Christian,Yes,Yes,Yes,73.1,High,Yes,0
Scholarship Scheme 4861,High School,All,ST,Muslim,No,Yes,Yes,79.82,Medium,Yes,1
Scholarship Scheme 4862,Postgraduate,Female,ST,Muslim,No,No,No,70.75,High,Yes,1
Scholarship Scheme 4863,High School,Female,ST,Christian,No,No,No,58.08,High,Yes,1
Scholarship Scheme 4864,Undergraduate,Female,OBC,Muslim,Yes,Yes,Yes,58.88,High,Yes,0
Scholarship Scheme 4865,Undergraduate,All,OBC,Muslim,No,Yes,Yes,53.87,Low,Yes,1
Scholarship Scheme 4866,Undergraduate,Male,OBC,Christian,Yes,No,Yes,80.84,Medium,Yes,1
Scholarship Scheme 4867,Undergraduate,Male,ST,Hindu,Yes,Yes,Yes,92.35,Medium,Yes,0
Scholarship Scheme 4868,Doctorate,Male,ST,Christian,No,Yes,No,51.04,Low,Yes,0
Scholarship Scheme 4869,Doctorate,All,General,Hindu,No,No,Yes,53.31,Low,Yes,1
Scholarship Scheme 4870,Postgraduate,Female,ST,Hindu,No,Yes,Yes,72.83,Low,Yes,1
Scholarship Scheme 4871,High School,Female,OBC,Muslim,No,Yes,No,86.81,Low,Yes,1
Scholarship Scheme 4872,Undergraduate,All,ST,Muslim,Yes,No,No,57.87,High,Yes,1
Scholarship Scheme 4873,Undergraduate,All,ST,Hindu,No,Yes,Yes,63.56,Medium,Yes,0
Scholarship Scheme 4874,High School,Male,General,Hindu,Yes,No,No,61.58,Medium,Yes,0
Scholarship Scheme 4875,High School,Male,ST,Muslim,No,No,No,69.91,Medium,Yes,0
Scholarship Scheme 4876,Postgraduate,All,SC,Sikh,No,Yes,No,61.23,High,Yes,1
Scholarship Scheme 4877,High School,Male,General,Hindu,No,Yes,Yes,67.59,Medium,Yes,1
Scholarship Scheme 4878,Undergraduate,Female,ST,Hindu,Yes,No,Yes,86.35,Low,Yes,0
Scholarship Scheme 4879,Undergraduate,All,ST,Hindu,No,No,Yes,80.49,Medium,Yes,0
Scholarship Scheme 4880,Undergraduate,All,General,Muslim,Yes,Yes,No,54.05,Medium,Yes,0
Scholarship Scheme 4881,Undergraduate,Female,ST,Christian,No,No,Yes,81.82,High,Yes,0
Scholarship Scheme 4882,Undergraduate,Female,OBC,Hindu,No,Yes,Yes,73.81,Low,Yes,1
Scholarship Scheme 4883,Postgraduate,Female,SC,Hindu,Yes,No,Yes,96.63,Low,Yes,0
Scholarship Scheme 4884,Undergraduate,Male,SC,Hindu,Yes,No,No,64.44,Low,Yes,0
Scholarship Scheme 4885,Postgraduate,All,OBC,Christian,No,No,Yes,86.24,Medium,Yes,0
Scholarship Scheme 4886,Undergraduate,Male,ST,Christian,No,Yes,Yes,86.47,Low,Yes,0
Scholarship Scheme 4887,Doctorate,Female,ST,Hindu,Yes,No,Yes,61.05,Low,Yes,0
Scholarship Scheme 4888,Doctorate,Male,SC,Hindu,No,No,Yes,95.07,Medium,Yes,0
Scholarship Scheme 4889,Doctorate,Female,ST,Sikh,Yes,No,No,74.51,High,Yes,0
Scholarship Scheme 4890,Doctorate,Male,SC,Christian,No,No,Yes,83.88,Medium,Yes,1
Scholarship Scheme 4891,Postgraduate,Male,SC,Sikh,Yes,Yes,Yes,57.28,High,Yes,1
Scholarship Scheme 4892,Postgraduate,Female,OBC,Hindu,Yes,No,No,62.86,High,Yes,1
Scholarship Scheme 4893,High School,Male,SC,Hindu,Yes,Yes,No,79.25,Low,Yes,1
Scholarship Scheme 4894,Undergraduate,All,ST,Hindu,Yes,No,No,65.92,Low,Yes,1
Scholarship Scheme 4895,Doctorate,Male,ST,Hindu,Yes,No,No,74.93,Medium,Yes,1
Scholarship Scheme 4896,Postgraduate,Male,General,Muslim,No,Yes,No,68.66,High,Yes,0
Scholarship Scheme 4897,Undergraduate,All,ST,Muslim,No,Yes,Yes,81.96,Medium,Yes,0
Scholarship Scheme 4898,Undergraduate,Female,General,Muslim,No,No,No,74.31,Low,Yes,0
Scholarship Scheme 4899,Postgraduate,All,SC,Sikh,No,No,No,50.23,High,Yes,0
Scholarship Scheme 4900,Doctorate,Male,ST,Christian,No,No,No,82.42,Low,Yes,1
Scholarship Scheme 4901,High School,Female,OBC,Hindu,No,Yes,Yes,71.06,Low,Yes,1
Scholarship Scheme 4902,Undergraduate,Male,OBC,Christian,No,No,Yes,67.05,Low,Yes,0
Scholarship Scheme 4903,High School,Male,OBC,Muslim,No,Yes,Yes,54.7,High,Yes,1
Scholarship Scheme 4904,Doctorate,All,SC,Hindu,No,No,No,61.0,High,Yes,0
Scholarship Scheme 4905,Doctorate,All,SC,Hindu,Yes,Yes,Yes,61.17,Low,Yes,1
Scholarship Scheme 4906,High School,Female,General,Sikh,Yes,Yes,No,96.67,High,Yes,1
Scholarship Scheme 4907,Doctorate,Female,OBC,Christian,No,Yes,No,71.58,Low,Yes,1
Scholarship Scheme 4908,Undergraduate,Female,General,Sikh,Yes,No,Yes,52.1,Low,Yes,0
Scholarship Scheme 4909,High School,Male,General,Muslim,No,No,Yes,56.93,Low,Yes,0
Scholarship Scheme 4910,Doctorate,All,ST,Christian,Yes,Yes,Yes,53.94,High,Yes,0
Scholarship Scheme 4911,High School,All,ST,Muslim,Yes,Yes,No,79.38,Medium,Yes,0
Scholarship Scheme 4912,Undergraduate,All,OBC,Sikh,Yes,Yes,Yes,59.31,Medium,Yes,0
Scholarship Scheme 4913,Doctorate,Female,SC,Sikh,No,No,Yes,74.88,High,Yes,1
Scholarship Scheme 4914,Undergraduate,All,ST,Hindu,No,No,Yes,68.47,High,Yes,0
Scholarship Scheme 4915,Doctorate,All,SC,Christian,No,No,Yes,90.11,Low,Yes,0
Scholarship Scheme 4916,Postgraduate,All,General,Christian,No,Yes,Yes,65.99,Low,Yes,0
Scholarship Scheme 4917,Doctorate,Female,General,Hindu,Yes,No,No,72.87,Medium,Yes,0
Scholarship Scheme 4918,High School,All,General,Christian,No,No,No,85.99,Low,Yes,1
Scholarship Scheme 4919,Doctorate,Female,General,Muslim,Yes,No,Yes,71.62,Medium,Yes,0
Scholarship Scheme 4920,Undergraduate,All,OBC,Muslim,No,Yes,No,89.58,Medium,Yes,1
Scholarship Scheme 4921,Undergraduate,All,General,Sikh,Yes,No,No,83.02,High,Yes,0
Scholarship Scheme 4922,Doctorate,All,ST,Muslim,Yes,No,No,70.49,High,Yes,1
Scholarship Scheme 4923,High School,Female,General,Christian,Yes,No,Yes,75.15,High,Yes,0
Scholarship Scheme 4924,Postgraduate,Female,SC,Hindu,Yes,No,No,98.26,Medium,Yes,1
Scholarship Scheme 4925,High School,All,ST,Sikh,No,No,Yes,83.01,High,Yes,0
Scholarship Scheme 4926,Postgraduate,Male,SC,Hindu,No,Yes,No,95.16,Medium,Yes,1
Scholarship Scheme 4927,Undergraduate,Female,SC,Sikh,Yes,Yes,Yes,58.92,High,Yes,1
Scholarship Scheme 4928,High School,Female,OBC,Sikh,No,Yes,No,74.11,Medium,Yes,0
Scholarship Scheme 4929,Postgraduate,All,OBC,Hindu,No,Yes,No,95.34,Low,Yes,0
Scholarship Scheme 4930,Doctorate,Male,SC,Muslim,Yes,No,Yes,66.1,Low,Yes,1
Scholarship Scheme 4931,Undergraduate,All,SC,Muslim,No,No,Yes,98.29,Medium,Yes,0
Scholarship Scheme 4932,Doctorate,Female,General,Muslim,No,Yes,No,54.84,Medium,Yes,1
Scholarship Scheme 4933,Undergraduate,Female,ST,Muslim,No,Yes,Yes,95.04,Low,Yes,1
Scholarship Scheme 4934,High School,All,General,Hindu,Yes,Yes,Yes,72.22,Medium,Yes,0
Scholarship Scheme 4935,High School,All,OBC,Christian,No,No,Yes,53.68,Medium,Yes,0
Scholarship Scheme 4936,Undergraduate,Male,OBC,Sikh,Yes,No,Yes,93.89,Low,Yes,1
Scholarship Scheme 4937,Undergraduate,Male,General,Hindu,Yes,No,No,62.57,Medium,Yes,0
Scholarship Scheme 4938,Undergraduate,Female,ST,Muslim,Yes,Yes,Yes,51.11,High,Yes,0
Scholarship Scheme 4939,High School,Male,SC,Muslim,No,Yes,No,56.78,Low,Yes,1
Scholarship Scheme 4940,Postgraduate,Male,General,Hindu,No,Yes,No,82.89,High,Yes,0
Scholarship Scheme 4941,Doctorate,Female,OBC,Sikh,No,No,Yes,98.79,Medium,Yes,1
Scholarship Scheme 4942,Doctorate,Female,ST,Hindu,Yes,No,Yes,55.56,Medium,Yes,0
Scholarship Scheme 4943,High School,Female,OBC,Hindu,No,Yes,Yes,73.05,High,Yes,0
Scholarship Scheme 4944,Doctorate,Female,ST,Christian,Yes,Yes,Yes,59.01,Medium,Yes,0
Scholarship Scheme 4945,Undergraduate,All,ST,Hindu,No,No,No,87.18,Medium,Yes,0
Scholarship Scheme 4946,Postgraduate,Female,ST,Christian,Yes,No,No,55.89,High,Yes,0
Scholarship Scheme 4947,Doctorate,Female,General,Sikh,No,Yes,Yes,61.97,Medium,Yes,1
Scholarship Scheme 4948,Postgraduate,Female,General,Hindu,No,Yes,No,59.8,Low,Yes,1
Scholarship Scheme 4949,Undergraduate,Male,General,Hindu,No,No,Yes,77.57,High,Yes,1
Scholarship Scheme 4950,Doctorate,Female,ST,Muslim,Yes,Yes,No,93.57,High,Yes,0
Scholarship Scheme 4951,High School,All,ST,Hindu,Yes,Yes,No,75.5,High,Yes,0
Scholarship Scheme 4952,Postgraduate,All,OBC,Muslim,No,No,No,52.91,High,Yes,1
Scholarship Scheme 4953,Undergraduate,Female,SC,Muslim,Yes,Yes,Yes,78.11,Low,Yes,0
Scholarship Scheme 4954,Postgraduate,All,General,Muslim,Yes,No,Yes,89.8,High,Yes,0
Scholarship Scheme 4955,Doctorate,Male,ST,Sikh,Yes,Yes,No,56.59,High,Yes,0
Scholarship Scheme 4956,Doctorate,Female,OBC,Christian,No,No,Yes,53.63,Medium,Yes,0
Scholarship Scheme 4957,High School,All,OBC,Muslim,No,Yes,Yes,59.37,High,Yes,0
Scholarship Scheme 4958,Undergraduate,All,OBC,Hindu,No,Yes,No,87.23,Medium,Yes,1
Scholarship Scheme 4959,Undergraduate,Female,General,Hindu,Yes,Yes,Yes,79.52,High,Yes,1
Scholarship Scheme 4960,High School,All,General,Muslim,No,No,Yes,76.98,High,Yes,0
Scholarship Scheme 4961,High School,Female,SC,Muslim,Yes,Yes,No,62.45,Low,Yes,1
Scholarship Scheme 4962,Undergraduate,All,OBC,Hindu,Yes,Yes,No,66.58,Medium,Yes,0
Scholarship Scheme 4963,Postgraduate,Male,General,Muslim,No,No,No,98.2,Low,Yes,0
Scholarship Scheme 4964,Postgraduate,All,OBC,Christian,No,Yes,No,62.01,Medium,Yes,1
Scholarship Scheme 4965,High School,All,ST,Christian,No,No,Yes,94.99,High,Yes,0
Scholarship Scheme 4966,Postgraduate,Female,OBC,Sikh,Yes,No,Yes,78.97,Low,Yes,0
Scholarship Scheme 4967,Undergraduate,All,SC,Muslim,Yes,No,No,56.15,Medium,Yes,1
Scholarship Scheme 4968,Doctorate,Female,General,Sikh,No,Yes,No,73.32,Medium,Yes,1
Scholarship Scheme 4969,Doctorate,Male,ST,Sikh,Yes,No,Yes,97.33,Low,Yes,1
Scholarship Scheme 4970,Postgraduate,Female,General,Sikh,No,Yes,Yes,70.89,Medium,Yes,0
Scholarship Scheme 4971,High School,Female,ST,Muslim,No,No,Yes,93.08,High,Yes,0
Scholarship Scheme 4972,High School,All,OBC,Sikh,No,Yes,No,62.8,Medium,Yes,0
Scholarship Scheme 4973,High School,Male,OBC,Christian,No,No,No,78.49,High,Yes,0
Scholarship Scheme 4974,High School,Female,SC,Sikh,No,No,No,92.11,Medium,Yes,1
Scholarship Scheme 4975,High School,All,SC,Christian,No,Yes,No,95.94,Low,Yes,1
Scholarship Scheme 4976,Postgraduate,All,ST,Christian,Yes,No,Yes,74.24,High,Yes,0
Scholarship Scheme 4977,Doctorate,Female,SC,Muslim,Yes,Yes,No,81.92,Medium,Yes,1
Scholarship Scheme 4978,Doctorate,All,SC,Sikh,No,No,No,50.15,High,Yes,0
Scholarship Scheme 4979,Postgraduate,Female,SC,Muslim,No,Yes,Yes,62.64,Low,Yes,1
Scholarship Scheme 4980,High School,Female,SC,Christian,Yes,No,No,63.91,Medium,Yes,0
Scholarship Scheme 4981,Postgraduate,Female,OBC,Hindu,Yes,No,Yes,54.67,Medium,Yes,0
Scholarship Scheme 4982,Doctorate,Male,SC,Sikh,No,Yes,No,63.96,High,Yes,0
Scholarship Scheme 4983,Undergraduate,Female,OBC,Muslim,No,No,Yes,66.02,Low,Yes,1
Scholarship Scheme 4984,Postgraduate,All,OBC,Hindu,Yes,Yes,Yes,98.34,Low,Yes,0
Scholarship Scheme 4985,High School,Male,General,Sikh,No,Yes,Yes,83.36,Medium,Yes,0
Scholarship Scheme 4986,Doctorate,All,OBC,Sikh,Yes,No,No,71.26,High,Yes,0
Scholarship Scheme 4987,Doctorate,Male,OBC,Muslim,No,No,No,99.3,Medium,Yes,0
Scholarship Scheme 4988,Doctorate,Male,SC,Hindu,Yes,No,No,57.65,Medium,Yes,0
Scholarship Scheme 4989,Doctorate,Male,OBC,Muslim,No,Yes,No,73.75,High,Yes,1
Scholarship Scheme 4990,High School,Male,ST,Sikh,No,Yes,No,82.29,Low,Yes,0
Scholarship Scheme 4991,Undergraduate,All,SC,Sikh,No,No,No,52.77,Medium,Yes,1
Scholarship Scheme 4992,Doctorate,Female,SC,Christian,Yes,Yes,Yes,85.78,Medium,Yes,0
Scholarship Scheme 4993,Postgraduate,All,SC,Sikh,No,No,No,54.98,High,Yes,0
Scholarship Scheme 4994,Undergraduate,Female,General,Sikh,Yes,No,No,57.0,High,Yes,0
Scholarship Scheme 4995,Doctorate,All,SC,Hindu,Yes,No,Yes,57.97,Medium,Yes,1
Scholarship Scheme 4996,Undergraduate,Male,OBC,Hindu,Yes,Yes,Yes,96.35,Low,Yes,0
Scholarship Scheme 4997,Postgraduate,Male,ST,Christian,Yes,Yes,No,84.09,High,Yes,0
Scholarship Scheme 4998,Doctorate,Female,SC,Christian,No,No,Yes,82.71,Medium,Yes,1
Scholarship Scheme 4999,Postgraduate,Female,SC,Christian,No,Yes,No,77.72,Low,Yes,1
Scholarship Scheme 5000,High School,All,ST,Muslim,No,No,Yes,64.61,High,Yes,1
